tree
version=v4
num_class=1
num_tree_per_iteration=1
label_index=0
max_feature_idx=93
objective=binary sigmoid:1
feature_names=return_1h return_2h return_3h return_5h return_8h return_13h return_21h gap_1h candle_range_pct body_ratio body_signed_ratio upper_shadow_ratio lower_shadow_ratio close_location_value dist_from_high_20h dist_from_low_20h range_position_20h dist_from_high_50h dist_from_low_50h range_position_50h dist_from_high_100h dist_from_low_100h range_position_100h bb_percent_b bb_width donchian_pos_20 donchian_width_20 donchian_pos_50 donchian_width_50 ema_5 dist_ema_5 ema_10 dist_ema_10 ema_20 dist_ema_20 ema_50 dist_ema_50 ema_100 dist_ema_100 ema_200 dist_ema_200 ema_spread_5_20 ema_spread_10_50 ema_spread_20_50 ema_spread_20_200 ema_spread_50_200 atr_7 natr_7 atr_14 natr_14 atr_28 natr_28 volatility_std_20 volatility_std_5 volatility_ratio_5_20 rsi_7 rsi_14 rsi_28 roc_3 roc_6 roc_12 roc_24 macd macd_signal macd_hist macd_hist_pct_price stoch_k stoch_d williams_r vol_ratio_5 vol_ratio_20 vol_ratio_50 turnover_est log_turnover obv obv_slope_5 obv_slope_20 obv_slope_50 bullish_rejection_score bearish_rejection_score price_slope_5 price_slope_10 price_slope_20 price_slope_50 momentum_accel reversal_score_raw hour day_of_week hour_sin hour_cos dow_sin dow_cos is_friday is_late_session
feature_infos=[-0.53968253968253976:1.2585227272727271] [-0.53968253968253976:1.5255474452554743] [-0.53968253968253976:1.5255474452554743] [-0.54148471615720517:1.5255474452554743] [-0.5873362445414847:2] [-0.62445414847161573:2.3592233009708736] [-0.70192307692307687:3.4000000000000004] [-0.54603174603246662:1.2585227272663109] [0.00040016006402553015:0.51832460732712926] [0:1] [-1:1] [0:1] [0:1] [0:0.99999999999896905] [-0.66071428571580038:-1.0136336214827679e-13] [-2.000000165480742e-10:3.3999999999120005] [0:0.99999999999971056] [-0.79754601227055966:-1.0313971898767704e-13] [-2.000000165480742e-10:4.9179687499768834] [0:0.99999999999984424] [-0.84355828220906881:-1.0313971898767704e-13] [-2.000000165480742e-10:10.185185185102332] [0:0.99999999999986044] [-0.56213228915506253:1.5621322892687375] [0:2.1541914108308249] [0:0.99999999999971056] [0:1.9736842105003463] [0:0.99999999999984424] [0:3.9393939393342512] [5.1519734460190527:10355.017037988995] [-0.4258374324271057:0.62478950051474103] [5.583992997998279:10249.720673417291] [-0.45660866200405603:0.90889060631651675] [6.2613972341461741:10183.866596197091] [-0.46862955323433775:1.2339189786482918] [7.2539212806866376:10031.371001358133] [-0.58407396646715382:1.7740574909059244] [7.4184763737979527:9888.7018101486574] [-0.64150236692123142:2.0986619312309545] [7.6118779612075063:9710.0281930356632] [-0.75310479992599688:2.7081677025508601] [-0.32766678570742636:0.55735129449800858] [-0.45191731770828802:0.73065300891377927] [-0.32761860379834817:0.42538448676140805] [-0.64872286398528844:1.6523199357273324] [-0.54224406475493026:1.0244938688549126] [0:657.14285714285711] [0:0.32561576354567523] [0:580.35714285714289] [0:0.22635467980217513] [0:493.57142857142856] [0:0.18703007518550899] [0:0.28908535206662794] [0:0.56282847388204926] [0:2.1794396852379965] [0:99.999999999758614] [0:99.999999999668646] [0:99.999999999408033] [-0.53968253968253976:1.5255474452554743] [-0.54148471615720517:1.5255474452554743] [-0.62445414847161573:2.3592233009708736] [-0.69230769230769229:3.4660194174757279] [-692.35658303225773:931.16151640424687] [-590.73470735250601:900.26595755881885] [-323.60834192411551:268.36417013366179] [-0.13653687591161129:0.073517841039105594] [0:99.99999999996605] [0:99.999999999965581] [-99.999999999972786:0] [0:5] [0:19.953605825154533] [0:49.629451948054331] [0:2103652080000] [0:28.374696035914084] [-2735973900:10064338595] [-1796.0249999953305:377.91644325284972] [-1518.2406014531491:1733.6654135266085] [-252.26249143654022:413.42510957631157] [0:19.346199045938576] [0:19.78327275071933] [-0.23584905660319375:0.27610536218117604] [-0.11034817369620456:0.13114139852908796] [-0.065512745877542355:0.076250726983981498] [-0.033242613815483199:0.039705697093460779] [-1.5580994017487344:0.67367268746579101] [5.1569859493838521e-14:2.390778170982057] [9:16] [0:4] [-0.86602540378443849:0.70710678118654757] [-1:-0.50000000000000044] [-0.95105651629515364:0.95105651629515353] [-0.80901699437494734:1] [0:1] [0:1]
tree_sizes=3420 3545 3534 3541 3539 3565 3553 3535 3549 3536 3569 3555 3566 3554 3538 3542 3565 3580 3582 3565 3556 3577 3562 3564 3557 3564 3589 3546 3559 3580 3561 3565 3556 3573 3571 3554 3562 3590 3552 3579 3582 3560 3569 3570 3559 3576 3555 3544 3574 3528 3560 3577 3577 3578 3571 3568 3593 3586 3573 3577 3581 3583 3575 3589 3601 3587 3561 3579 3574 3564 3575 3556 3574 3573 3577 3569 3574 3565 3589 3575 3554 3579 3533 3585 3581 3551 3592 3545 3584 3594 3572 3591 3572 3582 3580 3587 3545 3585 3595 3573 3587 3565 3570 3568 3574 3590 3587 3589 3569 3576 3554 3587 3574 3574 3550 3568 3549 3586 3592 3585 3582 3557 3533 3590 3566 3560 3563 3564 3581 3572 3560 3576 3558 3597 3560 3583 3554 3584 3540 3555 3593 3589 3548 3610 3570 3552 3565 3543 3598 3550 3583 3575 3552 3594 3567 3571 3555 3608 3574 3554 3567 3591 3597 3586 3602 3592 3096 3559 3580 3553 3589 3552 3575 3562 3525 3585 3579 3590 3582 3565 3575 3587 3578 3550 3587 3562 3567 3561 3601 3576 3550 3575 3567 3588 3579 3559 3541 3545 3575 3591 3590 3563 3581 3569 3560 2988 3564 3574 3592 3587 3596 3582 3576 3587 3544 3565

Tree=0
num_leaves=31
num_cat=0
split_feature=67 31 13 81 24 13 15 53 31 31 26 31 43 22 38 18 70 21 72 17 14 32 34 57 57 86 53 86 38 72
split_gain=5300.35 3376.47 1669.7 1338.01 815.424 645.093 585.037 372.705 312.713 252.271 242.849 191.072 171.622 165.518 150.026 146.288 145.185 143.862 130.87 120.003 119.829 114.884 107.176 88.6407 83.8397 80.7397 78.9028 76.7261 66.5513 55.5059
threshold=99.99999995166668 25.921040397329136 0.99999999886999602 0.010449320793530562 0.050793448334142663 0.09999999999816668 -7.4175832143197327e-11 0.020588165282570955 83.617435733184038 84.386000267643794 0.019607843136966552 9.9471918353679509 0.020486422050633005 0.97674418604499746 -0.032143597517518933 0.08823529410431076 1.0567721100629137 0.11023622047016803 800750.00000000012 -0.090909090971074344 -0.08450704226319182 -0.014198327437430601 0.036677838469084907 23.71613521908051 99.999999669444463 14.500000000000002 0.021720184355283129 14.500000000000002 -0.036500690568544263 605492800.00000012
decision_type=10 2 10 10 8 10 10 8 2 2 10 2 2 8 2 10 8 10 2 10 10 2 2 10 8 2 10 2 2 2
left_child=1 6 4 15 10 7 14 21 -7 -4 -3 12 -8 -5 -1 -2 -9 19 20 -12 28 -6 -11 -22 26 -10 27 -15 -13 -28
right_child=3 2 9 13 5 8 11 16 25 22 17 18 -14 24 -16 -17 -18 -19 -20 -21 23 -23 -24 -25 -26 -27 29 -29 -30 -31
leaf_value=-1.1301183769028142 -1.2514143795994157 -1.2633260544058655 -1.2694795413689073 -1.1774477591607153 -1.2231581482457419 -1.257492762595293 -1.2479237551746751 -1.2206376957123832 -1.2387588072573217 -1.2550124062554273 -1.2355275227878579 -1.1574163990053585 -1.156229561256469 -1.2202653005926276 -1.1818443631006408 -1.2073481253314824 -1.2030331633262143 -1.2327676671648777 -1.1804638007514539 -1.2488952587027113 -1.2575215647888982 -1.2342783666420745 -1.2331506522583846 -1.2082966733877112 -1.1247634951998244 -1.2281959101654929 -1.1395381105146549 -1.1517230855804064 -1.208991624633531 -1.1796067984875627
leaf_weight=159.50208747386932 112.03538310527802 678.145636677742 1260.8343347907066 147.46090143918991 1152.1146405935287 784.77121156454086 111.86087316274643 1544.587501347065 4228.5504174828529 2602.2922630310059 737.82803702354431 62.82357931137085 20.941193103790283 28.096100747585297 79.40202385187149 168.57660448551178 581.8161484003067 826.30457788705826 354.77871316671371 3353.0340358018875 35.949048161506653 3045.1984971761703 218.3119381070137 313.76887667179108 204.17663276195526 768.71629685163498 302.07671052217484 31.411789655685425 37.345127701759338 40.660816609859467
leaf_count=914 642 3886 7225 845 6602 4497 641 8851 24231 14912 4228 360 120 161 455 966 3334 4735 2033 19214 206 17450 1251 1798 1170 4405 1731 180 214 233
internal_value=-1.23536 -1.23835 -1.24102 -1.16896 -1.23704 -1.23266 -1.18887 -1.22604 -1.2399 -1.25832 -1.24651 -1.19962 -1.233 -1.14817 -1.147 -1.22495 -1.21581 -1.24418 -1.19412 -1.24649 -1.205 -1.23122 -1.25332 -1.21341 -1.14116 -1.23713 -1.14975 -1.18325 -1.17616 -1.14411
internal_weight=23993.4 22958.9 21782.5 1034.49 17701.1 12105.8 1176.37 6323.72 5782.04 4081.44 5595.31 937.467 132.802 753.883 238.904 280.612 2126.4 4917.17 804.665 4090.86 449.887 4197.31 2820.6 349.718 606.422 4997.27 402.245 59.5079 100.169 342.738
internal_count=137490 131562 124821 5928 101433 69370 6741 36237 33133 23388 32063 5372 761 4320 1369 1608 12185 28177 4611 23442 2578 24052 16163 2004 3475 28636 2305 341 574 1964
is_linear=0
shrinkage=1


Tree=1
num_leaves=31
num_cat=0
split_feature=39 16 13 28 22 15 52 13 29 26 3 0 29 28 57 29 3 7 66 30 52 52 38 0 21 27 77 54 86 77
split_gain=4576.9 2941.36 1607.18 983.216 626.693 713.246 601.961 545.728 303.787 229.141 222.899 236.503 222.653 214.219 202.957 161.039 146.46 145.449 133.355 120.776 118.804 142.502 110.845 107.982 100.73 98.1775 93.6431 73.1573 71.1866 65.0573
threshold=34.970584008979522 0.99999999991987187 0.99999999886999602 0.11594202898424703 0.99999999925000005 -7.4175832143197327e-11 0.022693781959415137 0.068965517239595736 83.478459332926548 0.12999999999902503 0.083435708435708369 -0.030763164280514451 83.478459332926548 0.039215686274189421 99.999998833333365 25.904060347848031 0.048422640097755217 -3.9230785287003294e-11 99.99999997559523 -0.012704535129477166 0.013620947063339677 0.048152567090143893 -0.032143597517518933 0.0034494657433187252 0.11023622047016803 0.11999999999640003 0.021421077897451301 0.78596505499372704 14.500000000000002 0.0049372067021696596
decision_type=2 10 10 8 10 8 8 10 2 8 10 10 2 10 8 2 10 10 8 2 8 10 2 10 10 8 10 10 2 10
left_child=4 2 3 13 5 22 -3 10 -9 17 11 -5 -4 -2 23 25 29 20 -12 -15 -7 -22 -1 -8 -21 -11 -27 -17 -10 -6
right_child=1 6 12 7 16 9 14 8 28 15 18 -13 -14 19 -16 27 -18 -19 -20 24 21 -23 -24 -25 -26 26 -28 -29 -30 -31
leaf_value=0.096788159154743411 -0.025257120310046136 0.0050491807972590369 -0.034158972145269917 0.033475855704510352 0.057510934376144698 -0.012568857840570527 0.071904849410379321 -0.021352362138698334 -0.0024380243909916184 0.081899959287494661 0.021059272856070364 0.0068719308156864455 -0.018720861588330528 0.010713230933384089 0.10201475686517233 0.0099120310629820362 0.087457059867036779 0.0029042693472968208 0.072460478048524166 -0.012597847389170205 0.039084570751866936 -0.012029795755118798 0.045109211922013358 0.036888293777598169 0.00054357182343563344 0.049433125152566246 -0.001504764437095384 0.035468736903001431 0.0074566662085192113 -0.0014941569233576331
leaf_weight=164.7900049239397 962.33331255614758 153.34385676681995 1215.892152428627 319.09567227959633 57.790299147367477 58.908273726701736 245.02737808227539 751.49847146868706 4224.0969331264496 77.53592611849308 117.67920017242432 5019.6683531701565 2749.9025554955006 245.45901277661324 152.49893943965435 173.82582211494446 272.23766730725765 398.79165115952492 74.544542118906975 3948.8991486281157 383.5083761960268 55.707198053598404 52.091804444789886 123.15233671665192 604.81576672196388 313.00132066011429 36.037393167614937 243.75162780284882 773.25072671473026 23.348791345953941
leaf_count=893 5581 879 7099 1809 325 336 1355 4354 24246 430 667 28661 15920 1406 825 988 1492 2270 415 22741 2157 320 290 693 3463 1748 202 1377 4416 132
internal_value=-4.13548e-06 -0.00428309 -0.00626364 -0.00225992 0.0401173 0.0334465 0.0573578 0.00288997 -0.00358187 0.0270211 0.0096167 0.00846857 -0.0234623 -0.0123416 0.0727181 0.0382397 0.0768709 0.0164284 0.0412801 -0.00974643 0.0272221 0.0325821 0.0846534 0.0603319 -0.010852 0.0512154 0.0441761 0.0248865 -0.000905211 0.0406835
internal_weight=23992.5 21681.2 21007.1 17041.3 2311.33 1957.95 674.023 11279.8 5748.85 1741.07 5530.99 5338.76 3965.79 5761.51 520.679 844.152 353.377 896.915 192.224 4799.17 498.124 439.216 216.882 368.18 4553.71 426.575 349.039 417.577 4997.35 81.1391
internal_count=137490 124530 120778 97759 12960 11011 3752 64568 33016 9828 31552 30470 23019 33191 2873 4745 1949 5083 1082 27610 2813 2477 1183 2048 26204 2380 1950 2365 28662 457
is_linear=0
shrinkage=0.03


Tree=2
num_leaves=31
num_cat=0
split_feature=67 29 13 81 28 13 15 29 29 0 3 28 29 28 18 18 20 0 38 34 74 20 86 74 14 52 57 32 17 19
split_gain=4442.65 2937.09 1523.84 1014.81 1010.73 582.161 429.225 291.814 249.767 220.216 221.222 210.359 183.305 146.458 129.343 128.034 116.609 110.843 102.404 100.967 98.9842 96.606 66.8287 60.3422 59.5214 54.4865 52.6973 51.6568 51.0502 42.0609
threshold=99.99999995166668 25.904060347848031 0.99999999886999602 0.010449320793530562 0.11594202898424703 0.068965517239595736 -7.4175832143197327e-11 83.478459332926548 83.478459332926548 -0.037625981730542317 0.06743220534449236 0.039215686274189421 9.9698221580965534 0.083333333333001913 0.08823529410431076 0.16470588234266439 -0.013333333338266638 -0.019580457881476606 -0.032143597517518933 0.036677838469084907 29108600.000000004 -3.7749303682943485e-11 14.500000000000002 81635700.000000015 -0.11235955056927786 0.031072905699307238 61.290322578512821 0.011402514140148591 -0.090909090971074344 0.33333333325000003
decision_type=10 2 10 10 8 10 10 2 2 10 8 10 2 8 10 10 8 10 2 2 2 8 2 2 10 8 10 2 8 10
left_child=1 6 4 14 11 9 18 -7 -4 26 -11 -3 15 -14 -2 27 -5 -13 -1 -10 -19 24 -9 25 -15 -18 -6 -8 -20 -23
right_child=3 2 8 16 5 7 12 22 19 10 -12 17 13 21 -16 -17 23 20 28 -21 -22 29 -24 -25 -26 -27 -28 -29 -30 -31
leaf_value=0.089281823519758691 -0.015478778766909347 -0.024838590571245978 -0.033735371359692234 0.051671751737428245 0.041194451996105878 -0.020991066083607551 0.023993188032183865 -0.0023681271848832518 -0.01895580929361312 0.0070131290367448015 0.031080772309176146 0.010555809811482828 -0.012337153651999231 0.061582269627408544 0.02594197485588156 0.054297806880780654 0.066192137653445185 -0.013621917258519989 0.020602444294258785 0.0020819335523074331 -0.0043747758552685583 0.027058761139921676 0.0072034471213328448 0.058665057778470545 0.04006011618729572 0.090434013648259759 0.0075660290123697608 -0.02707835541244635 0.068479844827562239 -0.014557031702409094
leaf_weight=176.82604107260704 110.33268712460995 947.60938693583012 1184.1120571047068 155.70113039016724 238.62219482660294 745.34562343358994 21.921694815158844 4218.4266074150801 2573.5901273936033 5478.9635403901339 365.96450951695442 237.72781842947006 48.607050582766533 152.92329190671444 172.86203859746456 29.136396422982216 122.92447164654732 3004.1255015432835 36.965915456414223 222.62854148447514 1598.3466069251299 59.173488944768906 776.40555214881897 101.66593493521214 555.09539459645748 438.35735215246677 51.7324428409338 80.389676555991173 46.780578970909119 33.428367152810097
leaf_count=914 642 5574 7049 844 1328 4370 123 24246 15063 31144 2043 1362 271 824 966 160 652 17381 201 1276 9245 327 4416 538 3055 2286 288 463 254 185
internal_value=-7.79096e-06 -0.002842 -0.00541664 0.058804 -0.0016372 0.0033726 0.0420178 -0.00349384 -0.022183 0.00979686 0.00852563 -0.0119157 0.0328588 0.037956 0.00979621 -8.7535e-05 0.075721 -0.0093804 0.0762191 -0.0172796 -0.0104129 0.0410247 -0.00087856 0.0812783 0.0447932 0.0852574 0.0352597 -0.0159802 0.0478745 0.0120088
internal_weight=23986.7 22884.8 21643.6 1101.84 17663.3 11875.5 1241.25 5740.18 3980.33 6135.28 5844.93 5787.81 980.675 849.228 283.195 131.448 818.649 4840.2 260.573 2796.22 4602.47 800.621 4994.83 662.948 708.019 561.282 290.355 102.311 83.7465 92.6019
internal_count=137490 131562 124785 5928 101397 67835 6777 33032 23388 34803 33187 33562 5408 4662 1608 746 4320 27988 1369 16339 26626 4391 28662 3476 3879 2938 1616 586 455 512
is_linear=0
shrinkage=0.03


Tree=3
num_leaves=31
num_cat=0
split_feature=67 29 13 60 24 13 15 53 29 29 26 53 29 55 21 18 86 17 18 32 73 30 32 38 86 20 15 38 77 21
split_gain=4067.49 2717.31 1458.45 811.725 699.204 530.479 376.948 299.501 277.19 245.477 223.064 173.143 166.15 132.607 128.757 118.393 111.88 103.994 101.082 99.6521 98.2531 105.693 97.2762 87.4262 71.6479 65.624 57.5437 53.7017 53.1368 52.5218
threshold=99.99999995166668 25.904060347848031 0.99999999886999602 0.088896429514006683 0.050793448334142663 0.09999999999816668 -7.4175832143197327e-11 0.020588165282570955 83.478459332926548 83.478459332926548 0.019607843136966552 0.021492022910017925 9.9698221580965534 99.999999784458197 0.11023622047016803 0.16470588234266439 14.500000000000002 -0.072000000005567985 0.08823529410431076 -0.014198327437430601 13.593305314350387 -0.0067615554913271194 0.052891145193868845 -0.032143597517518933 13.500000000000002 -0.013333333338266638 0.041322314043132365 0.069109568411575464 0.022502556544396757 0.43023255813094247
decision_type=10 2 10 10 8 10 10 8 2 2 10 10 2 10 10 10 2 10 10 2 2 2 2 2 2 8 10 2 8 8
left_child=1 6 4 18 10 7 23 19 -7 -4 -3 16 15 -9 17 -8 -5 -12 -2 -6 21 -14 -11 -1 -10 -13 -23 -16 -22 -20
right_child=3 2 9 11 5 8 12 13 24 22 14 25 20 -15 27 -17 -18 -19 29 -21 28 26 -24 -25 -26 -27 -28 -29 -30 -31
leaf_value=0.083112886449969864 -0.014830043778566747 -0.026931928221320248 -0.03337836984712618 0.015362099009253248 0.011169913296291377 -0.021193966673642824 -0.015646284964202777 0.016171981728580316 -0.0041325643948063413 -0.017921292153986194 -0.0030578226564581829 0.054208014650905002 0.04905418485990052 0.062180994597145614 -0.00040446773202662827 0.051308702937234378 0.065941255459613046 -0.013599089933196093 0.011404703359205135 0.00086168778891654286 0.050870985503108812 -0.0043992855448306053 0.014816292453300734 0.045367485599287272 0.0035335110880698665 0.079177426453520744 0.024605219808976668 0.022360144641895497 0.01254776048722479 0.051466786027956492
leaf_weight=184.2067599594593 106.45857548713684 651.43992477655411 1161.2310991287231 82.461634799838066 1165.2961462885141 749.11686126887798 101.38843575119972 2118.9317653924227 3364.9272785633802 2685.5819458216429 1202.070924565196 125.24198342859745 136.60787408053875 57.123268499970436 720.96386973559856 29.954040691256523 76.078914850950241 2825.0790435224771 96.505477204918861 3058.1031134128571 353.36418002843857 80.10583807528019 83.432778745889664 85.767937734723091 1626.6381270736456 604.23347559571266 258.77969400584698 106.0757449567318 36.943824946880341 42.110048308968544
leaf_count=914 624 3886 7049 447 6588 4442 586 11838 19386 15866 6910 662 732 311 4129 160 392 16532 531 17464 1879 444 473 455 9305 3045 1408 606 199 227
internal_value=-1.10467e-05 -0.00276421 -0.00527251 0.0554437 -0.00159081 0.00243062 0.0399143 0.00836973 -0.00418981 -0.021797 -0.0104576 0.0687704 0.0313387 0.0174091 -0.00824101 -8.1508e-05 0.0399135 -0.0104549 0.00705942 0.00370856 0.0361032 0.0268322 -0.0169288 0.0713443 -0.00163356 0.0749747 0.0177475 0.00253517 0.0472926 0.0238781
internal_weight=23976.2 22843.1 21576 1133.09 17645.8 12140.1 1267.12 6399.45 5740.68 3930.25 5505.63 888.016 997.144 2176.06 4854.19 131.342 158.541 4027.15 245.074 4223.4 865.801 475.493 2769.01 269.975 4991.57 729.475 338.886 827.04 390.308 138.616
internal_count=137490 131562 124785 5928 101397 69334 6777 36201 33133 23388 32063 4546 5408 12149 28177 746 839 23442 1382 24052 4662 2584 16339 1369 28691 3707 1852 4735 2078 758
is_linear=0
shrinkage=0.03


Tree=4
num_leaves=31
num_cat=0
split_feature=67 29 13 28 81 13 15 29 53 29 28 29 52 55 0 28 40 74 38 22 20 43 28 71 7 86 72 23 16 74
split_gain=3736.03 2518.36 1395.73 919.348 796.396 515.447 334.019 267.386 259.343 241.347 196.642 151.042 129.77 115.721 103.497 100.168 96.7013 94.8568 89.5158 102.335 87.0343 85.3751 82.7922 72.8105 70.0359 60.5209 55.0141 51.1978 48.2685 45.6233
threshold=99.99999995166668 25.904060347848031 0.99999999886999602 0.11594202898424703 0.010449320793530562 0.068965517239595736 -7.4175832143197327e-11 83.478459332926548 0.02036937049818301 83.478459332926548 0.039215686274189421 9.9698221580965534 0.013620947063339677 99.99999983339994 -0.019580457881476606 0.11688311688197843 0.15002496021746373 29108600.000000004 -0.032850840488948145 0.79999999988000015 -0.013333333338266638 0.017631223207269623 0.37037037036882725 0.24100869583627862 -1.1805556532351599e-10 14.500000000000002 807346750.00000012 0.65951936703593128 0.92857142856899666 -3080949.9999999995
decision_type=10 2 10 8 10 10 10 2 8 2 10 2 8 10 10 10 2 2 2 10 8 2 10 10 10 2 2 10 10 2
left_child=1 6 3 10 15 8 22 -7 23 -4 -3 21 -13 -10 -12 -2 -11 -16 -14 -20 -6 27 24 -5 -1 -9 29 -8 -18 -22
right_child=4 2 9 5 20 7 11 25 13 16 14 12 18 -15 17 -17 28 -19 19 -21 26 -23 -24 -25 -26 -27 -28 -29 -30 -31
leaf_value=0.091667885361234394 -0.012541389659973612 -0.02410746157227478 -0.033030596696859184 0.0014743561418610535 0.046306768732495528 -0.020258180781673362 0.011355982244149449 -0.0022350071949974412 0.016741988433439568 -0.018257334290845275 0.010223320216869685 -0.0088569306349535002 0.049822885409456334 0.06269811853670125 -0.013159949582553601 0.023497748632068952 -0.0067287495000705969 -0.0040714370836561582 0.022831644265725218 0.057865934899581202 0.086760383319349002 0.046384157575459904 0.018642786304450317 0.0095533360095158091 0.058188436287424587 0.0068539381058676492 0.043867286083687215 -0.030707348193773142 0.023648451552121114 0.068233441191971819
leaf_weight=105.54324352741241 115.35294613242149 922.98317632079124 1138.6073076575994 2401.5143606364727 163.53482763469219 728.40465393662453 45.160829037427902 4207.6181034892797 2013.8545060157776 2519.7392087429762 238.93045684695244 57.852349206805229 322.6089828312397 49.763208314776421 2969.6606691032648 171.16833694279194 156.4543035775423 1588.524440959096 408.74716287851334 92.130133897066116 195.43077117204666 27.069716989994049 29.482226580381393 1726.0883341580629 143.46203266084194 780.77714708447456 65.979525372385979 58.995083853602409 66.137310534715652 449.99897031486034
leaf_count=510 675 5574 7049 13624 844 4370 258 24246 11141 15040 1362 324 1683 262 17381 933 926 9245 2174 481 947 142 147 9776 712 4416 326 346 373 2203
internal_value=-1.37833e-05 -0.00268853 -0.00513204 -0.00154567 0.0524474 0.0032025 0.0379907 -0.00329225 0.00919962 -0.0214168 -0.0114297 0.0299301 0.0343963 0.0178815 -0.0089853 0.00898487 -0.0165834 -0.00999485 0.0374456 0.0293842 0.0666503 -7.6371e-05 0.0670759 0.00485506 0.0727009 -0.000810727 0.0712509 -0.0125061 0.00234903 0.0739734
internal_weight=23961.6 22800.1 21509.1 17628.1 1161.47 11908 1291.05 5716.8 6191.22 3880.94 5720.1 1012.56 881.339 2063.62 4797.12 286.521 2742.33 4558.19 823.486 500.877 874.944 131.226 278.488 4127.6 249.005 4988.4 711.409 104.156 222.592 645.43
internal_count=137490 131562 124785 101397 5928 67835 6777 33032 34803 23388 33562 5408 4662 11403 27988 1608 16339 26626 4338 2655 4320 746 1369 23400 1222 28662 3476 604 1299 3150
is_linear=0
shrinkage=0.03


Tree=5
num_leaves=31
num_cat=0
split_feature=67 39 24 81 10 15 31 0 50 52 7 30 55 40 11 11 34 45 18 21 11 38 72 7 42 21 22 74 62 51
split_gain=3441.26 2339.81 769.187 710.466 649.15 440.973 364.902 307.371 276.638 159.431 158.749 135.54 130.838 123.015 122.138 113.694 109.007 126.78 106.095 105.455 97.737 93.2388 90.9451 83.5693 81.4646 80.3866 79.2479 76.7295 73.1907 66.1868
threshold=99.99999995166668 34.970584008979522 0.061568149643176154 0.010449320793530562 -0.59761904761904749 -6.0661753398250072e-11 85.191381248437338 -1.0000000180025095e-35 3.3694686889648442 0.013414653309144238 -3.9230785287003294e-11 -9.983730508977827e-11 99.999999784458197 -0.067366242006653629 1.0000000180025095e-35 0.46770833333333339 -0.024974202611613257 0.077525747163643924 0.08823529410431076 0.20224719100279323 0.038967611336032396 -0.032143597517518933 10628250.000000002 -0.01724137932305286 0.13249120717909682 0.11273093052163098 0.99999999925000005 102945400.00000001 -0.40544103054797626 0.012050832602924395
decision_type=10 2 8 10 10 8 2 10 10 8 10 2 10 2 10 10 2 2 10 10 8 2 2 10 2 10 10 2 2 8
left_child=1 5 7 18 12 21 15 29 11 -7 13 -9 16 -11 -8 -6 23 -18 -2 -13 -10 -1 28 -4 -5 -22 -15 -26 -12 -3
right_child=3 2 4 24 6 9 14 8 20 10 22 19 -14 26 -16 -17 17 -19 -20 -21 25 -23 -24 -25 27 -27 -28 -29 -30 -31
leaf_value=0.067909936750452579 -0.014709370851795014 -0.01159062004860165 0.032906355491479473 0.051123692643248168 -0.027013028468779284 -0.012332256320958817 -0.0098398223584815619 -0.012814457069970168 -0.015321758651871541 0.052176009415812664 0.027153247118065538 -0.024627343029264448 0.044892339575205262 0.022833489566048117 -2.4681249312282061e-05 -0.0092553485657957783 0.0007123836057676289 0.014170267866091104 0.022762095376283344 0.0058560634132250626 -0.0059638865576856943 0.030561449380234321 0.0365614662985723 0.01160213250829433 0.075293747532144545 0.010826239895555916 0.059148000268333605 0.044438757012553565 0.0023594154344927375 -0.00089753246291359281
leaf_weight=259.78306417167187 108.08726128935814 701.21028909087181 192.56979984045029 348.13885347545147 838.02258038520813 114.58483478426933 1601.3637177944183 1681.1675105988979 645.38193543255329 219.28643810749054 141.27007356286049 2817.1951283812523 85.248785808682442 604.33778060972691 3965.4412311911583 532.58657070994377 2255.577327683568 873.50576713681221 179.68646612763405 105.45495961606503 846.0428287088871 81.904871582984924 125.80698128044605 1183.3060747534037 458.16975119709969 367.1574889421463 59.159387990832329 93.165936395525932 436.41799448430538 2022.0290298610926
leaf_count=1242 642 4144 1055 1714 5198 650 9480 9965 3875 1126 774 17005 456 3212 22753 3126 12759 4893 966 617 4959 421 685 6636 2154 2103 299 452 2417 11712
internal_value=-1.61207e-05 -0.00261503 -0.00563641 0.0497545 -0.000475369 0.0280107 -0.00626612 -0.0121122 -0.0156744 0.0217361 0.0242052 -0.019618 0.00827529 0.0326776 -0.00284993 -0.0201268 0.0075719 0.00447353 0.0086753 -0.0235248 -0.00589897 0.0590813 0.0135379 0.0146078 0.0628696 -0.000875396 0.0261601 0.0701751 0.00846422 -0.00365525
internal_weight=23943.1 22755.8 20713.3 1187.25 11527.6 2042.55 6937.41 9185.64 6462.4 1700.86 1586.28 4603.82 4590.21 882.784 5566.8 1370.61 4504.96 3129.08 287.774 2922.65 1858.58 341.688 703.495 1375.88 899.475 1213.2 663.497 551.336 577.688 2723.24
internal_count=137490 131562 120736 5928 66356 10826 40557 54380 38524 9163 8513 27587 25799 4637 32233 8324 25343 17652 1608 17622 10937 1663 3876 7691 4320 7062 3511 2606 3191 15856
is_linear=0
shrinkage=0.03


Tree=6
num_leaves=31
num_cat=0
split_feature=67 39 13 81 26 15 13 29 29 24 71 14 30 40 63 27 18 43 40 72 74 22 83 38 72 83 38 51 74 20
split_gain=3177.39 2182.24 1200.6 637.756 522.808 404.316 321.256 235.924 227.746 225.073 160.027 151.258 127.861 120.899 125.764 116.74 99.0523 95.1436 92.3339 91.5557 86.5961 85.0327 75.9719 73.2154 72.5848 64.6478 61.7221 60.4588 59.194 48.3022
threshold=99.99999995166668 34.970584008979522 0.99999999886999602 0.010449320793530562 0.03977272727264819 -7.4175832143197327e-11 0.33333333333129639 83.478459332926548 83.478459332926548 0.075266864490550187 0.63427031670920031 -0.064102564111563107 0.00028439632770960182 -0.050638525197970623 0.58509099891885696 0.92994724573314136 0.08823529410431076 -0.0058486879174740594 0.15002496021746373 807346750.00000012 -36768199.999999993 0.99999999925000005 0.0063274950773856064 0.26274691430625047 242329700.00000003 -0.0015584967680447651 -0.023616605574030999 0.024193548386511454 -92495849.999999985 -1.1805556532351599e-10
decision_type=10 2 10 10 8 8 10 2 2 8 10 10 2 2 2 10 10 2 2 2 2 10 10 2 2 10 2 10 2 10
left_child=1 5 4 16 13 26 9 -4 -8 12 11 20 -6 17 28 -11 -2 25 -9 -10 -7 27 -22 -5 -25 -3 -1 -13 -15 -12
right_child=3 2 7 23 6 10 8 18 19 15 29 21 -14 14 -16 -17 -18 -19 -20 -21 22 -23 -24 24 -26 -27 -28 -29 -30 -31
leaf_value=0.068845349202819914 -0.014393819707899574 0.040043144549240489 -0.032446913073657845 0.0475265591747853 0.0013257442844039709 0.076037801651956533 -0.02221847836299232 -0.017604070811375251 -0.0076168856327109395 0.0065013473986994877 0.03243279762624849 0.0065263071120023374 -0.010242980394743412 0.0035147278151572213 0.0040949316170027757 0.030381626561868526 0.021830198083964688 0.05396264163594721 0.0025880511427732521 0.0011888124052743913 0.028107546685629332 0.038059999785137744 -0.011852688563798891 0.071442693822571166 0.045579991657875622 -0.013425493833614998 0.028100739180099712 -0.022424215501530648 -0.020995826227424179 0.063697669709349175
leaf_weight=211.90540444850922 107.17895771563053 24.648151442408562 1099.6455314308405 320.18137447535992 3112.3914451599121 30.579738035798073 684.50906500220299 2471.457109361887 2322.4750665873289 5123.0550692975521 498.24537524580956 562.6993520706892 1186.7642929702997 92.758376911282539 220.86891935765743 190.29739981889725 181.74672354757786 33.573783382773399 221.58927485346794 1956.9789274483919 485.39642949402332 68.949972286820412 46.297028049826622 467.64169996976852 133.84092290699482 97.480092510581017 42.336448699235916 72.358234882354736 1805.3442487865686 49.629792764782906
leaf_count=970 642 143 7046 1545 17963 156 4177 15040 13454 28810 2622 3056 6899 553 1307 1040 966 200 1299 11291 2545 354 247 2148 627 578 213 412 10936 251
internal_value=-1.80891e-05 -0.00254326 -0.00548729 0.047318 -0.00205431 0.0268269 3.3309e-05 -0.0207349 -0.00616338 0.00323394 0.0218351 0.0159485 -0.0018687 -0.0154275 -0.0173029 0.00736274 0.00837901 0.0100227 -0.0159412 -0.00359003 0.0275392 0.00666116 0.0246067 0.0594991 0.065778 -0.00237241 0.062209 0.00319291 -0.0197952 0.0353813
internal_weight=23922.8 22712.2 20643.8 1210.59 16851.1 2068.4 14576.5 3792.69 4963.96 9612.51 1814.16 1266.28 4299.16 2274.67 2118.97 5313.35 288.926 155.702 2693.05 4279.45 562.273 704.008 531.693 921.664 601.483 122.128 254.242 635.058 1898.1 547.875
internal_count=137490 131562 120736 5928 97351 10826 83634 23385 28922 54712 9643 6770 24862 13717 12796 29850 1608 921 16339 24745 2948 3822 2792 4320 2775 721 1183 3468 11489 2873
is_linear=0
shrinkage=0.03


Tree=7
num_leaves=31
num_cat=0
split_feature=67 29 13 28 81 13 38 29 29 53 28 83 14 39 70 36 0 18 74 34 56 61 70 39 88 63 74 21 74 28
split_gain=2940.17 2045.01 1234.2 808.061 575.704 439.983 254.863 234.592 232.242 216.416 182.519 177.922 162.795 142.395 115.522 107.601 94.6859 92.5354 91.3057 90.6875 69.3089 68.667 67.5369 57.5749 57.045 55.1904 49.1337 48.3182 64.5766 48.1382
threshold=99.99999995166668 25.904060347848031 0.99999999886999602 0.11764705882286884 0.010449320793530562 0.068965517239595736 -0.032143597517518933 83.478459332926548 83.478459332926548 0.020205257181837386 0.039215686274189421 0.00074438663053991345 -0.08450704226319182 27.401520081235898 0.89496924200002936 0.0087832090698131155 -0.019580457881476606 0.08823529410431076 29108600.000000004 0.036677838469084907 84.999999993306261 0.10402312138728333 0.32539304026131127 15.876941081216144 -0.60355339059327329 -0.28936232352721564 69937500.000000015 0.076486660234291196 -3433949.9999999995 0.45178080743911175
decision_type=10 2 10 8 10 10 2 2 2 8 10 8 10 2 8 2 10 10 2 2 10 8 10 2 2 2 2 10 2 10
left_child=1 6 3 10 17 9 12 -7 -4 22 -3 15 25 -14 -11 27 -12 -2 -18 -10 29 -6 -5 -17 -9 -1 -23 28 -8 -13
right_child=4 2 8 5 21 7 11 24 19 14 16 20 13 -15 -16 23 18 -19 -20 -21 -22 26 -24 -25 -26 -27 -28 -29 -30 -31
leaf_value=0.045571138729443676 -0.014083489667151047 -0.023110241963973356 -0.032123998691874746 0.0012125045266348795 0.03555296450151875 -0.01921771086822895 0.037326688022850565 0.0067892151095448631 -0.017267295358657387 0.011774189459700466 0.0096138106000734011 0.034672364930631992 0.038940736942216669 -0.0227237767481825 0.027070566675447726 -0.025187387726907203 -0.01241413988042925 0.020950145878903856 -0.0035811873404445285 0.0028341222567462607 0.069754257144702361 0.063188489348126028 0.0090350272101174921 0.010327185716583434 -0.0020641044544084147 0.070785464587355365 0.042949293166352022 0.032905958845939817 -0.018807172005811158 -0.003989899578388815
leaf_weight=138.54019163548946 106.29009336233139 889.55265495181084 1078.3215846568346 2325.2114812135696 128.54065917432308 699.92515410482883 28.796367511153221 776.41434122622013 2448.3196939677 1479.4427659958601 250.06750158965588 300.16800607740879 208.35580749809742 39.419173404574394 637.13530974090099 100.59954999387264 2994.1899874657393 183.71118915081024 1627.8306590765715 219.58947364985943 47.681580856442451 671.74448895454407 1734.9798751473427 68.090422242879868 4157.2708911299706 213.51726126670837 141.4029678851366 125.38461743295193 47.39408053457737 31.702989369630814
leaf_count=666 642 5574 7049 13134 615 4329 144 4378 15063 8056 1417 1528 1041 211 3415 566 17776 966 9556 1276 235 3047 9753 354 24009 971 658 648 252 161
internal_value=-1.97861e-05 -0.00247352 -0.00474147 -0.00140792 0.0451014 0.0030853 0.0333243 -0.00297718 -0.0203724 0.00861474 -0.0106177 0.0216108 0.0479014 0.0290664 0.0163908 0.00677503 -0.00833191 0.00809518 -0.00930536 -0.0156112 0.0360199 0.056474 0.00455732 -0.0108581 -0.000669156 0.0610289 0.0597297 0.0215271 0.00257861 0.0309691
internal_weight=23899.6 22667.9 21318.3 17572 1231.69 11810.4 1349.65 5633.61 3746.23 6176.77 5761.64 749.818 599.832 247.775 2116.58 370.265 4872.09 290.001 4622.02 2667.91 379.553 941.688 4060.19 168.69 4933.69 352.057 813.147 201.575 76.1904 331.871
internal_count=137490 131562 124785 101397 5928 67074 6777 32716 23388 34358 34323 3888 2889 1252 11471 1964 28749 1608 27332 16339 1924 4320 22887 920 28387 1637 3705 1044 396 1689
is_linear=0
shrinkage=0.03


Tree=8
num_leaves=31
num_cat=0
split_feature=39 67 13 28 34 37 13 38 29 29 28 28 51 71 19 0 23 53 14 40 42 30 72 3 36 18 74 32 76 76
split_gain=2744.13 1809.35 1048.53 594.418 490.602 448.707 283.964 250.108 229.993 223.14 199.804 177.419 145.443 145.173 132.495 137.529 108.168 88.6175 88.2539 86.793 86.0869 80.7004 92.132 75.0722 73.516 65.2504 62.8271 61.9203 60.9972 54.339
threshold=47.555322086317069 99.999999989772718 0.99999999886999602 0.11688311688197843 0.095088579032253331 24.132198468365473 0.068965517239595736 -0.032850840488948145 83.478459332926548 83.478459332926548 0.11594202898424703 0.039215686274189421 0.022686433063684546 0.4311796536498777 0.92994724573314136 -0.030763164280514451 0.61156954686267717 0.040086543965536771 -0.087591240880907292 0.15002496021746373 -0.0061142319625829269 -0.0084770573182446057 26032250.000000004 0.0039292882507333546 0.00065854141708732172 0.093159193393975617 -67540049.999999985 -0.019318241583514636 0.00021855176339334367 1.0649533825696559e-05
decision_type=2 10 10 8 2 2 10 2 2 2 8 10 10 10 10 10 10 10 10 2 2 2 2 10 2 8 2 2 10 10
left_child=4 2 3 11 5 7 14 18 -4 -8 25 -2 20 24 15 -5 29 23 -1 -10 -9 -13 -23 -3 -12 27 -22 -7 -20 -14
right_child=1 17 8 6 -6 10 9 12 19 -11 13 21 16 -15 -16 -17 -18 -19 28 -21 26 22 -24 -25 -26 -27 -28 -29 -30 -31
leaf_value=0.063088437782397228 -0.022887868715049289 0.058743952322038606 -0.031868559134536241 0.02565308651067413 0.054554014240894441 0.020179817857426761 -0.018916633014951559 0.0098056657058902975 -0.016932161748122052 -0.00065254403638546801 0.016497408188223518 0.0022116072171480907 0.0083132945744301325 0.027795218208686797 0.032874618083289071 0.0047159858277285721 -0.022753843092471852 0.060703496175578298 0.025783984549847819 0.002650301710050131 0.08073301770652011 -0.014139692663232924 -0.0049635508725749114 0.015399152876734649 0.00085600309065479697 0.027760230860249889 0.034971524423782339 -0.020400814493489357 0.071757408994262681 0.060457117336080286
leaf_weight=278.54744571447372 867.75879970192909 59.481748878955841 1053.2081447094679 300.21769382059574 423.5957123786211 38.290236726403236 684.45431019365788 124.4936365634203 2476.2607522755861 4951.2040193378925 580.31083092093468 594.75642175972462 60.037852257490158 581.79348295927048 170.27879750728607 4551.6042624264956 89.519973054528236 344.6609810590744 134.68459813296795 221.39364740252495 29.053900867700577 2007.3377306461334 1938.0912991166115 91.899227917194366 506.71835115551949 35.40014486014843 372.71389102935791 247.2095777541399 32.164202585816383 25.039378985762596
leaf_count=1253 5515 273 7014 1594 1924 210 4283 640 15365 28500 3130 3454 302 3060 904 25430 509 1538 654 1301 142 12021 11491 447 2745 199 1863 1446 156 127
internal_value=-2.14867e-05 -0.00427981 -0.00569766 -0.00236256 0.024272 0.0201646 0.00174785 0.0351105 -0.0199773 -0.00287422 0.0115397 -0.0104626 0.0238755 0.015708 0.00693474 0.00601715 0.000125367 0.0522538 0.0526897 -0.0153236 0.0317342 -0.00808258 -0.00963531 0.0327239 0.00921642 -0.0101098 0.0384805 -0.0148964 0.0350391 0.0242188
internal_weight=23872.2 20312.6 19816.6 16065.7 3559.57 3135.98 10657.8 1146.25 3750.86 5635.66 1989.72 5407.94 700.859 1668.82 5022.1 4851.82 174.597 496.042 445.396 2697.65 526.261 4540.19 3945.43 151.381 1087.03 320.9 401.768 285.5 166.849 85.0772
internal_count=137490 119130 116872 93192 18360 16436 60711 5646 23680 32783 10790 32481 3583 8935 27928 27024 938 2258 2063 16666 2645 26966 23512 720 5875 1855 2005 1656 810 429
is_linear=0
shrinkage=0.03


Tree=9
num_leaves=31
num_cat=0
split_feature=39 67 13 28 34 37 13 38 29 29 28 28 52 71 53 30 4 32 22 55 57 32 30 48 36 53 39 28 23 32
split_gain=2562.61 1680.4 1004.1 563.06 447.787 412.581 266.402 227.619 226.299 212.907 186.414 171.374 141.525 133.164 122.973 92.1997 85.3011 83.0519 82.9013 80.4565 80.3556 80.1144 76.6281 91.9575 68.2438 60.322 55.382 71.7469 55.2285 55.0003
threshold=47.555322086317069 99.999999989772718 0.99999999886999602 0.11688311688197843 0.095088579032253331 24.132198468365473 0.068965517239595736 -0.032850840488948145 83.478459332926548 83.478459332926548 0.11594202898424703 0.039215686274189421 0.046861546419324725 0.4311796536498777 0.03440104580768908 -0.0094393704476135581 0.087752778893799413 0.013066963528246213 0.90181310254067448 99.999999871666674 99.999998833333365 -0.018336242379722419 -0.0084770573182446057 2.8000000544956758 0.00065854141708732172 0.040086543965536771 9.4267269838024976 0.13307984790868455 0.92204857488448233 -0.020918825059556497
decision_type=2 10 10 8 2 2 10 2 2 2 8 10 10 10 8 2 10 2 10 10 8 2 2 10 2 10 2 10 10 2
left_child=4 2 3 11 5 7 14 21 -4 -8 28 -2 18 24 15 -5 -10 -14 -9 -16 25 -1 -13 -24 -12 -3 -23 -28 29 -7
right_child=1 20 8 6 -6 10 9 12 16 -11 13 22 17 -15 19 -17 -18 -19 -20 -21 -22 26 23 -25 -26 -27 27 -29 -30 -31
leaf_value=0.060922469628527987 -0.022519790496349248 0.024066964908091838 -0.031556029491005888 0.012253278365222234 0.051983870202678327 0.0232917012179353 -0.018563596907329335 0.024805734039607327 -0.016074032586771168 -0.00063320333852522667 0.015869758445812635 0.0021426938742636504 0.025121124727801428 0.026601421663508033 0.015822639627213555 0.0022003308869343158 0.011740529327866707 -0.018389372228511766 0.055818856977667759 0.062362353668099453 0.066063945617714212 0.068619612330509644 -0.013690685024956789 -0.004478389306571906 0.00083000882671169988 0.050997273378686384 -0.0156744660515057 0.036527299142301475 0.034077223524247614 -0.017879573706770999
leaf_weight=265.00537937879562 855.68425247073174 125.75789934396744 1032.060443431139 1103.1313676983118 431.13230150938034 31.888595104217529 676.68468925356865 449.39429987967014 2570.6068291217089 4949.4198824167252 585.12865944206715 595.48926363885403 63.588476732373238 589.58817988634109 692.96711765229702 3209.6376570463181 102.40391598641872 100.55045689642429 94.383820429444313 34.345793083310127 180.25940492749214 35.092590972781181 2094.621303871274 1828.9776115566492 506.93803960084915 198.20469768345356 28.510600849986076 124.66510720551014 22.868726477026939 264.23623706400394
leaf_count=1177 5515 599 7014 6068 1924 172 4283 2244 16080 28500 3130 3454 321 3060 3701 17992 586 572 446 167 776 152 12623 10889 2745 883 136 598 130 1553
internal_value=-2.26994e-05 -0.0041659 -0.00554808 -0.00229608 0.0233225 0.0193983 0.00169365 0.0336181 -0.0196222 -0.00279325 0.0111308 -0.0102131 0.0229289 0.0151188 0.0067024 0.00477464 -0.0150033 -0.00146491 0.0302868 0.0181071 0.0498598 0.0502186 -0.00787767 -0.00939939 0.00889819 0.0406588 0.0348939 0.0267529 -0.00986551 -0.0133724
internal_weight=23843.2 20250.3 19746 16041 3592.97 3161.84 10666.2 1161.19 3705.07 5626.1 2000.65 5374.77 707.917 1681.65 5040.08 4312.77 2673.01 164.139 543.778 727.313 504.222 453.274 4519.09 3923.6 1092.07 323.963 188.268 153.176 318.994 296.125
internal_count=137490 119130 116872 93192 18360 16436 60711 5646 23680 32783 10790 32481 3583 8935 27928 24060 16666 893 2690 3868 2258 2063 26966 23512 5875 1482 886 734 1855 1725
is_linear=0
shrinkage=0.03


Tree=10
num_leaves=31
num_cat=0
split_feature=39 67 50 30 22 14 44 79 18 72 12 17 30 10 30 29 3 19 35 51 57 22 18 22 17 12 53 20 17 77
split_gain=2394.79 1563.61 714.581 485.993 402.362 392.743 319.028 227.381 207.908 181.611 159.307 148.148 139.774 114.401 110.547 100.604 97.2072 84.5905 82.5732 97.9953 73.5067 68.6475 65.1875 59.1663 70.2857 58.8993 56.7404 73.1875 89.9257 55.3948
threshold=47.555322086317069 99.999999989772718 2.5071428843906953 -0.004237420406354441 0.99999999925000005 -0.074074074081790106 0.16043554197677182 0.16937357661770233 -4.2572445568822552e-11 2116900.0000000005 0.24999973058699707 -0.11920528516100208 -0.012079048149431225 -0.26568627450980387 -9.983730508977827e-11 69.345820770346577 0.048422640097755217 0.99999999998399913 24.897674664864976 0.021929824561114964 99.999998833333365 0.77083333332128923 0.086206896543921011 0.78431372547866218 -0.065088757397970973 0.28571384585609605 0.019994293395371281 -0.1964285714333546 -0.14732142857276084 0.02761257158568042
decision_type=2 10 8 2 10 10 2 8 8 2 10 8 2 10 2 2 10 10 2 10 8 10 8 10 10 10 8 10 10 10
left_child=4 2 3 10 5 8 14 13 -1 11 12 -7 -2 -4 25 -16 -6 23 19 -13 -3 -15 -20 24 -9 -5 27 -10 -29 -28
right_child=1 20 7 6 16 9 -8 17 26 -11 -12 18 -14 21 15 -17 -18 -19 22 -21 -22 -23 -24 -25 -26 -27 29 28 -30 -31
leaf_value=0.052278702556638801 0.018370909247324516 0.038926766680020021 -0.0004712402761259583 -0.0086001419670419573 0.023503899362422007 0.027690126998143529 0.042691338711142293 0.0035726177683521303 -0.00053640026072718336 0.02332843703484332 -0.014729674492014155 0.01729851897594956 -0.0013839933327948061 -0.011034331391506247 -0.027737232566151029 -0.017366899824843716 0.052822386361381382 0.042600727980833968 -0.018290081205608703 -0.023758468664009824 0.063044605047809898 0.00019141447211293294 0.00026722245770018874 0.0092920672591065012 -0.0041504239546757051 -0.020880539852917639 0.031895658038697421 0.065489918833160368 0.01439679841992692 0.003563481315858149
leaf_weight=305.62160547077656 440.58652611076832 328.22638815641403 2570.0139209479094 1215.6688979417086 137.44623480737209 177.90675908327103 77.008676365017891 3813.3939286917448 163.94842916727066 542.01552413403988 547.76749114692211 289.88625799119473 1192.4364138692617 2636.9241538047791 1400.7754733413458 2141.7603338956833 425.61909160017967 47.221554055809975 302.93289072811604 62.829642102122307 183.22606544196606 601.50751249492168 386.88191410899162 1027.4068533033133 1467.78169067204 496.21448980271816 597.81780083477497 41.388059392571449 119.57169224321842 69.865806072950363
leaf_count=1342 2445 1482 14772 7355 692 921 424 21580 865 2800 3375 1460 6977 16124 9167 13257 1873 243 1754 362 776 3568 2085 5819 8631 3135 3000 215 632 359
internal_value=-2.36997e-05 -0.00405492 -0.00540215 -0.0126765 0.0224285 0.0181281 -0.0175559 -0.000908848 0.030645 0.00889434 -0.000743668 0.00246763 0.00395199 -0.00519911 -0.0184475 -0.021475 0.0457253 0.00301167 -0.0018561 0.00993002 0.0476789 -0.00894892 -0.00789257 0.00270816 0.00142523 -0.0121717 0.023935 0.0135724 0.0278763 0.0289453
internal_weight=23811.7 20187.9 19676.5 7512.22 3623.73 3060.67 5331.43 12164.2 1298.21 1762.45 2180.79 1220.44 1633.02 5808.45 5254.42 3542.54 563.065 6355.8 1042.53 352.716 511.452 3238.43 689.815 6308.58 5281.18 1711.88 992.592 324.908 160.96 667.684
internal_count=137490 119130 116872 46135 18360 15795 33338 70737 6413 9382 12797 6582 9422 34464 32914 22424 2565 36273 5661 1822 2258 19692 3839 36030 30211 10490 5071 1712 847 3359
is_linear=0
shrinkage=0.03


Tree=11
num_leaves=31
num_cat=0
split_feature=24 13 13 34 28 39 33 38 29 70 16 13 35 28 1 26 3 17 83 17 29 20 13 32 72 21 72 57 39 20
split_gain=2258.26 1620.64 900.997 585.227 481.962 343.586 215.233 213.958 170.701 149.969 148.287 148.158 168.594 127.083 116.45 112.615 112.334 96.9926 86.183 81.2413 72.8689 69.4085 62.5699 60.2153 66.8002 58.2685 57.4745 56.4454 55.4417 53.4421
threshold=0.13358177231493629 0.99999999999344114 0.93749999997363298 0.10101841825149284 0.082872928176635344 27.401520081235898 24.991424529746467 -0.036500690568544263 83.478459332926548 0.88308435140579877 0.99999999958333341 0.33333333333129639 84.723586349068782 0.13363062132509931 0.098698328439123531 0.019607843136966552 0.059341382245956205 -2.8174518273971213e-11 0.00065069144873229059 -0.073770491805935853 81.83692366968512 -0.025380710663608915 0.24999999995109379 -0.013315803670859603 17784400.000000004 0.15151515148898079 807346750.00000012 49.99999984250001 9.4267269838024976 -0.03703703705189753
decision_type=8 8 10 2 8 2 2 2 2 10 8 10 2 10 10 10 10 10 8 10 2 10 10 2 2 8 2 8 2 10
left_child=2 20 4 6 15 25 7 28 -4 16 -5 13 -13 17 18 -1 27 -7 -9 -17 22 -15 -2 -21 -25 -6 -14 -8 -3 -22
right_child=1 3 8 10 5 11 9 14 -10 -11 -12 12 26 21 -16 19 -18 -19 -20 23 29 -23 -24 24 -26 -27 -28 -29 -30 -31
leaf_value=-0.025534719565101737 0.0029369674957989743 0.066531855093775905 -0.031754354162054403 0.007789910471944537 0.035811803763982963 -0.0038316320295129361 0.014636938727694546 0.0095812100913291436 -0.016259677294063992 0.029675154046627066 0.051139028497316615 -0.02308465227211913 -0.0071071421329575914 0.0046318362899076312 -0.02134557933725597 0.035124717370413144 0.029319249526482204 0.047202376580884754 0.034667918689453098 0.0061590392967889075 -0.0016658533216175611 0.029248991280559647 -0.020114587232554916 -0.016559475095808275 -0.0062836949698077795 0.011750691626097261 0.0018246452854307985 0.002824554837732043 0.041360941684187996 0.010272064635168819
leaf_weight=543.81489129364491 156.25098107755184 116.33362750709057 892.61838665604591 78.242331504821777 262.62255169451237 2657.6964927315712 627.93891707062721 208.28509339690208 2281.4452554434538 493.36473260819912 833.2073163241148 451.44618560373783 1504.5493804216385 3729.6641633212566 54.237856760621071 33.680726602673531 254.92367830872536 32.941130504012108 305.93208679556847 168.59807616472244 2483.9097922444344 105.11525881290436 325.49540075659752 1394.281618013978 967.0135941952467 140.71266208589077 1137.5331304967403 867.89797157049179 282.36657349765301 389.53599360585213
leaf_count=3620 873 486 6274 401 1283 15519 3359 1059 14529 2512 3612 2889 8824 20910 306 196 1269 181 1457 977 14301 570 2159 8619 5880 706 6585 4657 1271 2206
internal_value=-2.46309e-05 0.0136244 -0.00628558 0.0262212 -0.00281711 0.000383434 0.0201867 0.0320192 -0.0206267 0.0150739 0.0474337 -0.000754968 -0.00616162 0.00180827 0.0201365 -0.0131376 0.010943 -0.00318841 0.0245506 -0.0104977 -0.00185638 0.00531485 -0.0126412 -0.0111199 -0.012357 0.0274748 -0.00326124 0.00779176 0.048861 -4.34464e-05
internal_weight=23781.7 7477.92 16303.7 4122.73 13129.7 10022.3 3211.28 967.155 3174.06 2244.13 911.45 9618.95 3093.53 6525.42 568.455 3107.39 1750.76 2690.64 514.217 2563.57 3355.19 3834.78 481.746 2529.89 2361.3 403.335 2642.08 1495.84 398.7 2873.45
internal_count=137490 39928 97562 20389 76759 57467 16376 4579 20803 11797 4013 55478 18298 37180 2822 19292 9285 15700 2516 15672 19539 21480 3032 15476 14499 1989 15409 8016 1757 16507
is_linear=0
shrinkage=0.03


Tree=12
num_leaves=31
num_cat=0
split_feature=24 8 28 22 10 35 15 39 55 30 50 11 11 57 17 30 45 74 2 15 71 86 21 53 20 38 0 22 35 10
split_gain=2121.33 1504.69 570.841 554.86 389.366 288.924 264.733 230.005 193.324 161.661 167.452 143.674 111.807 104.336 100.975 112.148 105.075 100.621 92.5901 88.8986 68.9255 68.6055 62.7893 61.652 61.3025 60.0623 54.1202 54.09 52.7028 53.9742
threshold=0.13358177231493629 0.0041536908756805045 0.098958333332946805 0.99999999925000005 -0.040833333333333326 85.595699442504866 -4.8809511987712988e-11 27.401520081235898 99.999999452249298 -0.0024279359087457371 3.2190257481166298 0.063068181818181829 0.66666618770918473 47.058823471280277 -2.8174518273971213e-11 0.00028439632770960182 0.082089963185971851 69937500.000000015 -0.038450166037392534 0.38805970148114283 0.62588982673885929 14.500000000000002 0.086466165412635312 0.024526968982504248 -0.046153846164852068 -0.052445308163013342 0.098974915159360535 0.49999999981250004 78.13506749621763 -0.45407685098406741
decision_type=8 10 8 10 10 2 8 2 10 2 10 10 10 8 10 2 2 2 10 8 10 2 10 10 10 2 10 8 2 10
left_child=2 3 9 6 7 12 25 20 13 18 22 -7 -6 -8 15 21 -17 -12 -1 -10 27 -9 -11 -5 28 -2 -15 -4 29 -3
right_child=1 24 4 23 5 11 8 14 19 10 17 -13 -14 26 -16 16 -18 -19 -20 -21 -22 -23 -24 -25 -26 -27 -28 -29 -30 -31
leaf_value=0.039980341942094877 0.053987724260091366 0.0029509004550641788 0.030786798093573708 0.030592935471740332 -0.027495301466320315 -0.012689005471654283 0.021372701299957757 0.00064613774268693373 0.027821790955965913 -0.023051140052172171 -0.011665070547556179 0.00010172296012506364 -0.0038574336797635189 0.009725034264019326 0.036546410699944638 -0.0095130972488809001 0.012236625117447246 0.011801825658535377 -0.0074064953281537975 0.061306559078117578 0.045009473028642472 0.0087003666043563715 -0.0099327870983472438 0.050176620266467888 0.007838310647727359 0.027418196751053 -0.023025329202909183 0.0034217664417877233 -0.0018490273774387285 -0.020504654162281526
leaf_weight=36.907199263572693 216.84535373747349 126.13325682282448 128.31770327687263 190.77895048260689 831.97998285293579 1230.3049034029245 942.14256939291954 2676.2046283781528 297.2046972066164 2375.4630889594555 878.32251633703709 2205.7669921666384 230.62032125890255 1548.3519057929516 71.757436737418175 1259.1274739652872 236.60653935372829 201.29657377302647 1766.39631511271 95.153322443366051 114.50249944627285 1477.131714835763 384.55180551111698 707.42418847978115 499.69592526555061 124.76574963331223 45.80714151263237 131.84161593019962 2425.840885296464 289.96236200630665
leaf_count=199 914 727 617 880 5748 7886 4865 15251 1404 15519 5426 12782 1336 8126 374 7218 1324 1224 10752 415 542 8313 2383 3022 2843 562 260 668 14017 1893
internal_value=-2.56525e-05 0.0131573 -0.00612374 0.0251781 -0.00201767 -0.00871153 0.0194297 0.00292274 0.0165018 -0.0138303 -0.0173103 -0.00447956 -0.0223764 0.0134581 0.00142873 0.000975725 -0.00606468 -0.00727998 -0.00641337 0.0360852 0.0256628 0.00351275 -0.0212287 0.046059 -0.00184005 0.0444009 0.00876825 0.0169966 -0.003545 -0.0133972
internal_weight=23747.2 7510.11 16237.1 4168.47 10594.2 4498.67 3270.27 6095.49 2928.66 5642.94 3839.63 3436.07 1062.6 2536.3 5720.83 5649.07 1495.73 1079.62 1803.3 392.358 374.662 4153.34 2760.01 898.203 3341.63 341.611 1594.16 260.159 2841.94 416.096
internal_count=137490 39928 97562 20448 62059 27752 16546 34307 15070 35503 24552 20668 7084 13251 32480 32106 8542 6650 10951 1819 1827 23564 17902 3902 19480 1476 8386 1285 16637 2620
is_linear=0
shrinkage=0.03


Tree=13
num_leaves=31
num_cat=0
split_feature=24 13 13 22 28 39 21 29 13 35 30 21 34 36 39 14 67 45 17 14 29 12 72 71 13 52 28 0 72 22
split_gain=1993.1 1399.51 837.908 506.975 433.509 299.763 181.394 167.406 136.408 155.599 121.985 120.811 110.518 97.0969 177.085 96.4064 86.4597 76.2287 72.5777 71.9532 66.3227 65.6842 63.5807 63.1414 59.2557 58.6461 57.8814 55.3102 54.1148 49.5411
threshold=0.13358177231493629 0.99999999999344114 0.93749999997363298 0.99999999925000005 0.082872928176635344 27.401520081235898 -3.3908043040042906e-11 83.478459332926548 0.33333333333129639 84.723586349068782 -0.012079048149431225 0.24999999998508518 0.13171562423126162 -0.0022887315904837053 13.708679282450506 -2.6671331809779982e-11 99.999999908333336 0.07976276668931094 -0.07317073171673609 -0.049382716058184721 81.83692366968512 0.077296489917849154 2329297200.0000005 0.62588982673885929 0.24999999995109379 0.018254985604020939 0.05590062111789091 -0.019580457881476606 807346750.00000012 0.49999999981250004
decision_type=8 8 10 10 8 2 8 2 10 2 2 10 2 2 2 10 8 2 10 10 2 10 2 10 10 10 10 10 2 8
left_child=2 20 4 6 15 23 -3 -4 10 -10 21 -12 13 14 -8 18 -14 -15 19 -1 24 -7 27 29 -2 -5 -24 -20 -11 -6
right_child=1 3 7 25 5 8 12 -9 9 28 11 -13 16 17 -16 -17 -18 -19 22 -21 -22 -23 26 -25 -26 -27 -28 -29 -30 -31
leaf_value=0.066797882241899073 0.0029863320325485593 0.043364609381564515 -0.031243564088106187 0.0047677911292629506 0.029746989888554155 0.016288606142526387 0.057978872309505922 -0.015651943485337716 -0.022407610464886239 -0.0068909405323541529 -0.0016601921336891338 0.011709696613107877 0.0045332810272891702 0.004345478068920423 0.018151772849983035 -0.024021003640263858 0.056029825569711436 0.017367283007209716 0.0077190749529275253 -0.010452976520356549 -3.4633512453730538e-05 -0.00080441167007910027 0.033926486118521712 0.042876762055832802 -0.019530783208946231 0.045533470027465349 -0.0031922326569296584 -0.013488099485354538 0.0017828816270742509 0.0046424135420981691
leaf_weight=20.873589605093002 156.10494865477085 248.5031244456768 859.84565778076649 33.38045646250248 143.3175884783268 710.7924128472805 109.52721326053143 2239.5930856317282 439.68921133875847 1497.4420247226954 4842.6871781200171 694.61958406865597 40.726292863488197 852.15679168701172 1151.4098774492741 540.57084475457668 106.99000331759453 772.25413051247597 116.04750075936317 20.958253026008606 2872.8282612115145 282.10399383306503 44.735183715820312 128.03029468655586 318.6084593385458 877.82827386260033 216.94868063926697 2095.5443364679813 1138.3528111279011 140.2737939953804
leaf_count=118 873 1073 6274 162 685 3853 480 14529 2889 8824 27847 3856 209 4451 5866 3683 455 3939 682 124 16507 1624 276 597 2159 3754 1313 13096 6585 707
internal_value=-2.6372e-05 0.0127101 -0.00596531 0.0242566 -0.00263944 0.000377863 0.0187477 -0.019987 -0.000697297 -0.00590581 0.00175579 1.82444e-05 0.0167162 0.0154078 0.0216568 -0.0125288 0.041978 0.0105448 -0.010049 0.0286838 -0.00175377 0.0114332 -0.0107167 0.0254162 -0.0121292 0.0440502 0.00324684 -0.012371 -0.00314448 0.0173999
internal_weight=23712.7 7540.32 16172.4 4192.78 13073 10017.3 3281.57 3099.44 9605.69 3075.48 6530.2 5537.31 3033.06 2885.35 1260.94 3055.68 147.716 1624.41 2515.11 41.8318 3347.54 992.896 2473.28 411.622 474.713 911.209 261.684 2211.59 2635.79 283.591
internal_count=137490 39928 97562 20389 76759 57467 16473 20803 55478 18298 37180 31703 15400 14736 6346 19292 664 8390 15609 242 19539 5477 15367 1989 3032 3916 1589 13778 15409 1392
is_linear=0
shrinkage=0.03


Tree=14
num_leaves=31
num_cat=0
split_feature=39 66 13 28 53 53 22 19 29 13 74 28 29 53 28 28 56 77 15 25 7 37 72 55 37 20 20 17 28 74
split_gain=1847.66 1198.91 888.468 417.911 321.266 213.049 203.317 235.083 183.948 177.694 173.112 146.346 137.858 119.09 111.032 93.6372 78.4613 71.1484 70.6398 68.5886 68.2865 66.7443 59.8066 55.9097 51.859 50.7263 52.8113 57.0807 47.5236 44.5175
threshold=47.555322086317069 99.999999990291684 0.99999999886999602 0.11688311688197843 0.019266256829243936 0.040086543965536771 0.99999999970833342 0.14285714285255105 83.478459332926548 0.33333333333129639 -2943449.9999999995 0.039215686274189421 83.478459332926548 0.0020995943450702304 0.12987012986886493 0.10569291085950518 89.999999976900014 0.013386931404071949 -1.4815648707866555e-11 0.33333333328462972 -0.01724137932305286 24.132198468365473 768773600.00000012 99.999999784458197 31.285942262855528 -0.11428571430469385 -0.19298245615096951 -0.14732142857276084 0.1027397260268695 64452600.000000007
decision_type=2 10 10 8 8 10 10 8 2 10 2 10 2 10 8 8 10 10 10 10 10 2 2 10 2 8 10 10 8 2
left_child=4 2 3 11 10 13 7 24 -4 20 21 -2 -11 -3 -9 -12 19 18 -13 -16 -5 -1 -14 -22 -6 26 -17 -28 -10 -7
right_child=1 5 8 9 6 29 -8 14 28 12 15 17 22 -15 16 25 -18 -19 -20 -21 23 -23 -24 -25 -26 -27 27 -29 -30 -31
leaf_value=0.041346362808203307 -0.0209267409207196 0.050845087084846363 -0.030476032723747919 0.017721439905338629 0.04749507282572156 0.051289770351312998 0.045319352887441051 -0.005253506889896396 -0.019799681072084453 -0.01865533211721989 -0.017792095228679201 0.0110613631569086 -0.005577002508050025 0.0057766815848285351 0.026700981669957102 0.00082699532321738978 0.042822222305436156 -0.020124287486638744 -0.0068100457817264759 0.011421020787691713 0.003180335068778831 0.014670501328927044 0.0024495198602272989 0.028345432576312959 0.024552004989051985 -0.00016025228203301152 0.050846240721066027 0.015051281525563565 -0.011232566495970263 0.031072679694186773
leaf_weight=151.46472102403641 802.56023958325386 63.679900005459785 938.26929289102554 318.11521546542645 321.24852311611176 320.78574219346046 413.05028010904789 188.56588880717754 1004.5405176281929 496.11622738838196 177.47336281836033 208.88514097034931 1738.23697078228 289.648437038064 416.27607376873493 154.01485067605972 116.29117564857006 342.11763739585876 3856.0636962503195 733.19890131056309 6327.027379989624 194.27696004509926 1606.4249062985182 79.521185576915741 128.39420659840107 507.15550722181797 52.345663443207741 169.6556594222784 1408.9516304284334 151.79223904013634
leaf_count=693 5509 275 6979 1689 1381 1370 1735 1042 6625 3339 1057 1264 10158 1572 2005 788 519 2079 23513 3671 35323 1027 9218 415 648 2651 261 882 9112 690
internal_value=-2.70449e-05 -0.00364772 -0.00517661 -0.0021955 0.0193701 0.031719 0.0262346 0.0220711 -0.0192015 0.00123312 0.00804827 -0.00914843 -0.00391386 0.0140283 0.0161865 0.00202738 0.0193845 -0.00699857 -0.00588846 0.0169756 0.00417339 0.026451 -0.00172143 0.00349754 0.0410194 0.00602912 0.0143633 0.023695 -0.0148063 0.0448817
internal_weight=23676.1 19952.7 19126.8 15775.1 3723.41 825.906 2317.03 1903.97 3351.76 10565.4 1406.39 5209.63 3840.78 353.328 1454.33 1060.65 1265.77 4407.07 4064.95 1149.47 6724.66 345.742 3344.66 6406.55 449.643 883.172 376.016 222.001 2413.49 472.578
internal_count=137490 119130 115223 92507 18360 3907 11001 9266 22716 60142 7359 32365 22715 1847 7237 5639 6195 26856 24777 5676 37427 1720 19376 35738 2029 4582 1931 1143 15737 2060
is_linear=0
shrinkage=0.03


Tree=15
num_leaves=31
num_cat=0
split_feature=67 29 13 28 81 13 29 31 30 28 70 30 21 28 47 80 40 28 21 8 18 63 86 28 72 38 63 20 85 13
split_gain=1750.62 1213.34 886.824 535.676 308.223 285.616 207.644 166.774 159.704 150.157 120.039 94.554 99.9714 94.0945 101.288 92.0819 86.7254 77.131 75.6293 72.5502 57.9076 55.2483 51.1805 47.6706 45.5579 50.8197 43.9806 54.4131 42.8203 41.6315
threshold=99.99999995166668 25.904060347848031 0.99999999886999602 0.12658227847981093 0.010449320793530562 0.068965517239595736 83.478459332926548 83.617435733184038 -0.0063467822154361633 0.039215686274189421 0.87067679795391317 -0.012079048149431225 0.11023622047016803 0.24999999998854169 0.024999999999977086 0.017857142855945283 0.041236667507615572 0.08021390374305816 0.21428571422066325 0.026548672566195478 0.08823529410431076 -0.28936232352721564 14.500000000000002 0.44444444443333342 938774200.00000012 0.26274691430625047 0.03039553967784302 -0.055555555570859054 0.012944249549647896 0.28571428569591845
decision_type=10 2 10 8 10 10 2 2 2 10 10 2 10 10 10 8 2 8 10 8 10 2 2 8 2 2 2 8 10 10
left_child=1 8 3 9 20 10 -4 -7 16 26 15 29 -13 14 17 -5 21 -10 -8 -12 -2 -1 -9 -18 25 -6 -3 -28 -20 -11
right_child=4 2 6 5 24 7 18 22 13 11 19 12 -14 -15 -16 -17 23 -19 28 -21 -22 -23 -24 -25 -26 -27 27 -29 -30 -31
leaf_value=0.024111219679957326 -0.012066014153244356 -0.023387492463301608 -0.029933004816999322 0.004001443900698648 0.033534378281801336 -0.016757514247370629 -0.01554044565324526 -0.0017455709794739988 -0.023997745495629084 0.012768155409529452 0.0040467214488159103 -0.0094612812382922785 0.0021537676658199695 0.03487663231465566 -0.012446021168157502 0.0230318605503038 0.026396337215071109 0.019785281989061172 0.014664937457209214 0.019765229482459845 0.015864995299342332 0.048192147841929718 0.0068444855086561788 -0.01785205506311905 0.018066512839544718 0.048192065611591353 0.036634104204403099 -0.013520101727526523 -0.0073903299637072721 -0.013399061193598254
leaf_weight=118.48745228350163 100.42564256489277 679.14378473162651 928.75726956129074 4493.918516933918 349.38514457643032 635.12034028768539 2109.3382491320372 3945.7386249005795 37.977237775921822 305.48869256675243 371.27332517504692 4109.6300801634789 795.20961107313633 195.67213860154152 130.18747293949127 240.2757713496685 58.754455536603928 529.01848372817039 109.81924007833004 925.79027083516121 194.73181329667568 351.6097704321146 740.48957945406437 33.656233534216881 74.100041478872299 609.64186622202396 23.15397872030735 99.271828770637512 276.76365980505943 65.650480851531029
leaf_count=518 642 4751 7049 24512 1512 4241 13945 22877 203 1704 2046 25207 4682 904 692 1205 271 2513 637 4800 966 1518 4162 158 312 2496 154 669 1757 387
internal_value=-2.74753e-05 -0.00202028 -0.003869 -0.00112623 0.0334182 0.00272159 -0.0178232 -0.0023437 0.0244536 -0.00831357 0.00719082 -0.00647221 -0.0075775 0.0165292 0.0113329 0.00497259 0.0369749 0.0168103 -0.0133057 0.0152748 0.00634285 0.042193 -0.000386411 0.0102302 0.041137 0.0428957 -0.0204066 -0.00379034 -0.00109553 0.00810783
internal_weight=23638.5 22310.2 20854.8 17430.2 1328.28 11352.6 3424.68 5321.35 1455.36 6077.55 6031.26 5275.98 4904.84 892.855 697.183 4734.19 562.508 566.996 2495.92 1297.06 295.157 470.097 4686.23 92.4107 1033.13 959.027 801.57 122.426 386.583 371.139
internal_count=137490 131562 124785 101397 5928 63843 23388 31280 6777 37554 32563 31980 29889 4312 3408 25717 2465 2716 16339 6846 1608 2036 27039 429 4320 4008 5574 823 2394 2091
is_linear=0
shrinkage=0.03


Tree=16
num_leaves=31
num_cat=0
split_feature=24 13 13 34 28 39 18 31 0 22 71 16 72 35 30 49 13 55 36 20 13 71 47 22 75 35 39 44 72 16
split_gain=1674.69 1145.67 740.435 415.43 375.287 240.798 225.972 157.954 122.426 116.72 115.632 108.976 97.4315 93.6604 74.0463 70.1864 64.2476 55.9265 68.0273 55.1007 73.1487 54.3587 53.4324 50.1857 49.2736 44.8305 43.0691 43.496 41.4185 40.5506
threshold=0.13358177231493629 0.99999999999344114 0.93749999997363298 0.10101841825149284 0.07874015747984997 27.401520081235898 -4.2572445568822552e-11 84.386000267643794 -0.018857039187227861 0.78431372547866218 0.43768228336607129 0.99999999958333341 13488300.000000002 85.595699442504866 -9.983730508977827e-11 0.0093361507126215586 0.076923076922662745 99.999999452249298 -0.0017561435303432569 -0.046153846164852068 0.49999999994375005 0.62588982673885929 0.050092764378234712 0.49999999981250004 0.0016122439831022159 78.13506749621763 157.56852971622723 -0.010875599111231314 302026250.00000006 0.99999999983595245
decision_type=8 8 10 2 8 2 8 2 10 10 10 8 2 2 2 10 10 8 2 10 10 8 10 8 10 2 2 2 2 10
left_child=2 19 4 6 12 21 -3 -4 16 13 17 -5 14 -10 26 -11 -7 18 -8 20 -2 23 -12 -6 -13 -22 27 -1 -9 -26
right_child=1 3 7 11 5 8 10 28 9 15 22 24 -14 -15 -16 -17 -18 -19 -20 -21 25 -23 -24 -25 29 -27 -28 -29 -30 -31
leaf_value=0.0039253718229950978 0.00069354023933599132 0.041713938550745802 -0.030111076816896749 0.0057485876722059683 0.026157134599577251 0.016038793156460444 0.014349113203389515 -0.017175583808807106 -0.0085651624444713064 0.030375246591674662 0.024272202531816205 0.04714608025632034 -0.0049083934827432391 -0.0011514634137135024 -0.023194270263740248 0.0050552428359174791 -0.00053108338484332768 0.022269053699957006 0.002328549925506854 0.0075352592578150071 -0.024937225344777998 0.03697975651257903 -0.0039252080703482978 0.00090055046950068135 0.055736996153325113 -0.0068743370523534908 -0.020025414300230873 -0.012914796102905341 -0.007666455115674542 0.0253665610682288
leaf_weight=239.60980014503002 1700.4506543725729 298.17892350256443 832.26891706883907 80.267279535531998 150.75331293046474 555.24326460063457 805.95724058151245 1593.431690916419 2059.8865033239126 110.58402924239635 966.48743864893913 608.13084353506565 968.31599234044552 6001.5942231416702 836.99035826325417 854.11009003221989 338.26841843128204 290.8710203319788 894.65010595321655 501.77684156596661 140.80032652616501 145.57105202972889 64.047328785061836 133.35675971210003 49.419541388750076 992.37640643119812 287.53584119677544 322.77661670744419 561.13978976011276 213.57651348412037
leaf_count=1503 9744 1233 6439 401 705 2974 4067 10657 12236 601 4692 2496 6087 34823 5731 4886 1974 1372 4675 2845 1023 665 337 666 208 5927 1845 2063 3707 908
internal_value=-2.806e-05 0.0115583 -0.00554015 0.0218443 -0.00244556 0.000135886 0.0168256 -0.0190076 -0.000817194 -0.00186641 0.0143559 0.0393194 -0.0125047 -0.00304703 -0.0168579 0.00798926 0.00976878 0.0101233 0.00803222 -0.00161651 -0.00324024 0.0220966 0.0225147 0.0143574 0.0423991 -0.00914135 -0.0105945 -0.00574033 -0.0147051 0.0312743
internal_weight=23598.4 7606.99 15991.4 4271.59 13004.6 10349.4 3320.19 2986.84 9919.69 9026.17 3022.01 951.394 2655.23 8061.48 1686.91 964.694 893.512 1991.48 1700.61 3335.4 2833.63 429.681 1030.53 284.11 871.127 1133.18 849.922 562.386 2154.57 262.996
internal_count=137490 39928 97562 20389 76759 59530 16376 20803 57494 52546 15143 4013 17229 47059 11142 5487 4948 10114 8742 19539 16694 2036 5029 1371 3612 6950 5411 3566 14364 1116
is_linear=0
shrinkage=0.03


Tree=17
num_leaves=31
num_cat=0
split_feature=24 8 28 22 10 35 18 35 0 55 48 30 21 71 30 70 68 29 26 0 12 10 36 20 30 72 12 12 53 43
split_gain=1576.23 1032.08 495.61 379.856 335.974 276.978 216.731 164.108 146.53 142.197 131.647 105.155 89.7654 87.757 76.061 73.5382 69.4231 76.5999 68.1808 66.1797 60.2407 61.532 60.0438 55.1703 54.9724 54.5476 51.3752 49.0309 56.2321 47.3573
threshold=0.14294315387235271 0.0041536908756805045 0.098958333332946805 0.99999999925000005 -0.55906976744186043 85.595699442504866 -3.7749303682943485e-11 24.897674664864976 -0.0065746248011618871 99.999999452249298 2.8824266706194202 -0.012079048149431225 0.042553191482891946 0.21807995424806756 0.0016425059783011788 1.3932616612053013 -49.999999991125001 37.006874905194401 0.28571428568367352 -0.012671608638638364 0.66666475084086796 0.49999973058690034 1.0000000180025095e-35 -0.046153846164852068 -0.016908785017069435 360266600.00000006 0.499998383517337 0.032468901539110272 0.023883032430037577 -0.012872172514899525
decision_type=8 10 8 10 10 2 8 2 10 10 10 2 10 10 2 10 10 2 8 10 10 10 2 10 2 2 10 10 10 2
left_child=2 3 8 6 7 19 -2 -4 24 15 16 27 29 14 -13 22 -10 -18 -11 26 21 -7 -8 -3 -1 -23 -6 28 -9 -12
right_child=1 23 4 -5 5 20 9 11 10 18 12 13 -14 -15 -16 -17 17 -19 -20 -21 -22 25 -24 -25 -26 -27 -28 -29 -30 -31
leaf_value=0.024659932248443369 0.040615378185306139 -0.0032193156512925628 0.02323094123886825 0.038722772458013047 0.0060910461541137636 0.0010245364530399534 0.014683716541657387 0.011454865231414637 -0.01216283761572389 0.022870937895448008 0.002640674119475057 0.00032836173629436163 -0.00014768312108289188 0.0060285686725753303 -0.012217067640107491 0.024113908111172457 0.0064345954276614206 -0.023094123585796326 0.050728307144339894 -0.022087297960089562 -0.010746999259898056 -0.011737307821142613 0.0044582982939745846 0.0080233423596192833 -0.0040320627800151318 0.00033851569657681685 -0.022416353462373605 -7.2424872869696278e-05 0.032391240455808726 -0.018380731593507289
leaf_weight=63.142423242330551 308.05190905928612 2541.3049261718988 384.6967833340168 915.18391932547092 151.42984635382891 2833.4626107215881 972.1868060529232 460.77669584751129 1025.9772407412529 286.76588852703571 114.1894945949316 1472.6772171705961 740.60750517249107 1559.4114593565464 615.95249371230602 349.90280643105507 82.007656097412109 1858.8316743150353 110.81331311166286 1006.7385839000344 746.87598323822021 804.69142037630081 1107.2979204505682 463.55491317808628 949.76929599046707 577.38430960476398 89.759962871670723 207.90064725279808 154.49866051971912 603.68928529322147
leaf_count=342 1279 14987 1766 3817 872 16372 4865 2450 6683 1297 716 8334 4635 8685 3471 1696 459 12987 469 7200 4736 5185 5748 2607 5855 3518 622 1192 781 3864
internal_value=-2.84722e-05 0.011839 -0.00510197 0.0217204 -0.00145696 -0.00607897 0.0167453 0.00445364 -0.012517 0.0141297 -0.0148727 0.00283257 -0.00748207 0.00064499 -0.00337402 0.0113968 -0.0185011 -0.0218422 0.0307507 -0.0187075 -0.00289947 -0.00150618 0.00924502 -0.00148184 -0.00221796 -0.00669367 -0.00455449 0.012511 0.016761 -0.0150338
internal_weight=23559.5 7055.06 16504.5 4050.2 11066.3 6210.34 3135.02 4855.91 5438.21 2826.97 4425.3 4471.22 1458.49 3648.04 2088.63 2429.39 2966.82 1940.84 397.579 1247.93 4962.41 4215.54 2079.48 3004.86 1012.91 1382.08 241.19 823.176 615.275 717.879
internal_count=137490 36765 100725 19171 65184 38505 15354 26679 35541 14075 29344 24913 9215 20490 11805 12309 20129 13446 1766 8694 29811 25075 10613 17594 6197 8703 1494 4423 3231 4580
is_linear=0
shrinkage=0.03


Tree=18
num_leaves=31
num_cat=0
split_feature=52 10 28 22 10 29 15 55 0 39 50 79 34 29 45 28 74 71 68 79 77 29 28 81 12 21 30 44 22 43
split_gain=1449.38 864.254 497.889 460.722 267.308 280.059 245.227 170.905 153.984 139.362 124.278 101.583 80.5511 78.4244 77.0068 71.5244 70.3413 69.2127 68.9702 68.4379 66.5406 64.9928 63.5559 60.7349 59.5309 57.1783 55.7777 58.0215 49.7958 59.2794
threshold=0.023948033083947995 -0.72613636363636347 0.1027397260268695 0.99999999925000005 -0.56961259079903137 83.478459332926548 -3.9230785287003294e-11 99.999999452249298 -0.0062084269415444418 26.485428541183932 3.2863458905901228 0.066679126240898806 1.0000000180025095e-35 25.904060347848031 0.07976276668931094 0.44444444443333342 95646350.000000015 0.20931464006935749 -62.49999999167968 1.0000000180025095e-35 0.0015445432470227339 85.87489492574116 0.38461538460996059 -0.0014402537145650396 0.31909090909090915 0.086466165412635312 0.00028439632770960182 0.0089935110503686095 0.66666666665018337 -0.013444745320971728
decision_type=8 10 8 10 10 2 8 10 10 2 10 10 2 2 2 10 2 10 10 10 10 2 8 10 10 10 2 2 10 2
left_child=2 3 8 6 9 19 15 12 24 -4 18 -7 13 -8 -14 -2 28 26 -10 -6 22 -3 -9 -18 -1 -20 -11 -28 29 -12
right_child=1 21 4 -5 5 11 7 20 10 17 16 -13 14 -15 -16 -17 23 -19 25 -21 -22 -23 -24 -25 -26 -27 27 -29 -30 -31
leaf_value=0.0013260429247773466 0.037537556506505775 -0.012951186905342117 0.026033482685101205 0.038569632171201323 -0.025611045491998351 -0.0068196707319321285 0.030912823965003298 0.021007387748535205 -0.010741227053194427 0.0025861318218738383 0.008368683179169745 0.0017683418376287937 -0.0016572134782510553 0.010987605371416444 0.012761731936536373 -0.00053367862891049746 -0.01884821271705742 0.0070430375682147758 -0.022700840378505834 -0.01041028528603026 0.0077378806702116283 -0.00067463237734757722 0.049534505887597356 0.016612915711887031 -0.015409662546709783 -0.0095745981364344541 -0.016587575106781216 0.0012272435385955282 0.0019086023183237969 -0.015850333561985761
leaf_weight=895.21524904668331 452.92228960990906 476.73785429447889 252.87292213737965 858.41042040288448 614.50584672391415 2310.7024203240871 204.48975501954556 127.53752161562443 881.09187504649162 1469.8335342258215 101.08172377943993 2671.2710393816233 889.46907407045364 1355.4018360823393 531.71325550973415 49.026067093014717 56.741059988737106 2070.3663096576929 1924.1100106015801 475.63754503428936 91.610475972294807 2072.7648570686579 164.01167470216751 175.04927733540535 242.15374403446913 357.00033094733953 337.09775173664093 319.70832249522209 244.30682131648064 847.58662293851376
leaf_count=5449 1905 3212 1165 3546 4699 14503 923 581 5766 8186 633 15350 4647 7042 2717 215 350 11303 13583 3019 411 12012 700 1077 1516 2327 1940 1766 1521 5426
internal_value=-2.88194e-05 0.0110997 -0.00501204 0.0186947 -0.00113772 -0.00523096 0.0142723 0.0113458 -0.0121315 0.004447 -0.0145813 -0.00221485 0.00891377 0.0136197 0.00374048 0.0338194 -0.00721403 0.00313979 -0.0178964 -0.0189972 0.030187 -0.00297561 0.0371801 0.00787565 -0.00224488 -0.020653 -0.000660293 -0.00792275 -0.0101526 -0.0132605
internal_weight=23520.4 7274.1 16246.3 4724.59 10522 6072.12 3866.18 3364.23 5724.34 4449.88 4586.97 4981.97 2981.07 1559.89 1421.18 501.948 1424.77 4197.01 3162.2 1090.14 383.16 2549.5 291.549 231.79 1137.37 2281.11 2126.64 656.806 1192.98 948.668
internal_count=137490 37911 99579 22687 61931 37571 19141 17021 37648 24360 30683 29853 15329 7965 7364 2120 9007 23195 21676 7718 1692 15224 1281 1427 6965 15910 11892 3706 7580 6059
is_linear=0
shrinkage=0.03


Tree=19
num_leaves=31
num_cat=0
split_feature=24 8 28 22 10 35 35 15 68 48 55 11 11 2 17 0 0 21 77 36 42 29 74 28 40 74 33 29 52 29
split_gain=1402.05 904.867 449.768 331.649 313.548 249.886 187.067 172.424 123.969 134.405 122.19 116.081 102.912 83.7481 87.4853 80.3803 78.7237 75.3823 66.8875 66.1465 65.9554 59.2448 53.9322 52.6195 51.8073 50.3137 62.8059 49.797 47.8504 86.9812
threshold=0.14294315387235271 0.0041536908756805045 0.093749999999572772 0.99999999925000005 -0.27097906561547752 85.595699442504866 24.897674664864976 -4.8809511987712988e-11 -49.999999992708332 2.9497465406145369 99.999999452249298 0.076046726810085605 0.66666618770918473 -0.038450166037392534 -2.8174518273971213e-11 -0.019580457881476606 0.006379601554709958 0.087499999989804636 0.0027734654825825318 1.0000000180025095e-35 0.016786900125662311 25.904060347848031 18476200.000000004 0.37957694026472527 -0.02377099993254372 66446550.000000007 429.17358666314385 85.87489492574116 0.0055937428439623363 185.2253149522796
decision_type=8 10 8 10 10 2 2 8 10 10 10 10 10 10 10 10 10 10 10 2 2 2 2 8 2 2 2 2 10 2
left_child=2 3 8 7 6 12 -4 24 15 17 19 -7 -6 -8 16 -1 -15 -10 23 21 -21 -9 -17 -12 -2 -11 -27 -3 29 -24
right_child=1 27 4 -5 5 11 13 10 9 25 18 -13 -14 14 -16 22 -18 -19 -20 20 -22 -23 28 -25 -26 26 -28 -29 -30 -31
leaf_value=0.012990072328724209 0.042771790555687889 -0.010377634933203749 0.022653200599000483 0.036099948402835362 -0.025129541959536827 -0.010887923498497694 0.015029526048353187 0.028866208996231806 -0.023020423077907796 -0.008657094974637819 0.021249852763894038 -0.00010491340966332359 -0.0029762350196064803 0.0011764455790384113 0.030121310338327673 -0.012391773748501646 -0.011454770281147605 -0.0059094204565606108 0.0057253375279345941 -0.0069899313840190375 0.009595238700613835 0.012358016644152927 -0.015214465551100509 0.046278265268948827 0.013365713230310593 0.0016378012571742193 0.055026774065316857 0.000264979307488188 -0.0044785137079970481 0.061518110720021765
leaf_weight=160.35384318232536 252.35003989934921 467.87871764600277 398.89615407586098 924.61682312190533 824.73877031356096 1356.1968020200729 382.59993413090706 250.10376401245594 1722.7347572743893 460.3232037872076 140.60141181945801 2660.3520837128162 245.42881210148335 5079.8949988484383 87.589817821979523 1412.1727232784033 485.60318124294281 269.23027070611715 90.289953500032425 273.90059004724026 1002.8022224754095 911.96948510408401 24.650501981377602 172.16597448289394 70.401803120970726 89.768937572836876 24.524494826793671 2531.4033927470446 680.36593417078257 26.953844264149666
leaf_count=923 1020 3067 1805 3817 6347 9106 2050 1109 12331 2956 629 15492 1453 28788 439 9145 2765 1745 407 1444 5102 4604 167 730 309 554 148 14527 4340 171
internal_value=-2.91826e-05 0.0111176 -0.0048499 0.0202955 -0.00161808 -0.0071838 0.00278175 0.015667 -0.0124915 -0.0170271 0.0132961 -0.00374837 -0.0200593 0.00146442 0.000543308 -0.00743346 7.19427e-05 -0.0207134 0.0285888 0.0107568 0.00603206 0.0159353 -0.00896761 0.0351401 0.0364278 -0.00422942 0.0134977 -0.00139714 -0.00234948 0.0252148
internal_weight=23480.9 7088.48 16392.4 4089.2 11521.3 5086.72 6434.58 3164.59 4871.08 2566.58 2841.83 4016.55 1070.17 6035.69 5653.09 2304.5 5565.5 1991.97 403.057 2438.78 1276.7 1162.07 2144.14 312.767 322.752 574.617 114.293 2999.28 731.97 51.6043
internal_count=137490 36765 100725 19171 68245 32398 35847 15354 32480 17734 14025 24598 7800 34042 31992 14746 31553 14076 1766 12259 6546 5713 13823 1359 1329 3658 702 17594 4678 338
is_linear=0
shrinkage=0.03


Tree=20
num_leaves=31
num_cat=0
split_feature=67 13 33 34 40 53 31 17 72 13 30 53 16 0 83 46 85 18 83 86 30 38 37 74 18 22 81 63 55 74
split_gain=1303.22 918.002 709.452 255.534 240.98 224.916 190.889 143.128 154.754 136.476 125.558 114.55 112.602 87.1634 71.1414 69.1257 65.1796 62.4847 61.9035 59.4098 57.4708 48.1408 47.2663 47.2404 42.5332 41.6537 41.4034 40.4788 38.5083 33.5161
threshold=99.99999995166668 0.93749999997363298 24.991424529746467 -0.023822172487978407 0.059858707883757474 0.021720184355283129 82.797151005232479 -0.072000000005567985 26032250.000000004 0.076923076922662745 -0.0063467822154361633 0.048632756158153448 0.99999999975595244 -0.037625981730542317 0.005119651258465416 10.321428571428575 0.057544411175980269 0.1870735669501207 0.00074438663053991345 14.500000000000002 0.00028439632770960182 -0.00085211366493664887 106.78561562470094 -407899.99999999994 0.22110322929651496 0.46666666664333339 0.0084402341176954884 -0.28936232352721564 84.999999993306261 64452600.000000007
decision_type=10 10 2 2 2 10 2 10 2 10 2 10 8 10 10 8 10 10 8 2 2 2 2 2 8 8 10 2 10 2
left_child=1 2 10 9 7 19 -3 20 -9 13 14 18 16 -4 27 -8 -6 21 25 -2 -5 -13 -15 -20 -7 -12 -21 -1 -17 -26
right_child=5 6 3 4 12 24 15 8 -10 -11 11 17 -14 22 -16 28 -18 -19 23 26 -22 -23 -24 -25 29 -27 -28 -29 -30 -31
leaf_value=0.019434164097481749 0.0003622824043837002 -0.028734888603532124 0.028449970637264111 0.0013318382063231271 0.0044291802811996213 0.015186013828789886 -0.014712844243754341 -0.012890604178297996 -0.0025889055995880592 -0.0010093327681051382 0.020347746906841539 0.006664522969153111 0.025994239948362301 0.014009062456413814 -0.0029328067093455797 -0.0060400135338211629 -0.0037808861883393448 0.024499412315507601 0.046839644857919492 0.0040554733971870432 -0.0059875053142414789 -0.029260206947934804 0.0040974584663372587 0.018938903071685692 0.041025692207269426 0.001125852496968689 0.036593193293572968 0.041222211172136057 0.015793068262120076 0.025078238162283644
leaf_weight=100.95740929245949 245.69064083695412 838.01480048894882 243.11181768774986 2818.3589087873697 3127.9389814436436 80.254672929644585 1954.3097930699587 3096.858934044838 2279.5875205844641 1248.9344018250704 294.81338627636433 52.630400463938713 184.87836754322052 908.70650197565556 44.500138849020004 421.89490558207035 1204.3782722502947 44.086279407143593 112.17326101660728 57.205370739102364 1467.0582423061132 89.641579836606979 830.63962638378143 110.93026448786259 726.38268205523491 155.13460317254066 92.595846146345139 370.96109907329082 86.774421572685242 150.34713530540466
leaf_count=424 1287 6927 1185 16135 17450 362 13402 20119 13949 7358 1325 252 888 4673 202 2786 7019 199 495 327 8531 504 4418 504 2951 747 385 1561 509 616
internal_value=-2.92574e-05 -0.00178036 0.000783519 -0.00085567 -0.00259093 0.0285459 -0.0163684 -0.00526506 -0.00852458 0.00675602 0.0215144 0.0144554 0.00312802 0.0116477 0.0332054 -0.0121495 0.00214575 -0.00632042 0.0202132 0.00947407 -0.00117396 -0.0159959 0.00928249 0.0331268 0.0364065 0.0137442 0.024297 0.0366184 -0.00228592 0.038326
internal_weight=23439.8 22087.3 18786.3 17410.5 14179.1 1352.48 3300.99 9661.86 5376.45 3231.39 1375.83 859.41 4517.2 1982.46 516.419 2462.98 4332.32 186.358 673.052 395.492 4285.42 142.272 1739.35 223.104 956.984 449.948 149.801 471.919 508.669 876.73
internal_count=137490 131562 107938 101725 84091 5928 23624 58734 34068 17634 6213 4026 25357 10276 2187 16697 24469 955 3071 1999 24666 756 9091 999 3929 2072 712 1985 3295 3567
is_linear=0
shrinkage=0.03


Tree=21
num_leaves=31
num_cat=0
split_feature=24 8 13 28 34 35 18 29 13 35 30 21 72 71 16 72 30 20 13 59 72 0 72 47 75 21 33 45 29 40
split_gain=1249.38 798.025 651.886 308.178 293.536 199.053 175.679 152.021 117.606 120.909 106.686 104.128 90.4421 90.1886 85.9076 77.0184 67.2193 49.9522 54.4204 49.1635 52.1059 49.6675 48.4888 43.7553 43.2768 40.8148 48.4455 41.8918 40.3305 42.8393
threshold=0.14294315387235271 0.0041536908756805045 0.93749999997363298 0.07874015747984997 0.10101841825149284 24.897674664864976 -3.7749303682943485e-11 83.478459332926548 0.49999999973375014 84.723586349068782 -0.012079048149431225 0.24999999998508518 13488300.000000002 0.43768228336607129 0.99999999958333341 40562600.000000007 -9.983730508977827e-11 -0.046153846164852068 0.52553413234545532 0.047068833205431988 2765200.0000000005 -0.039946808510638303 807346750.00000012 0.050092764378234712 0.0016122439831022159 0.043478260835538747 283.05855787108004 0.020703774949915713 161.21141160680409 -0.011270753718713887
decision_type=8 10 10 8 2 2 8 2 10 2 2 10 2 10 8 2 2 10 10 8 2 10 2 10 10 10 2 2 2 2
left_child=2 4 3 12 6 -5 -2 -4 10 -10 15 -12 16 19 -6 -7 28 18 -3 21 -21 -8 -11 -15 -16 -14 -27 -28 29 -1
right_child=1 17 7 5 14 8 13 -9 9 22 11 -13 25 23 24 -17 -18 -19 -20 20 -22 -23 -24 -25 -26 26 27 -29 -30 -31
leaf_value=0.0019210228395052703 0.035932566428515902 0.00034037251420831105 -0.029130807203299657 0.020228575075488413 0.0040596678300821986 0.017067212876835575 0.022857456681227489 -0.013435967827178232 -0.020386363170140354 -0.0066825900299943191 -0.0015429190116883541 0.0097662849286686594 -0.0086401178162872749 0.021317835975305916 0.040677684339996224 0.0018455769845691081 -0.021771685901507132 0.0076910081816950688 -0.0088008862547625365 0.0092307781236801341 0.029355396625804643 0.0034865443889789188 0.0016934882089294718 -0.0042421329480500742 0.025914377631521122 -0.006810940280327419 0.026064500049082683 -0.0042686528914429415 -0.018875065978674888 -0.015175335241001255
leaf_weight=334.99476881325245 312.27465116977692 1607.2098598480225 752.64626060426235 435.73157845437527 81.939109444618225 622.13523715734482 131.12947060167789 2135.2872963249683 420.86904111504555 1426.059473067522 5410.0361088216305 846.49630957841873 589.40979512035847 911.49242524802685 614.79290500283241 576.88944219052792 787.91639232635498 465.6585059762001 920.98553686589003 333.26270537078381 178.26445564627647 1226.7076375186443 1101.2171024084091 64.010097548365593 264.93756608664989 177.85611043870449 114.07739414274693 63.007236748933792 274.48719328641891 216.1164775788784
leaf_count=2138 1279 9241 6385 1958 402 3302 615 14793 2976 8551 31329 4633 3846 4296 2482 3156 5737 2607 5746 1600 841 6229 6396 333 1094 1143 710 388 1835 1449
internal_value=-2.91656e-05 0.0104595 -0.00461069 -0.00182317 0.0190252 0.000387165 0.0145952 -0.017536 -0.000445416 -0.00551693 0.00156008 -1.10107e-05 -0.0111875 0.0122402 0.0335352 0.00975373 -0.015502 -0.00132622 -0.00299063 0.00837136 0.0162935 0.00537489 -0.00303245 0.019635 0.0362695 -0.00380407 0.00421989 0.0152917 -0.00949578 -0.00479317
internal_weight=23397.9 7112.66 16285.2 13397.3 4118.81 10839.4 3157.14 2887.93 10403.7 2948.15 7455.56 6256.53 2557.87 2844.87 961.67 1199.02 1613.51 2993.85 2528.2 1869.36 511.527 1357.84 2527.28 975.503 879.73 944.351 354.941 177.085 825.598 551.111
internal_count=137490 36765 100725 79547 19171 62301 15193 21178 60343 17923 42420 35962 17246 13914 3978 6458 11159 17594 14987 9285 2441 6844 14947 4629 3576 6087 2241 1098 5422 3587
is_linear=0
shrinkage=0.03


Tree=22
num_leaves=31
num_cat=0
split_feature=67 13 29 28 13 53 29 31 28 15 0 45 0 3 29 52 21 18 28 86 77 86 63 20 18 50 18 81 85 7
split_gain=1157.33 832.692 624.445 383.074 200.96 199.148 191.712 134.211 121.499 117.988 102.997 83.0773 83.1058 80.4693 70.6543 72.1511 66.2583 61.5806 57.3172 53.9378 49.6846 47.8676 41.7687 50.7592 40.4921 38.8839 38.2188 36.4212 34.3405 34.0256
threshold=99.99999995166668 0.93749999997363298 25.904060347848031 0.12765957446788143 0.068965517239595736 0.021720184355283129 83.478459332926548 83.617435733184038 0.039215686274189421 -7.4175832143197327e-11 -0.037625981730542317 0.11056949809550333 -0.0077492084288677812 0.065806129247168568 9.9698221580965534 0.013620947063339677 0.21428571422066325 0.16470588234266439 0.37037037036882725 14.500000000000002 0.021421077897451301 13.500000000000002 0.03039553967784302 -0.055555555570859054 0.19444444441956024 12.160714285714286 0.22110322929651496 0.0084402341176954884 0.012944249549647896 -1.1805556532351599e-10
decision_type=10 10 2 8 10 10 2 2 10 10 8 2 10 8 2 8 10 10 10 2 10 2 2 8 10 8 8 10 10 10
left_child=1 2 9 8 10 19 -3 -6 22 18 24 12 -10 -12 17 -16 25 -11 29 -2 -17 -9 -4 -24 -5 -8 -7 -21 -18 -1
right_child=5 6 3 4 7 26 16 21 11 14 13 -13 -14 -15 15 20 28 -19 -20 27 -22 -23 23 -25 -26 -27 -28 -29 -30 -31
leaf_value=0.051198801811986133 0.00021495393751369042 -0.02829087277428384 -0.021495177725753441 0.029911045306104445 -0.015279636927060596 0.014191718071657875 -0.015575167471160958 -0.0023502280673824453 0.00059846987905714383 -0.017025509254824985 0.0041161612465448741 0.027399417240965961 -0.0081081318598738156 0.017371013217478821 -0.013514197727398891 0.021186296111300941 0.012400219487714794 0.027839085137150665 -0.0012662784754972247 0.0039703074890044794 -0.0072348639753747222 0.0041623119863103261 0.037653701740533313 -0.011646374839220302 0.006669907295409728 -0.0043307443662343485 0.036039600024009723 0.034452966135379473 -0.0063553033666865627 0.030177846451532698
leaf_weight=126.48295527696609 245.71240016818047 819.39771465957165 622.93286123871803 217.69190487265587 601.34348638355732 80.907606914639473 1673.9147141128778 3108.4052613675594 1329.0026324987411 103.45564553141594 5325.2071248292923 67.48318187892437 3821.1611320972443 446.17629800736904 62.790263697504997 913.0529557466507 128.01668174564838 36.387135773897171 34.883503347635269 57.207304060459137 58.294510677456856 1507.4620973914862 22.441210567951202 93.766462236642838 99.101942673325539 333.64650176465511 880.15255573391914 93.285758301615715 274.3616683781147 171.50546446442604
leaf_count=510 1287 7052 4748 1051 4211 362 11774 18102 7946 586 28663 386 24011 2149 324 4072 742 160 147 327 266 8586 151 669 488 2258 3567 385 1798 712
internal_value=-2.93671e-05 -0.00168879 0.000732392 -0.000884606 0.00235917 0.0268455 -0.0157576 -0.00196096 -0.00704084 0.0192467 0.00606148 -0.0054252 -0.00586113 0.00514422 0.0147498 0.017455 -0.0114849 -0.00521565 0.0350056 0.00890863 0.0194719 -0.000222255 -0.0184189 -0.00186027 0.0226939 -0.013711 0.0342201 0.022988 -0.000364848 0.0392517
internal_weight=23355.6 21998.4 18769 17262.2 11305.4 1357.27 3229.34 5217.21 5956.79 1506.85 6088.18 5217.65 5150.16 5771.38 1173.98 1034.14 2409.94 139.843 332.872 396.205 971.347 4615.87 739.141 116.208 316.794 2007.56 961.06 150.493 402.378 297.988
internal_count=137490 131562 107938 101161 63250 5928 23624 30899 37911 6777 32351 32343 31957 30812 5408 4662 16572 746 1369 1999 4338 26688 5568 820 1539 14032 3929 712 2540 1222
is_linear=0
shrinkage=0.03


Tree=23
num_leaves=31
num_cat=0
split_feature=24 9 28 22 10 35 18 7 68 21 37 55 79 71 39 79 70 2 77 32 26 51 74 28 77 22 36 0 38 20
split_gain=1111.56 692.896 384.624 261.289 251.89 229.541 156.369 134.765 114.359 117.908 106.567 95.6334 94.0326 82.9412 81.5676 69.926 63.8147 62.2541 59.7649 57.3382 57.0662 56.4791 74.5937 62.4215 56.8234 51.5078 50.9579 50.5616 49.653 52.1077
threshold=0.14294315387235271 inf 0.093749999999572772 0.99999999925000005 -0.55906976744186043 85.595699442504866 -4.2572445568822552e-11 -3.9230785287003294e-11 -62.499999999790738 0.043478260835538747 264.25339112299264 99.999999452249298 0.0053131610519326555 0.11257501822194027 27.401520081235898 1.0000000180025095e-35 1.3932616612053013 -0.038450166037392534 0.0025739920978164275 -0.00039772011864513951 0.27999999999160002 0.011363636363248969 78471800.000000015 0.053097345132621196 0.01665732720503103 0.89795918365972527 1.0000000180025095e-35 -0.0016172511438455881 -0.016347270736310534 -1.1805556532351599e-10
decision_type=8 8 8 10 10 2 8 10 10 10 2 10 10 10 2 10 10 10 10 2 8 10 2 10 10 10 2 10 2 10
left_child=2 -2 8 6 7 15 -3 14 17 -10 28 16 -7 19 -4 -6 26 -1 20 -9 -13 22 -19 -24 -23 -15 -8 -16 -11 -30
right_child=1 3 4 -5 5 12 11 13 9 10 -12 18 -14 25 27 -17 -18 21 -20 -21 -22 24 23 -25 -26 -27 -28 -29 29 -31
leaf_value=0.036394568719307956 -0.0011154236217876122 0.03505044746992203 0.023050622878452765 0.031797466334792725 -0.023518738062532064 -0.0071891348285930317 0.012316070016211326 0.00039714163147741598 -0.021015770560311231 0.015698959166966231 0.002955592375175513 0.022515794437749852 0.00098219405436555029 0.0034272952652213027 0.0082281043236910618 -0.0090318414924529609 0.020983132029089194 -0.015181958125485744 0.0039908472887041349 -0.01112727935675638 0.050215186108193782 0.00022182113979508596 -0.0084781893020573641 0.061653688942880487 -0.026406028122551325 0.02547201096959123 0.0030293135982071861 -0.028516184222137853 -0.017830814515747421 0.01284280749724274
leaf_weight=30.26290699839592 3007.0988075435162 281.65533298254013 396.77844086289406 931.4166945964098 675.8186798915267 2256.8210947662592 1015.1883355379105 894.00055323541164 1519.3017298206687 45.53637058287859 456.22411072254181 217.21766524016857 2887.8792146146297 2021.3246271312237 947.4133413285017 543.49529938399792 367.69182954728603 681.31123945116997 94.002172693610191 685.49865590035915 98.74980990588665 952.91292528808117 23.754562944173813 20.523519799113274 77.014197826385498 99.219104692339897 1119.6524613797665 33.951180875301361 877.77266791462898 52.035404853522778
leaf_count=156 17699 1139 1747 3810 5559 14703 4924 5035 11228 306 2911 941 16684 11246 5146 3527 1722 4554 417 3922 407 6091 160 129 495 499 5706 177 6119 331
internal_value=-2.93412e-05 0.00983594 -0.00437911 0.0178174 -0.00140237 -0.00537832 0.0137312 0.0035798 -0.0115675 -0.0151939 -0.00900283 0.0116571 -0.00260243 0.000595363 0.011584 -0.0170765 0.00944768 -0.00556831 0.0250808 -0.00460641 0.0313133 -0.00631371 -0.0127193 0.0246064 -0.00179008 0.00447169 0.00745058 0.00692611 -0.0145968 -0.016099
internal_weight=23311.5 7132.67 16178.8 4125.57 11442.2 6364.01 3194.16 5078.19 4736.65 2950.87 1431.57 2912.5 5144.7 3700.04 1378.14 1219.31 2502.53 1785.78 409.97 1579.5 315.967 1755.52 725.589 44.2781 1029.93 2120.54 2134.84 981.365 975.344 929.808
internal_count=137490 36765 100725 19066 68245 40473 15256 27772 32480 20895 9667 14117 31387 20702 7070 9086 12352 11585 1765 8957 1348 11429 4843 289 6586 11745 10630 5323 6756 6450
is_linear=0
shrinkage=0.03


Tree=24
num_leaves=31
num_cat=0
split_feature=24 13 13 34 28 15 29 33 71 30 62 74 12 16 74 32 83 29 44 86 51 29 13 7 66 38 72 28 71 17
split_gain=1047.16 695.879 523.483 289.305 234.212 141.544 140.332 116.534 113.54 88.5039 108.682 87.9679 85.7114 74.1579 68.9899 68.0233 65.535 64.6799 67.7318 61.4207 50.2621 48.0915 49.6084 46.2387 56.2633 52.7129 45.4786 45.4026 43.7413 42.8437
threshold=0.12042899132469014 0.99999999999344114 0.94444444440509268 0.10101841825149284 0.07874015747984997 -7.4175832143197327e-11 83.478459332926548 24.286906831242188 0.4311796536498777 -0.012079048149431225 1.1610354155913074 -56167949.999999993 0.09938271604938273 0.99999999958333341 66446550.000000007 -0.013045571230543727 -0.0019376567148753692 286.09769024585557 -0.013452476814659995 14.500000000000002 0.0089285714285663401 83.478459332926548 0.19999999999853338 -3.9230785287003294e-11 99.99999997559523 0.0034202184291008968 242329700.00000003 0.30666666666360004 2.7313813050829059 -0.10055865922164563
decision_type=8 8 10 2 8 8 2 2 10 2 2 2 10 8 2 2 8 2 2 2 10 2 10 10 10 2 2 10 10 10
left_child=2 19 4 5 11 27 -4 -6 23 12 16 -1 -9 -5 15 -13 -11 18 -16 21 -12 22 -2 25 -25 -7 -15 29 -10 -3
right_child=1 3 6 13 7 8 -8 9 28 10 20 14 -14 26 17 -17 -18 -19 -20 -21 -22 -23 -24 24 -26 -27 -28 -29 -30 -31
leaf_value=0.0085397734902988905 0.0023179815372012702 0.050048718684848732 -0.028689379188087522 0.0032637864495262386 0.020663407918465222 0.01882701893466001 -0.012874712779612262 0.01361354425490784 0.014940523248777756 0.0038522967274547825 0.027023175944984334 0.0075872997860167027 -0.0032252091524409086 0.03653696757480366 0.012189307691563404 -0.016019652344035792 -0.0048054769945593545 0.029089550323043771 -0.015011891708223569 0.0071985646803166452 0.0036549175556214891 -0.0014375591087061389 -0.018723687135976334 0.001066675467703947 0.019366540150610505 0.0042116562410365981 0.019570388319968886 0.0025745910373409721 0.028590993272333658 0.022185596772540665
leaf_weight=201.67804795503616 148.36148490011692 129.48692832887173 678.66309275478125 82.579971224069595 236.58822646737099 478.13748836517334 1987.5129448771477 710.18504510819912 955.04025393724442 918.67383329570293 86.138682469725609 116.44060142338276 439.68729114532471 706.97077696025372 124.6229570582509 1754.8523630574346 5442.6186563521624 54.573421776294708 238.35485714673996 642.97234205901623 1717.1913092285395 2705.1660411059856 310.93640644848347 1235.5275786817074 171.39243443310261 416.53796963393688 183.99356338381767 35.952294796705246 274.03412619233131 85.269062101840973
leaf_count=1295 820 523 6102 401 1046 2210 14128 3704 4504 5266 481 691 2585 2865 837 12396 32444 331 1636 3757 9872 15655 2311 6336 760 2050 751 149 1238 346
internal_value=-2.92599e-05 0.00831078 -0.00488498 0.0159627 -0.0022209 0.0122008 -0.0169106 -8.37402e-05 0.0106463 -0.000613202 -0.00171116 -0.0104123 0.00717494 0.0305438 -0.0120866 -0.0145458 -0.00355427 -0.00104959 -0.0056567 -0.00124618 0.00478716 -0.0029647 -0.0119301 0.00670803 0.00331029 0.0120381 0.0330624 0.0339511 0.0180072 0.0391536
internal_weight=23270.1 8562.36 14707.8 4754.92 12041.6 3781.38 2666.18 9551.08 3530.67 9314.49 8164.62 2490.52 1149.87 973.544 2288.84 1871.29 6361.29 417.551 362.978 3807.44 1803.33 3164.46 459.298 2301.6 1406.92 894.675 890.964 250.708 1229.07 214.756
internal_count=137490 44676 92814 22133 72584 18116 20230 55398 17098 54352 48063 17186 6289 4017 15891 13087 37710 2804 2473 22543 10353 18786 3131 11356 7096 4260 3616 1018 5742 869
is_linear=0
shrinkage=0.03


Tree=25
num_leaves=31
num_cat=0
split_feature=13 53 29 67 28 18 37 72 23 13 20 72 45 28 45 55 45 13 32 20 50 49 72 14 18 20 85 35 21 17
split_gain=991.677 766.963 395.74 394.889 340.519 227.141 156.005 152.828 91.8777 93.798 88.3559 74.5391 72.6665 72.1959 69.114 68.1085 65.2761 62.6239 61.7895 56.4194 50.7261 48.7574 42.3017 41.3257 38.9653 38.3746 36.3487 35.7748 35.7747 42.1718
threshold=0.42857142854387759 0.022268823572995675 83.478459332926548 99.999999908333336 0.079545454544776614 -1.7095214133178157e-11 24.132198468365473 807346750.00000012 0.52933440364600792 0.09999999999816668 -2.8991531397792866e-11 13488300.000000002 0.084686819276216255 0.13363062132509931 0.12048048271697788 11.111111109526748 0.082089963185971851 0.62499999998730482 -5.8590851786943777e-07 -1.1805556532351599e-10 2.3285714558192665 0.0083056478404913234 6174800.0000000009 -0.10606060606173477 0.22556390976890731 -1.1805556532351599e-10 0.029150497477508339 162.73576423536738 0.15384615377958591 -0.077419354840495266
decision_type=10 8 2 10 8 8 2 2 10 10 10 2 2 10 2 8 2 10 2 8 10 10 2 10 8 8 8 2 8 10
left_child=1 4 -2 5 11 -3 21 16 9 15 13 18 22 14 -8 -7 17 -4 27 -14 -18 28 -10 -23 -5 -15 -9 -1 29 -6
right_child=2 3 7 24 6 8 10 26 12 -11 -12 -13 19 25 -16 -17 20 -19 -20 -21 -22 23 -24 -25 -26 -27 -28 -29 -30 -31
leaf_value=-0.0043943911340998763 -0.023453878647857987 0.031733065681177647 -0.0047444059795463105 0.015556059605321663 0.029105913429594791 0.0033942088034423475 -0.003103941810703495 0.005363798747052677 -0.0094940735060219661 -0.0032624770312295599 0.023107853598264276 -0.0026181135746501383 0.0064088424022168775 0.003956290821276528 0.03293160763075232 0.018329312817127821 0.043049456894223764 -0.013326017494351547 -0.021361056244868053 0.032538195838719822 -0.0015936453265903039 0.038627430228726674 0.0030314051127554274 0.0061728836312259427 0.033239591787400803 -0.0089042912920137551 -0.0023810028388506887 -0.018545418121812103 0.014683641101524262 0.070277384729652323
leaf_weight=514.42606085538864 1357.0693979039788 383.57815563678741 1120.7498337626457 132.26689358055592 63.695107400417328 358.40999428927898 2914.8597499132156 869.00151517987251 468.42176865041256 306.45233209431171 168.21085961163044 660.45845457911491 480.05917976796627 4788.2537404894829 47.69428314268589 1191.9815092384815 22.88886858522892 2431.5358443707228 680.05595034360886 87.327509388327599 555.83616442978382 42.525667279958725 501.12053015828133 192.15132786333561 882.54104667901993 217.277936860919 1460.419882029295 234.06401200592518 58.131246909499168 36.432995304465294
leaf_count=3434 11273 1636 6880 596 270 1720 17271 5229 2469 1787 740 4342 2488 26203 253 5861 138 16664 5228 391 3338 177 2712 852 3575 1153 8776 1617 259 158
internal_value=-2.90322e-05 0.00438577 -0.00873162 0.0143468 -0.000110417 0.00987698 0.00254831 -0.00563547 0.00739721 0.0118866 0.00165498 -0.0109632 0.00196723 0.00119888 -0.00251188 0.0148831 -0.0090997 -0.0106215 -0.0148148 0.0104859 0.00023805 0.020987 -0.00302057 0.0122056 0.0309553 0.00339578 0.000508006 -0.00884247 0.0338314 0.0446632
internal_weight=23227.9 15410.4 7817.5 4792.16 10618.2 3777.35 8529.23 6460.43 3393.77 1856.84 8136.3 2089 1536.93 7968.09 2962.55 1550.39 4131.01 3552.29 1428.55 567.387 578.725 392.936 969.542 234.677 1014.81 5005.53 2329.42 748.49 158.259 100.128
internal_count=137490 85192 52298 23235 61957 19064 47336 41025 17428 9368 45620 14621 8060 44880 17524 7581 27020 23544 10279 2879 3476 1716 5181 1029 4171 27356 14005 5051 687 428
is_linear=0
shrinkage=0.03


Tree=26
num_leaves=31
num_cat=0
split_feature=24 8 28 34 10 35 18 7 68 21 48 32 79 17 12 70 21 74 33 16 28 68 74 42 80 31 36 79 8 7
split_gain=935.928 584.016 338.902 229.964 214.326 217.692 137.458 128.657 107.724 101.563 84.8847 84.0837 75.9592 75.6042 78.0412 74.4556 72.2144 69.8308 62.875 62.8257 57.1657 55.9254 51.9856 50.8383 49.1814 47.8507 47.5267 46.1533 45.278 42.8479
threshold=0.14294315387235271 0.0075757575757560459 0.093749999999572772 0.10101841825149284 -0.42857169248634236 85.595699442504866 -3.7749303682943485e-11 -3.9230785287003294e-11 -99.999999924999983 0.086466165412635312 2.8824266706194202 -5.8590851786943777e-07 0.066679126240898806 -2.8174518273971213e-11 0.053342816500711245 0.8008395214193913 -4.9752424402527132e-12 69937500.000000015 15.228023241344266 0.99999999958333341 0.13363062132509931 -99.999999986993231 55949400.000000007 -0.020036021439682802 -0.0039370078738991034 333.19765368027089 1.0000000180025095e-35 1.0000000180025095e-35 0.019607843137198839 -0.033057851240568474
decision_type=8 10 8 2 10 2 8 10 10 10 10 2 10 10 8 10 8 2 2 8 10 8 2 2 10 2 2 10 10 10
left_child=2 3 8 6 7 27 -2 18 16 10 11 -10 -7 14 28 21 22 23 -4 -5 -16 -8 24 -12 -1 -19 -23 -6 -9 -20
right_child=1 -3 4 19 5 12 15 13 9 -11 17 -13 -14 -15 20 -17 -18 25 29 -21 -22 26 -24 -25 -26 -27 -28 -29 -30 -31
leaf_value=0.035409455490758183 0.031160934303441436 -0.0013461369649528157 0.02906649103587379 0.0041445780173844163 -0.023826231304842863 -0.0069640383867494975 -0.0062695682623447159 0.0018509089884811349 -0.011341347657800977 -0.0011282854780867567 0.018229552748281346 -0.02235561241319494 0.00092829290587835643 0.027115115732120103 -0.0088097677021796456 0.018523843009353964 -0.003587702016870583 -0.0062538519431570294 0.026001807949270633 0.031281021833104335 -0.00014167815544692333 0.01486184633467302 0.067180989368847435 -0.012293269409292007 -0.010476142114375218 0.024496490937218403 0.0053674057698509933 -0.011041155564306033 0.013957969528216116 0.0066288773747249586
leaf_weight=45.031394362449646 313.21716329455376 2914.2371900826693 143.09760831296444 84.711235538125038 557.28259391337633 2014.3684876561165 235.66457152366638 871.23438626527786 1171.323571793735 628.56434813141823 51.089615270495415 1347.3647934421897 2408.1936288028955 90.165408372879028 1039.5280861407518 738.37961912155151 283.49972108006477 86.736114248633385 111.17137448489666 885.48209421336651 2004.8622209727764 790.94124053418636 20.581310763955116 874.24243366718292 37.892484173178673 93.872785627841949 1192.4326667040586 474.37416310608387 408.05263002216816 1267.8524586856365
leaf_count=253 1279 17213 609 411 4933 13438 1168 4907 8081 4089 331 10573 13949 439 6187 3385 1803 563 511 3594 11207 3811 119 5856 237 575 5904 3180 2190 6695
internal_value=-2.88365e-05 0.00899223 -0.00405583 0.016096 -0.00127107 -0.00556387 0.0122829 0.0026731 -0.0108891 -0.012268 -0.0141981 -0.0172411 -0.00266655 7.81304e-05 -0.000491141 0.0102726 0.00424906 -0.00725572 0.010191 0.0289214 -0.00310436 0.00751859 0.0255715 -0.0105869 0.0145311 0.00975922 0.00916075 -0.0179667 0.00572291 0.00821053
internal_weight=23185.4 7155.07 16030.4 4240.83 11390.2 5454.22 3270.64 5935.96 4640.2 4253.19 3624.63 2518.69 4422.56 4413.84 4323.68 2957.42 387.005 1105.94 1522.12 970.193 3044.39 2219.04 103.505 925.332 82.9239 180.609 1983.37 1031.66 1279.29 1379.02
internal_count=137490 36765 100725 19552 68245 35500 15547 32745 32480 30068 25979 18654 27387 24930 24491 14268 2412 7325 7815 4005 17394 10883 609 6187 490 1138 9715 8113 7097 7206
is_linear=0
shrinkage=0.03


Tree=27
num_leaves=31
num_cat=0
split_feature=13 22 24 29 37 73 14 40 53 55 7 73 45 13 15 18 5 70 51 24 74 40 14 57 74 20 63 76 13 85
split_gain=898.782 704.615 421.328 375.897 243.01 142.496 139.937 112.429 104.924 93.3319 77.5106 68.6448 61.2836 59.077 56.0263 53.2089 53.1357 56.4475 48.8491 66.2016 61.6651 55.2255 48.4367 47.9714 45.4211 41.4975 40.4796 38.3924 35.0327 34.4125
threshold=0.42857142854387759 0.99999999925000005 0.050385466454948846 83.478459332926548 24.132198468365473 20.509263811294264 -0.019323671498295166 -0.078331117186727847 0.03440104580768908 99.999999693166401 0.10161564624960341 16.338872483151466 0.082089963185971851 0.62499999998730482 -6.0661753398250072e-11 0.061855670094882582 -0.062480283911671923 0.15845473640488075 0.011363636363248969 0.032744279475414494 78471800.000000015 -0.013663553775243696 -0.006896551726535082 49.999999860000109 -2017749.9999999998 -0.19866809358075208 -0.15620516419398497 -8.530668454982786e-05 0.83333333327083348 0.029150497477508339
decision_type=10 10 8 2 2 2 10 2 8 10 10 2 2 10 10 10 8 10 10 10 2 2 10 10 2 10 2 10 10 8
left_child=1 2 6 28 7 12 18 26 16 23 15 14 13 -5 -8 -9 25 -18 20 -20 -1 -22 -14 -10 -3 -6 -4 -26 -2 -7
right_child=3 24 4 5 8 29 11 10 9 -11 -12 -13 22 -15 -16 -17 17 -19 19 -21 21 -23 -24 -25 27 -27 -28 -29 -30 -31
leaf_value=-0.012046324646839829 -0.017081372779991829 0.036803537148511839 0.023116240173167827 -0.0045125318971178793 0.0033985541410155003 0.0052752031360607833 0.030118566367323765 0.024684048884282009 0.013532003441602224 0.030402358338150429 -0.029896864327699141 -0.0033126392949299264 -0.0024201807453593373 -0.012880163831645204 -0.019444790459255606 0.0090506585327500642 -0.002324345648321072 0.0034770643863333323 0.011245301947403035 -0.0024484222197326201 0.043202131167226591 -0.015428705107483813 0.027813848649231861 0.0029588014212704752 0 0.014924794278050529 0.045418484844295524 0.025470324851843307 -0.027093831784582752 -0.0022608357477809128
leaf_weight=580.08313939720392 549.03418421000242 344.83047354221344 155.48016488552094 1114.9709716886282 663.93483889102936 870.16925543546677 20.091006994247437 306.85256612300873 751.16018295288086 188.90237095952034 35.637513130903244 386.46284635365009 526.4487319290638 2398.8318956792355 919.48108360171318 547.49429681897163 2411.9122385755181 4029.0913462862372 405.16158458590508 1458.1346964389086 35.319420471787453 23.243916429579258 51.427930429577827 797.07776579260826 57.785594210028648 488.70092742145061 146.697001516819 652.3397391885519 770.64743262529373 1456.7440527975559
leaf_count=3855 4081 1439 643 6880 3443 5229 84 1299 3750 794 209 2531 3206 16664 6830 2510 13559 22307 2486 8786 217 157 270 4151 263 2552 606 2721 7192 8776
internal_value=-2.86503e-05 0.0041611 0.0024204 -0.00836974 0.00552078 -0.00536911 -0.00610082 0.0182702 0.00388972 0.0105395 0.0128711 -0.0139762 -0.00873936 -0.0102279 -0.0183509 0.0146914 0.00236693 0.00130417 -0.00192176 0.000532014 -0.00907516 0.0200127 0.000308704 0.00809597 0.0278129 0.00829682 0.0340672 0.0233973 -0.0229467 0.000557098
internal_weight=23144.1 15405.9 14350.9 7738.27 10522.9 6418.59 3827.98 1192.16 9330.78 1737.14 889.984 1326.03 4091.68 3513.8 939.572 854.347 7593.64 6441 2501.94 1863.3 638.646 58.5633 577.877 1548.24 1054.96 1152.64 302.177 710.125 1319.68 2326.91
internal_count=137490 85192 80769 52298 55823 41025 24946 5267 50556 8695 4018 9445 27020 23544 6914 3809 41861 35866 15501 11272 4229 374 3476 7901 4423 5995 1249 2984 11273 14005
is_linear=0
shrinkage=0.03


Tree=28
num_leaves=31
num_cat=0
split_feature=13 22 28 29 37 72 0 38 55 72 30 52 34 74 37 28 42 83 52 0 74 8 21 74 37 22 8 39 51 13
split_gain=849.116 662.332 455.248 363.677 245.714 135.277 133.198 106.181 101.997 85.5717 67.4156 66.2978 64.9871 64.5153 64.2874 61.4871 58.6203 54.724 52.2334 46.8674 43.8748 43.4274 41.4715 40.6352 39.1674 38.9025 37.2135 36.8089 34.9667 34.8985
threshold=0.42857142854387759 0.99999999925000005 0.1102941176464506 83.478459332926548 24.132198468365473 807346750.00000012 -0.0062084269415444418 -0.032143597517518933 99.999999693166401 13488300.000000002 -0.0070443256828250358 0.036789087672747876 -0.021267611957268447 95646350.000000015 109.00560518029357 0.1027397260268695 -0.0061142319625829269 -0.0056528210253455882 0.071851130883858721 -0.028543334738025002 -18997949.999999996 0.019607843136966552 0.043478260835538747 10194700.000000002 429.82507445116386 0.89795918365972527 0.016666666666458337 9.1626210294976875 0.012050832602924395 0.83333333327083348
decision_type=10 10 8 2 2 2 10 2 10 2 2 10 2 2 2 8 2 8 8 8 2 10 10 2 2 10 10 2 10 10
left_child=1 2 6 29 7 15 19 27 12 10 -8 16 14 -13 -6 23 -9 -14 -10 -1 -3 -12 -11 -5 -25 26 -17 -4 -21 -2
right_child=3 20 4 5 8 -7 9 11 18 22 21 13 17 -15 -16 25 -18 -19 -20 28 -22 -23 -24 24 -26 -27 -28 -29 -30 -31
leaf_value=0.026967517637786549 -0.016766315820976426 0.039814898217672541 0.048014971051386537 -0.018725948768281021 0.012091860287697567 0.00054010027828673844 0.010889892535381021 -0.0022789288084320578 0.014416626079306955 -0.0091531562234982728 -0.016881588219464803 -0.0052286314845718601 0.02715105752225027 0.03949740949204391 0.0029289268308022266 -0.0024354908658248248 0.025649413258385888 0.0013177550542504922 0.045659087720268041 -0.0087318690275171428 0.023966068048678003 0.0056394968509299141 0.0034955343971170313 -0.0093393588099241372 0.035342591261791935 0.0075722078182260963 -0.0097865087158522501 0.025626116516060681 0.0037847301011678615 -0.026834305425522974
leaf_weight=63.112022891640663 542.68646129220724 196.67353451251984 81.612566292285919 715.43849209696054 1272.1503237336874 2327.6374323964119 89.479023456573486 87.763671964406967 322.87003338336945 479.78666242957115 1527.9156986996531 250.58384777605534 73.70085346698761 31.811062589287758 1506.5786663293839 1011.5562574267387 288.99132651090622 6253.9620663076639 56.255982607603073 270.16261330246925 859.22551515698433 80.485463231801987 451.98737807571888 540.2131344974041 17.259839683771133 176.22212128341198 1607.9711505323648 389.51407708227634 773.66826193034649 755.00477607548237
leaf_count=324 4081 803 336 5175 6373 14005 519 389 1466 3198 11046 1210 371 146 8060 6786 1260 34401 234 1754 3620 542 2816 3859 112 1015 10073 1604 4720 7192
internal_value=-2.8518e-05 0.00403552 0.00234731 -0.00816718 0.00551727 -0.00522687 -0.00665692 0.018734 0.00394027 -0.0103309 -0.0143387 0.0109268 0.00330392 -5.81777e-05 0.0071278 -0.00852615 0.0191469 0.00162336 0.0191683 0.00206969 0.0269558 -0.01575 -0.00301711 -0.0139925 -0.00788979 -0.00603212 -0.006951 0.0296043 0.000537076 -0.0226424
internal_weight=23102.3 15408.3 14352.4 7693.99 10615.8 6396.3 3736.6 1130.28 9485.52 2629.65 1697.88 659.15 9106.39 282.395 2778.73 4068.66 376.755 6327.66 379.126 1106.94 1055.9 1608.4 931.774 1272.91 557.473 2795.75 2619.53 471.127 1043.83 1297.69
internal_count=137490 85192 80769 52298 55850 41025 24919 4945 50905 18121 12107 3005 49205 1356 14433 27020 1649 34772 1700 6798 4423 11588 6014 9146 3971 17874 16859 1940 6474 11273
is_linear=0
shrinkage=0.03


Tree=29
num_leaves=31
num_cat=0
split_feature=24 8 28 34 10 35 7 15 68 29 70 79 0 17 21 36 70 32 74 33 68 61 21 43 74 77 46 74 79 40
split_gain=793.02 489.254 298.892 198.956 180.838 195.967 112.909 106.343 99.7028 116.419 70.4026 66.0369 65.497 65.3828 64.6177 64.3259 57.8333 64.6866 54.927 53.6882 52.444 53.1814 49.9958 49.0368 51.3919 51.3041 45.8061 45.5934 42.503 40.8107
threshold=0.14294315387235271 0.0075757575757560459 0.093749999999572772 0.10101841825149284 -0.4604989604989605 85.595699442504866 -3.9230785287003294e-11 -4.8809511987712988e-11 -49.999999992708332 269.44971013653566 0.85748783996046984 0.066679126240898806 -0.019580457881476606 -2.8174518273971213e-11 0.087499999989804636 0.014036193416843592 0.15386179569638994 0.00070286712914524607 81635700.000000015 15.228023241344266 -99.999999986993231 -0.038442591890867732 0.1111111110993266 -0.012872172514899525 69937500.000000015 -0.0026967691768180362 1.6074562072753908 44603950.000000007 1.0000000180025095e-35 -0.02377099993254372
decision_type=8 10 8 2 10 2 10 8 10 2 10 10 10 10 10 2 10 2 2 2 8 8 10 2 2 10 10 2 10 2
left_child=2 3 8 7 6 28 19 29 12 14 20 -7 -1 16 -10 -11 17 -8 -5 -4 -9 -22 23 25 -25 -14 -16 -17 -6 -2
right_child=1 -3 4 18 5 11 13 10 9 15 -12 -13 22 -15 26 27 -18 -19 -20 -21 21 -23 -24 24 -26 -27 -28 -29 -30 -31
leaf_value=0.012731595560055356 0.033276683144274323 -0.0012355627440397566 0.026828458470746053 0.030291320718861349 -0.022966384718614861 -0.0064388481816366637 -0.0005100033511195208 -0.0064223923764796034 -0.02047353511629971 -0.010828742343476484 0.017649424201227528 0.00092885337851152583 -0.011940635831822102 0.024893693203902608 0.0067456885119228475 0.0021481689703051251 0.002156340906580317 -0.013066973252977088 0.012375062684958414 0.0076495504443683986 0.01576046754715154 0.0051701174480491534 0.011082041912108031 -0.012395936153047717 8.5321910751417891e-05 0.023165177148257773 -0.01773352753666791 0.033333810465037091 -0.0104940654688501 0.0076341749869396963
leaf_weight=160.39063729345798 250.27064448595047 2905.9335057064891 144.61716458201408 771.6639274507761 528.93326525390148 2000.7888798713684 1026.3339883089066 239.5727127790451 1556.6140812709928 303.84545732289553 711.31276907026768 2414.8961059302092 64.948396138846874 92.103706866502762 146.81003674119711 156.06196475028992 2707.1574378609657 576.22434155642986 195.59472647309303 1383.8168868273497 613.75370858609676 1406.0953846275806 126.40225008875132 1388.4979480355978 376.9671418890357 85.819491416215897 127.66268298774958 57.028572022914886 466.75000462681055 73.157205477356911
leaf_count=923 1020 17213 609 3180 4933 13501 5857 1184 12429 2093 3219 13993 416 439 992 1006 15211 3341 825 7181 2916 6899 803 9585 2465 554 869 345 3180 309
internal_value=-2.82167e-05 0.00825521 -0.00376439 0.0147266 -0.00115764 -0.00512298 0.00246049 0.0112065 -0.0102583 -0.0145596 0.00941992 -0.00240955 -0.00566805 1.99615e-05 -0.0181075 -0.00197589 -0.000516575 -0.00503226 0.026688 0.00948253 0.00682112 0.0083958 -0.0071198 -0.00832719 -0.00973066 0.00804336 -0.00465223 0.010625 -0.0171391 0.0275272
internal_weight=23060 7167.35 15892.7 4261.42 11341.6 5411.37 5930.25 3294.16 4551.05 2348.02 2970.73 4415.68 2203.03 4401.82 1831.09 516.936 4309.72 1602.56 967.259 1528.43 2259.42 2019.85 2042.64 1916.23 1765.47 150.768 274.473 213.091 995.683 323.428
internal_count=137490 36765 100725 19552 68245 35607 32638 15547 32480 17734 14218 27494 14746 24848 14290 3444 24409 9198 4005 7790 10999 9815 13823 13020 12050 970 1861 1351 8113 1329
is_linear=0
shrinkage=0.03


Tree=30
num_leaves=31
num_cat=0
split_feature=22 37 24 12 14 29 50 38 30 45 31 51 50 52 72 59 21 16 74 0 39 26 26 36 29 74 74 74 21 50
split_gain=756.118 507.274 290.088 187.002 151.569 143.256 125.174 109.593 104.627 140.041 111.964 93.8072 82.0264 77.5908 71.9381 69.7892 60.683 53.3772 52.9244 51.7328 51.5182 66.0164 79.2516 52.1138 47.998 46.3849 45.6104 45.3863 48.1065 44.6079
threshold=0.99999999925000005 34.491647613629972 0.050793448334142663 0.29217479674796754 -0.019323671498295166 83.478459332926548 3.1517066955566411 1.0000000180025095e-35 -0.0094393704476135581 0.077525747163643924 82.797151005232479 0.02637668217124119 5.0178571428571432 0.013336402374291271 3758550.0000000005 0.054364245369762261 0.11023622047016803 0.99999999958333341 -1100199.9999999998 -0.0083916248063470849 14.651303382962052 0.052631578946560488 0.0769230769213511 -0.039122758671497108 357.59616646711351 9187300.0000000019 13920300.000000002 -49619299.999999993 0.24786321951393878 6.9821428571428585
decision_type=10 2 8 10 10 2 8 2 2 2 2 10 8 8 2 10 10 10 2 10 2 8 8 2 2 2 2 2 10 10
left_child=1 7 4 8 16 -5 25 13 12 10 -10 -11 -4 18 -9 -2 19 -16 -1 -3 23 -22 -23 -15 -18 -6 -27 -8 -29 -7
right_child=15 2 3 5 6 29 27 14 9 11 -12 -13 -14 20 17 -17 24 -19 -20 -21 21 22 -24 -25 -26 26 -28 28 -30 -31
leaf_value=0.026220146167181411 0.0096780877884286593 0.00021022623345774474 0.012215778899209075 -0.018866554486179674 -0.023351019386030701 -0.0065986776291534384 0.012942238657364356 -0.0020828575316582387 -0.0095688356039887144 0.014105142809771636 0.00030966267077602906 0.00036038930268722118 0.0013646058464934277 0.04045757547177728 0.009796111124732056 0.027261974192192548 -0.0022482458376750464 0.041578796635932787 -0.020518078181137208 -0.0086157469998912484 0.054827697534130887 -0.007340551770069678 0.018249013164777506 0.017221200713609979 0.014080326354334025 0.020360089205858217 -0.014822031287101176 -0.0087791389039676253 0.038917796352020396 0.00024427441693418352
leaf_weight=29.790488868951797 263.55634079873562 802.21686944365501 1355.1307240501046 630.17205953598022 879.42293254286051 1783.4632741287351 127.11450533568859 573.28374579548836 1437.9062871560454 898.88239573687315 3654.9624855145812 888.7953195720911 1167.843625202775 188.92027412354946 259.37236325442791 916.72187373042107 476.90024770051241 57.688898742198944 73.751034945249557 2335.4248101636767 36.834816336631775 128.90058043599129 680.35923394560814 165.86451922357082 244.04625798761845 33.762126058340073 759.15108836442232 502.2231333553791 18.782433912158012 1648.5499742329121
leaf_count=143 1363 4889 7080 5249 6948 11205 825 2817 9042 4628 21329 4968 6215 778 1192 3831 2992 242 397 15865 173 611 3013 714 1425 263 6001 3342 110 9840
internal_value=-2.80256e-05 -0.00129257 -0.00282112 -0.000351229 -0.00820224 -0.00572954 -0.0142604 0.0123827 0.00197217 5.52347e-05 -0.00248015 0.00727724 0.00719667 0.017919 0.00425727 0.0233495 -0.00455548 0.0157009 -0.0069199 -0.00635886 0.0200672 0.0160017 0.0141653 0.0296818 0.0032868 -0.0185964 -0.0132964 -0.00305627 -0.00698264 -0.00331171
internal_weight=23019.8 21839.5 19644.8 13465.7 6179.04 4062.19 2320.46 2194.77 9403.52 6880.55 5092.87 1787.68 2522.97 1304.42 890.345 1180.28 3858.59 317.061 103.542 3137.64 1200.88 846.095 809.26 354.785 720.947 1672.34 792.913 648.12 521.006 3432.01
internal_count=137490 132296 122216 79556 42660 26294 17489 10080 53262 39967 30371 9596 13295 5829 4251 5194 25171 1434 540 20754 5289 3797 3624 1492 4417 13212 6264 4277 3452 21045
is_linear=0
shrinkage=0.03


Tree=31
num_leaves=31
num_cat=0
split_feature=13 55 33 29 26 50 17 45 30 33 38 0 13 0 51 15 20 30 73 77 83 83 21 21 74 26 13 83 74 74
split_gain=744.676 510.045 341.82 338.117 230.147 128.273 112.956 99.3679 139.544 112.443 89.8687 88.4413 86.0234 78.0575 69.6364 59.5121 54.6026 53.7562 52.855 48.1088 75.3483 44.1461 42.2189 41.9646 39.4574 37.3749 34.9598 32.3434 31.5929 30.5339
threshold=0.42857142854387759 99.999999452249298 24.991424529746467 83.478459332926548 0.031249999999715176 6.9821428571428585 -0.13793103448758906 0.082089963185971851 0.00012437061995440593 312.92483153862014 0.26274691430625047 0.065020347997133868 0.64999999999769809 -0.037625981730542317 0.026890756302455101 -1.0555556428926137e-10 -0.03931357637254667 -0.0050079247625622872 19.305809756634268 0.021421077897451301 0.00067402129178071105 8.8881209857099571e-05 0.089285714282310261 0.043478260835538747 -56167949.999999993 0.019607843136966552 0.83333333327083348 -0.0016395045699842692 5595400.0000000009 30482750.000000004
decision_type=10 10 2 2 8 8 8 2 2 2 2 10 10 10 10 10 10 2 2 10 10 8 8 10 2 10 10 10 2 2
left_child=1 2 11 26 6 12 -4 8 13 -10 22 15 -5 -6 17 -1 27 -9 -12 20 -17 24 -3 -18 -8 -23 -2 -7 -14 -29
right_child=3 10 4 5 7 16 21 14 9 -11 18 -13 28 -15 -16 19 23 -19 -20 -21 -22 25 -24 -25 -26 -27 -28 29 -30 -31
leaf_value=0.03192763563569994 -0.016031988339238318 -0.0096227310985871183 0.060844907888318908 -0.0022036935248808446 0.01710775867154412 0.0036186544437928755 0.01971506758642854 0.0049919402056210309 -0.009286448285616998 0.00410674365308879 0.034103857258143543 -0.01308837141862247 -0.017033996235605912 0.0019999111494001529 0.0020893403615482517 0.01149320415713412 -0.02562271327587105 0.017538192379245695 0.013896277351788867 -0.0072101096619248727 0.029406973976910666 -0.024618754812111471 0.016168374674108567 0.01059845818962683 -0.017896056475692982 0.0037734804124533042 -0.026278563278839873 -0.0082819397992273096 -0.0095737310512025355 0.00017825507506788531
leaf_weight=229.30005930364132 528.11954347789288 62.392173819243908 17.661509856581688 1246.872990116477 323.62234495580196 632.54629898071289 25.010720744729042 546.67883041501045 1919.5774918273091 797.77381706237793 506.98807144165039 86.85545714199543 751.20679936558008 5974.1993474885821 1261.6534858047962 712.27911141514778 29.525835901498795 706.68748381733894 154.47386991977692 80.01989820599556 301.71132074296474 52.163149230182171 593.19571930170059 509.6476409137249 841.324294090271 192.75999248027802 721.99852295219898 841.43230305612087 1629.399891808629 704.12439937889576
leaf_count=951 4081 383 99 7681 1627 3862 165 2763 11416 4552 2083 444 5496 34049 6736 3162 220 3586 634 353 1287 364 2645 2986 6627 1266 7192 5356 11201 4223
internal_value=-2.76727e-05 0.00376628 0.00209413 -0.00771366 0.00053265 -0.00490151 -0.0123882 0.00179895 0.00032735 -0.00535324 0.0216115 0.0160992 -0.00859259 0.00277932 0.00707055 0.0180256 2.62028e-05 0.0120766 0.0294173 0.0150825 0.0168501 -0.0136085 0.0136984 0.00856562 -0.0167853 -0.00233675 -0.0219685 -0.00208925 -0.0119353 -0.00442808
internal_weight=22981.2 15386.3 14069.3 7594.87 12659.1 6344.76 1128.92 11530.2 9015.17 2717.35 1317.05 1410.17 3627.48 6297.82 2515.02 1323.31 2717.28 1253.37 661.462 1094.01 1013.99 1111.26 655.588 539.173 866.335 244.923 1250.12 2178.1 2380.61 1545.56
internal_count=137490 85192 79447 52298 73250 41025 8521 64729 51644 15968 5745 6197 24378 35676 13085 5753 16647 6349 2717 4802 4449 8422 3028 3206 6792 1630 11273 13441 16697 9579
is_linear=0
shrinkage=0.03


Tree=32
num_leaves=31
num_cat=0
split_feature=13 22 28 29 33 30 50 55 58 13 21 15 33 48 74 49 22 7 77 74 77 50 19 83 74 83 74 24 65 86
split_gain=703.447 533.239 372.745 326.783 188.024 127.825 121.755 94.048 89.0746 82.1887 79.0978 77.9377 96.1675 71.9116 59.3133 65.9517 56.4797 52.4885 49.1898 48.8874 48.4767 46.9254 41.8072 41.3712 41.224 35.5125 41.7305 41.2495 35.2973 35.164
threshold=0.42857142854387759 0.99999999925000005 0.11764705882286884 83.478459332926548 24.991424529746467 -9.983730508977827e-11 6.9821428571428585 99.999999693166401 -0.038450166037392534 0.64999999999769809 0.044871794866771515 -1.0555556428926137e-10 9.8842014579163635 0.17857142857142858 48546850.000000007 0.024999999999635421 0.78431372547866218 -0.052631578954135332 -0.0024119512237135853 86676050.000000015 0.021421077897451301 3.1517066955566411 0.25659083537906213 0.0040469685661111273 -2017749.9999999998 -0.0016395045699842692 193257450.00000003 0.080888649945473082 0.0054421226121954443 13.500000000000002
decision_type=10 10 8 2 2 2 8 10 10 10 10 10 2 10 2 10 10 10 10 2 10 10 8 8 2 10 2 10 2 2
left_child=1 2 5 -2 11 8 9 17 -1 -5 -7 -4 -13 -12 15 -10 25 23 -9 -16 -14 -15 -19 -6 -3 -8 -27 -28 -20 -18
right_child=3 24 4 6 7 10 16 18 14 -11 13 12 20 21 19 -17 29 22 28 -21 -22 -23 -24 -25 -26 26 27 -29 -30 -31
leaf_value=0.02869460650372891 -0.021669465575567735 0.032843021259644237 0.035788124700005502 -0.0021404516161335702 0.031048780221775891 -0.019228452355484 0.003524514128211842 0.031293237274700889 -0.0061820145768370352 -0.011669493416503996 0.029627524922991564 -0.016327855211550085 0.018224357441575204 -0.014080579016100445 0.021683344992958934 0.025748724831604761 0.0027732041607240561 0.0058593075434304103 0.026412269025277678 0.0012244870286441363 -0.0084783706473533383 0.0021124699535828174 0.001326096549776386 0.0021948603465508738 0.020062420568296598 -0.0074529025176814662 0.02186764939498256 -0.0028395687577979045 0.0010406288783584639 0.017574671483152931
leaf_weight=84.163004040718079 1229.7251741290092 342.42706597596407 162.99252045154572 1245.2563123553991 106.04141367971897 757.86507951468229 631.4287883490324 155.51442222297192 1869.2764359787107 2362.1563897058368 48.276302695274353 88.269815787672997 849.60904435813427 420.65035653114319 128.11777686327696 59.083048164844513 432.58053322136402 2695.9623658955097 72.24265892803669 568.36657014489174 65.203950628638268 259.7595153003931 5712.7682815641165 77.501585632562637 710.48763504624367 1168.5414813235402 91.632898092269897 176.0296580940485 152.36651030182838 216.7185868024826
leaf_count=400 11273 1439 684 7681 482 6066 3848 668 12099 16697 262 471 3639 2811 810 304 2505 14398 342 3480 287 1586 30939 366 2984 7450 553 1055 675 1236
internal_value=-2.7612e-05 0.00365304 0.00213836 -0.00752466 0.00525047 -0.00538072 -0.00477083 0.00377617 -0.00149904 -0.00838246 -0.0124467 0.016579 0.0134221 -0.00537258 -0.00247887 -0.00518929 2.47399e-05 0.00312851 0.0183614 0.00501787 0.0163106 -0.00790014 0.00278039 0.0189593 0.024249 -0.00239844 -0.00500521 0.00565756 0.00929529 0.00773758
internal_weight=22941 15386.9 14334 7554.07 10138.5 4195.56 6324.34 8972.4 2709.01 3607.41 1486.55 1166.08 1003.08 728.686 2624.84 1928.36 2716.93 8592.27 380.124 696.484 914.813 680.41 8408.73 183.543 1052.91 2067.63 1436.2 267.663 224.609 649.299
internal_count=137490 85192 80769 52298 52951 27818 41025 47870 17093 24378 10725 5081 4397 4659 16693 12403 16647 46185 1685 4290 3926 4397 45337 848 4423 12906 9058 1608 1017 3741
is_linear=0
shrinkage=0.03


Tree=33
num_leaves=31
num_cat=0
split_feature=67 28 10 33 29 30 48 53 30 11 74 15 37 11 48 53 18 20 81 77 29 29 34 72 37 21 11 86 20 33
split_gain=646.766 443.779 307.672 157.971 155.119 141.851 128.195 125.046 89.0422 84.209 84.0294 74.0611 73.452 66.4141 63.2777 61.0769 59.6002 58.3855 57.3983 55.3667 55.1909 55.0074 53.6593 78.544 51.241 45.8621 41.9414 41.7985 41.0578 40.9935
threshold=99.99999995166668 0.11764705882286884 -0.56961259079903137 24.991424529746467 83.478459332926548 -0.010997531517637103 2.8824266706194202 0.021720184355283129 -9.983730508977827e-11 0.49999984604972847 10194700.000000002 -1.0555556428926137e-10 39.538945668483329 0.49999984604972847 0.17857142857142858 0.03440104580768908 -1.9803825246356152e-11 -0.03703703705189753 -0.00083883820907847833 0.021421077897451301 9.9698221580965534 543.79876179933979 -0.0077153501591664111 329874500.00000006 1048.078067486915 0.1447368421026273 0.28377192982456145 14.500000000000002 -0.28963081527125834 167.28137204286239
decision_type=10 8 10 2 2 2 10 10 2 10 2 8 2 10 10 8 10 10 10 10 2 2 2 2 2 8 10 2 10 2
left_child=1 5 3 11 9 16 8 27 -7 -4 24 -3 14 17 -10 22 -1 29 -12 20 -13 -20 28 -24 25 -8 -14 -2 -5 -6
right_child=7 2 4 15 13 6 10 -9 12 -11 18 19 26 -15 -16 -17 -18 -19 21 -21 -22 -23 23 -25 -26 -27 -28 -29 -30 -31
leaf_value=0.027875343697969984 -0.0016367775381099269 0.038497495206069376 -0.020364944202519799 -0.0017790765962819521 -0.0086916953268089316 -0.0076357183039919502 -0.015531557757219148 0.02601891244329245 0.024254647673597154 -0.0042141606320258099 -0.0069547422145943977 -0.0041050011793738661 -0.020583274567684447 0.0033350266519916981 -0.0117882700457657 0.0097695619933933792 0.0023696332126627168 0.0062092915322284952 0.0044853723459504016 -0.011548337577031099 0.017807049455608712 0.026441744076448798 -0.0038820777559681768 0.008257329229697092 -0.0020018807524316774 0.010081847412066459 -0.0079225030825695215 0.018363404397207711 0.0074084605280308313 -0.0019817499791945194
leaf_weight=105.8747605830431 246.93985580652952 116.83182148635387 621.38189559429884 554.05523210763931 1347.4430763497949 1931.4036642238498 671.21803361922503 951.30590097606182 67.133254259824753 547.19451653957367 268.05196624994278 116.62007173895836 1502.7244059741497 2163.1311854422092 121.90872028470039 1297.8289859890938 363.29624642431736 514.99777449667454 415.28860559314489 73.832460433244705 878.51687002182007 135.90131317079067 1823.5181884765625 649.74552300572395 747.81413320451975 68.58663833886385 282.22601363062859 150.51349384337664 2069.8527498692274 2094.8756760954857
leaf_count=504 1287 494 5767 2864 8773 13217 4596 3929 358 3642 1708 586 12670 12315 711 6323 2073 2978 2659 329 3738 812 9954 3462 4866 456 2009 712 10849 12849
internal_value=-2.72904e-05 -0.00128907 0.00159651 0.00582772 -0.00280387 -0.00771079 -0.00891243 0.020118 -0.0122243 -0.0128149 -0.00330138 0.0158812 -0.0167063 -0.000890205 0.00105591 0.00396089 0.00817877 -0.0032008 0.00440837 0.0133729 0.0152346 0.00994245 0.00247968 -0.000689701 -0.00754933 -0.0131425 -0.0185887 0.00595674 0.00546737 -0.00461089
internal_weight=22900 21551.3 14869.8 7580.8 7289.02 6681.43 6212.26 1348.76 3905.4 1168.58 2306.86 1185.8 1973.99 6120.45 189.042 6395 469.171 3957.32 819.242 1068.97 995.137 551.19 5097.17 2473.26 1487.62 739.805 1784.95 397.453 2623.91 3442.32
internal_count=137490 131562 84923 38599 46324 46639 44062 5928 28965 9409 15097 5147 15748 36915 1069 33452 2577 24600 5179 4653 4324 3471 27129 13416 9918 5052 14679 1999 13713 21622
is_linear=0
shrinkage=0.03


Tree=34
num_leaves=31
num_cat=0
split_feature=13 53 33 67 28 15 72 37 72 28 28 23 44 66 13 72 27 53 8 20 20 44 3 72 83 17 86 46 18 7
split_gain=636.162 479.679 291.862 251.374 201.107 173.416 116.695 88.4842 62.4297 60.16 60.0204 58.3495 58.0365 57.0062 54.342 50.3991 47.2633 45.0908 42.8397 42.0404 39.9156 39.3906 38.963 38.7222 37.9391 36.9864 35.7827 35.2856 34.8537 33.1159
threshold=0.42857142854387759 0.020205257181837386 82.399739359051296 99.999999908333336 0.079545454544776614 -6.4308558478387559e-12 1774837800.0000002 24.132198468365473 13488300.000000002 0.12883435582794425 0.48850557838911601 0.65001032705214257 -0.066160804584306385 99.999999990291684 0.19999999996870002 1224150.0000000002 0.99999999970833342 0.043100946241597632 0.0098039215685914085 -0.024390243920285545 -0.19298245615096951 -0.097917342460193998 0.0052980225394019262 3586100.0000000005 -0.0045772151995564026 -0.072000000005567985 13.500000000000002 1.7420959472656252 0.22556390976890731 -0.0093457943994671982
decision_type=10 8 2 10 8 10 2 2 2 8 10 10 2 10 10 2 10 10 10 10 10 2 10 2 8 8 2 10 8 10
left_child=1 4 27 5 8 10 9 21 12 -4 17 14 -1 15 24 25 23 20 29 -11 -3 -6 -15 -13 -7 -9 -8 -2 -5 -14
right_child=2 3 6 28 7 11 26 13 -10 19 -12 16 18 22 -16 -17 -18 -19 -20 -21 -22 -23 -24 -25 -26 -27 -28 -29 -30 -31
leaf_value=0.038732374064087374 -0.024976993091278741 0.010241673439639332 -0.011421199866934014 0.01046220917212325 0.049180513733819931 0.022759355202924169 -0.0018254303524446154 0.00026342078992511018 -0.0013352392395176173 -0.0052959298132526081 -0.0015059798653254425 -0.010710066395148236 0.0012950089009046892 0.034870422722842791 -0.0037585964664043261 0.0021360434502763425 0.016708839271943835 0.032110189995831727 -0.0023418973052641207 0.010778586040841358 0.027300248900035361 0.013150463034970476 0.0044987504331155375 0.0011735582678637541 0.0080316006682406762 -0.0077927247574042019 0.0066869924102287322 -0.014079289726927895 0.026265914151588743 -0.017868401069271452
leaf_weight=18.409523725509644 736.8370323702693 320.43549284338951 1837.1699576601386 149.23840940743685 29.083321169018745 173.9190685749054 1056.0063911750913 1141.9235805571079 634.79936510324478 2503.6342688500881 110.03303237259388 364.53094422072172 88.244074456393719 72.572048425674438 330.2290740609169 5518.4970463365316 124.6819621399045 268.77084125578403 247.89848221838474 154.49239594489336 202.95423571765423 331.17826023697853 79.903375491499901 757.99661553651094 1642.4036882668734 928.98868632316589 765.58105442672968 430.23806365579367 885.93954367935658 953.17125552892685
leaf_count=122 7240 1441 13345 658 120 829 6391 6324 4307 16158 501 1954 583 304 1924 30905 535 1146 1707 865 928 1419 373 4041 8239 5451 4568 3731 3651 7730
internal_value=-2.71568e-05 0.00346421 -0.00720008 0.0107367 -0.000395985 0.00753448 -0.00465122 0.00168244 -0.00906293 -0.00724652 0.0192187 0.00442273 -0.0128079 0.0010047 0.00742019 0.000638149 -0.000735561 0.0220995 -0.0135756 -0.00435684 0.0169016 0.0161955 0.019107 -0.00268897 0.00945523 -0.00335105 0.00175225 -0.0209777 0.0240027 -0.016242
internal_weight=22859.8 15375.8 7483.96 5331.13 10044.7 4295.95 6316.88 8102.15 1942.52 4495.3 902.194 3393.76 1307.72 7741.88 2146.55 7589.41 1247.21 792.161 1289.31 2658.13 523.39 360.262 152.475 1122.53 1816.32 2070.91 1821.59 1167.08 1035.18 1041.42
internal_count=137490 85192 52298 25847 59345 21538 41327 44896 14449 30368 4016 17522 10142 43357 10992 42680 6530 3515 10020 17023 2369 1539 677 5995 9068 11775 10959 10971 4309 8313
is_linear=0
shrinkage=0.03


Tree=35
num_leaves=31
num_cat=0
split_feature=13 22 28 29 37 72 0 18 72 55 21 32 21 77 1 12 28 23 47 83 66 72 15 70 40 13 85 13 20 86
split_gain=600.851 459.111 312.959 298.408 160.815 111.492 103.33 87.4983 74.2011 70.1987 68.0369 67.321 59.126 52.8503 50.6985 53.0837 50.0222 49.8047 44.4373 41.2412 38.3384 37.7945 37.757 37.5765 36.8057 33.0979 32.6868 31.9641 31.8028 31.4402
threshold=0.42857142854387759 0.99999999925000005 0.11764705882286884 81.83692366968512 24.132198468365473 1774837800.0000002 -0.0064446905717845939 0.05555555555239023 1575300.0000000002 99.999999784458197 0.086466165412635312 -0.013884984370574114 0.19999999997709098 0.021421077897451301 -0.038085695199923657 0.056079664570230614 0.13076923076895416 0.81795907412032542 0.02687411598282732 -0.0010736636144851358 33.333333331613765 894710950.00000012 0.38805970148114283 0.30235823029962122 0.34369532892855609 0.71428562623428371 0.0084630219079563536 0.88196591440612948 -0.027027027032505365 13.500000000000002
decision_type=10 10 8 2 2 2 10 8 2 10 10 2 8 10 10 10 8 10 10 10 10 2 10 10 2 10 10 10 10 2
left_child=1 2 6 25 7 12 18 -4 11 14 -10 -8 19 16 15 -6 -9 -11 -1 -5 -12 24 -19 -16 -3 -2 -13 -21 -14 -7
right_child=3 21 4 5 9 29 8 13 10 17 20 26 28 -15 23 -17 -18 22 -20 27 -22 -23 -24 -25 -26 -27 -28 -29 -30 -31
leaf_value=0.000871105794131826 -0.014790813826609163 0.017474550356669824 0.030202445616642211 -0.003604697291204806 0.014135877707424098 -0.0016103643222590747 0.015210936931398852 -0.015996569758491265 -0.0069896864613322651 0.033895832129310521 0.024334668054379522 -0.01767781332743306 -0.0034967897341837504 -0.014375684417321477 0.00012695516558012878 -0.0016773366013911497 0.015374747936251718 0.0012732832913103459 0.025646586771091478 -0.0076386681843022873 0.0017370407638852736 0.0012028718440355278 0.03052571726760504 0.0042684398413012931 0.02930252230194913 -0.025463857184529589 -0.0041389307961579918 -0.014681808817949773 0.010187228283200541 0.0063400769544684375
leaf_weight=1174.9231481328607 437.02115610986948 435.85964144766331 282.78801745176315 860.49261009693146 668.00951248407364 1061.8634622320533 67.568404123187065 48.396877586841583 1348.1436438784003 107.52667526900768 93.326744467020035 961.1831392198801 1122.022848919034 68.300781115889549 3874.0572431981564 266.70323956012726 635.5354145616293 156.21976226568222 68.010337084531784 1124.6772243157029 240.0099341571331 70.211392402648926 52.400510936975479 4017.7579449415207 541.2276478856802 680.23062631487846 194.21526542305946 1212.0405953601003 175.88761424273252 772.04444772005081
leaf_count=7207 3542 1884 1175 5717 3155 6438 354 246 9275 472 541 7280 7156 308 20938 1519 2763 690 363 7258 1448 290 225 21460 2249 7189 1350 9413 992 4593
internal_value=-2.67556e-05 0.0033612 0.00195837 -0.0070209 0.00478901 -0.00449526 -0.00498679 0.0159922 -0.00808389 0.00351879 -0.00398818 -0.0137049 -0.00703822 0.0106131 0.00301973 0.00962369 0.0131303 0.017389 0.0022487 -0.00923008 0.0081267 0.0225262 0.00874569 0.00223606 0.0240526 -0.0213087 -0.0154102 -0.0112979 -0.00163366 0.00173663
internal_weight=22818.7 15372.4 14325.1 7446.28 10177.7 6329.03 4147.38 1035.02 2904.45 9142.67 1681.48 1222.97 4495.12 752.233 8826.53 934.713 683.932 316.147 1242.93 3197.21 333.337 1047.3 208.62 7891.82 977.087 1117.25 1155.4 2336.72 1297.91 1833.91
internal_count=137490 85192 80769 52298 52951 41567 27818 4492 20248 48459 11264 8984 30536 3317 47072 4674 3009 1387 7570 22388 1989 4423 915 42398 4133 10731 8630 16671 8148 11031
is_linear=0
shrinkage=0.03


Tree=36
num_leaves=31
num_cat=0
split_feature=13 22 28 50 39 22 31 30 72 75 18 66 21 5 18 66 50 30 77 86 55 40 74 76 16 4 77 74 28 21
split_gain=569.335 468.731 292.768 230.654 175.513 110.191 107.199 96.6666 92.2549 73.4276 70.5716 68.7353 68.2328 57.3183 50.4674 49.8669 48.6031 48.2488 46.8587 45.8014 42.0277 39.7287 39.6682 33.366 31.3849 31.1732 29.2442 27.7192 30.1775 27.6072
threshold=0.64999999999769809 0.99999999925000005 0.11764705882286884 6.9821428571428585 27.401520081235898 0.4285714285459184 80.073379015667555 -0.010997531517637103 1575300.0000000002 0.021644332236367945 0.082644628096042019 99.999999990291684 0.11023622047016803 -0.062480283911671923 -1.9803825246356152e-11 33.333333331613765 2.9676036834716801 -0.0012125718219334611 0.0025739920978164275 13.500000000000002 63.63636360467563 0.06648234753835737 -2017749.9999999998 -8.530668454982786e-05 0.99999999925000005 0.21987672199324196 0.041016745330267522 5595400.0000000009 0.11111111110185186 0.14960629920943028
decision_type=10 10 8 8 2 8 2 2 2 8 10 10 10 10 10 10 8 2 10 2 10 2 2 10 10 10 10 2 10 10
left_child=1 2 7 6 5 21 25 14 17 10 -7 13 26 16 -1 -14 -6 -9 -13 -15 -5 24 -3 -24 -4 -2 -10 28 -8 -11
right_child=3 22 4 20 11 9 27 8 12 29 -12 18 15 19 -16 -17 -18 -19 -20 -21 -22 -23 23 -25 -26 -27 -28 -29 -30 -31
leaf_value=0.026129170454682389 -0.025491906462973064 0.030366909224630978 0.023615482241558378 -0.004393226701141428 0.013284122209720922 0.019751935177876812 -0.021412890679492619 -0.0054401947389904016 -0.0044264216942044047 0.015956266266779946 -0.0026156273213450544 0.026177317429805128 0.025672160103075842 -0.0011001601173551646 0.0026108712799715723 0.0018700087965813014 0.0032995734254407023 -0.016402528244482326 -0.0051125136887799991 0.0032988441800554679 0.0052326982522471642 -0.006667230388596272 -0.0038155332848425639 0.019742932117647837 0.054589794431867199 0.018983434121400147 -0.022637787916510371 -0.0089520786584143287 -0.0090999612329028014 0.050179352705007396
leaf_weight=106.59355245530605 677.1083180308342 338.51388817280531 531.89222764968872 963.15333896130323 663.63531044870615 167.70419076085091 409.2004434093833 583.73185062408447 2422.0517568737268 47.716553002595901 511.65002758800983 175.17421068251133 107.26053331792355 4464.9430435821414 349.5747370198369 297.18329399824142 1297.6346682682633 957.7145978435874 56.431066647171974 4070.8680528178811 706.91334230452776 36.444894373416901 58.472215980291367 648.61076161265373 31.096151039004326 13.727086722850798 81.225024200975895 1637.8565345406532 324.41477974504232 39.917727902531624
leaf_count=504 7208 1439 2236 6272 3300 717 3287 3899 16335 210 2352 755 625 25386 1969 1768 6921 7373 245 22274 4263 165 263 2721 133 105 545 11723 2324 173
internal_value=-2.64856e-05 0.00240227 0.0012024 -0.00928728 0.00370964 0.0138325 -0.0141771 -0.00497861 -0.00632771 0.00628251 0.0029225 0.00241893 -0.00317905 0.00206097 0.00815812 0.00823761 0.00668462 -0.0122594 0.0185514 0.000997586 -0.000316234 0.0234614 0.0218884 0.0177879 0.0254254 -0.0245777 -0.00502734 -0.0111369 -0.0159918 0.0319691
internal_weight=22778.4 18046 17000.4 4732.37 12095.1 1366.42 3062.31 4905.34 4449.17 766.988 679.354 10728.7 2907.72 10497.1 456.168 404.444 1961.27 1541.45 231.605 8535.81 1670.07 599.433 1045.6 707.083 562.988 690.835 2503.28 2371.47 733.615 87.6343
internal_count=137490 102308 97885 35182 64867 5986 24647 33018 30545 3452 3069 58881 19273 57881 2473 2393 10221 11272 1000 47660 10535 2534 4423 2984 2369 7313 16880 17334 5611 383
is_linear=0
shrinkage=0.03


Tree=37
num_leaves=31
num_cat=0
split_feature=13 53 29 67 28 15 50 22 13 37 67 0 23 20 13 22 76 29 77 51 31 19 59 46 75 45 77 20 13 86
split_gain=539.251 409.479 281.88 218.442 173.189 150.785 103.487 80.8844 71.6542 57.5243 56.2609 54.8209 54.4274 51.9455 49.4478 48.4275 46.32 44.1315 42.2516 54.3944 39.5934 38.8081 36.3118 35.3902 35.2475 34.287 32.9546 32.3031 31.5183 30.7386
threshold=0.42857142854387759 0.020205257181837386 81.83692366968512 99.999999908333336 0.079545454544776614 -6.4308558478387559e-12 6.9821428571428585 0.76666666664750016 0.6275128103933757 50.198870885874477 24.206349204475497 0.006379601554709958 0.65001032705214257 -0.13559322034997126 0.19999999996870002 0.78431372547866218 -0.061214693839298374 9.9698221580965534 -0.0019059694824227079 0.012050832602924395 14.023076960489982 0.99999999970833342 -0.096729638210657651 0.60000010899135059 1.0000000180025095e-35 -0.031266241475247473 0.0051152854346794233 -0.038461538476947714 0.71428562623428371 13.500000000000002
decision_type=10 8 2 10 8 10 8 10 10 2 10 10 10 8 10 10 8 2 10 10 2 8 10 10 10 2 10 8 10 2
left_child=1 4 28 5 9 10 8 11 -4 -1 16 13 14 23 22 26 -3 -14 19 -11 -9 -19 -7 -6 -5 -21 -8 -20 -2 -17
right_child=2 3 6 24 7 12 15 20 -10 18 -12 -13 17 -15 -16 29 -18 21 27 25 -22 -23 -24 -25 -26 -27 -28 -29 -30 -31
leaf_value=-0.018725912388957818 -0.01443335743046132 -0.01106548820836813 -0.0017923375648171312 0.026649354001208651 0.011449039606206149 -0.0012057758375907301 -0.00021213485347804911 0.042909508911413083 -0.010700563167104604 -0.023194620903816292 0.031294138958936069 -0.0084251323692194659 -0.025933994272583652 -0.001199885229631671 -0.0037625698531467602 0.0026189276897962289 0.01603382021620817 -0.0017917145844084435 0.0014029952325441523 0.034514353616289767 0.0081708258065200223 0.014252232555545323 0.010611666353974409 0.0026431121471311141 0.015082494732915721 -0.0061221146903097361 -0.009777939136510717 -0.0091163687673619584 -0.02497107393383077 0.016382270533914094
leaf_weight=394.04549328237772 431.32692121714354 61.534545674920082 1248.3671379163861 640.11298166960478 501.06225864589214 274.72399511933327 1651.9724362269044 29.505268648266792 2334.4956098720431 241.4898322597146 212.51272924244404 587.35529996454716 59.598229467868805 3671.3957886397839 330.24881836771965 433.36482998728752 631.44716712832451 1033.7842740193009 663.88497272878885 20.162215836346149 1048.1615910232067 155.15683411806822 1553.8430311456323 2274.3690398484468 387.2744575291872 158.49163755774498 402.47377838939428 433.14858476817608 654.25095922499895 220.17431995272636
leaf_count=3461 3542 271 7813 2687 2393 1342 10403 127 17097 1796 933 3467 352 20939 1924 2505 2812 5491 4668 140 5433 687 7726 12537 1622 1117 2513 3267 7189 1236
internal_value=-2.61241e-05 0.00317486 -0.00669292 0.00988391 -0.000400023 0.0069184 -0.00425444 0.00151405 -0.0075989 -0.00852207 0.0177941 0.00034054 0.00402295 0.00114081 0.00690553 0.000170585 0.0136107 -0.000960361 -0.00585934 -0.0139394 0.00916361 0.000309717 0.00883488 0.00423752 0.022311 -0.00135275 -0.00209142 -0.00275222 -0.0208041 0.00727826
internal_weight=22739.7 15363.3 7376.43 5340.24 10023.1 4312.85 6290.85 8111.85 3582.86 1911.22 905.494 7034.18 3407.36 6446.83 2158.82 2707.99 692.982 1248.54 1517.18 420.144 1077.67 1188.94 1828.57 2775.43 1027.39 178.654 2054.45 1097.03 1085.58 653.539
internal_count=137490 85192 52298 25847 59345 21538 41567 44896 24910 14449 4016 39336 17522 35869 10992 16657 3083 6530 10988 3053 5560 6178 9068 14930 4309 1257 12916 7935 10731 3741
is_linear=0
shrinkage=0.03


Tree=38
num_leaves=31
num_cat=0
split_feature=13 22 28 39 29 22 13 2 72 31 53 30 75 8 64 21 4 77 47 86 74 8 39 39 28 43 8 0 3 13
split_gain=513.62 445.333 249.907 178.974 147.665 102.179 90.5291 90.0264 82.6527 76.7502 73.7073 70.3837 67.6536 58.8764 57.678 55.2559 47.6335 45.422 42.9988 42.0521 38.3103 37.415 33.7145 45.8338 29.8995 32.2977 30.5029 28.6967 28.3263 26.8873
threshold=0.93749999997363298 0.99999999925000005 0.11764705882286884 27.401520081235898 83.478459332926548 0.4285714285459184 0.068965517239595736 -0.038450166037392534 1575300.0000000002 83.617435733184038 0.03440104580768908 -0.0063467822154361633 0.021644332236367945 0.019607843137198839 0.8351190003869059 0.085365853648609505 0.15259517397961878 -0.0024119512237135853 0.0039682539681712972 14.500000000000002 -18997949.999999996 0.038277511961695855 9.1626210294976875 22.506029114343622 0.093749999999572772 0.013998888153774149 0.01204819277097547 -0.019580457881476606 0.071478661590863593 0.24999999995109379
decision_type=10 10 8 2 2 8 10 10 2 2 8 2 8 10 2 10 8 10 10 2 2 8 2 2 8 2 10 10 10 10
left_child=1 2 7 5 28 22 10 -1 11 -8 13 29 16 -5 24 27 -7 -12 -17 -11 -3 -13 -4 -24 25 -6 -26 -10 -2 -9
right_child=4 20 3 6 14 12 9 8 15 19 17 21 -14 -15 -16 18 -18 -19 -20 -21 -22 -23 23 -25 26 -27 -28 -29 -30 -31
leaf_value=0.02463727637544693 -0.025678488091498693 0.033044390686760128 0.041462314769363955 0.0012737910576907929 -0.016899906274931275 0.00052136621060101058 -0.01180149900620964 0.0054456842298459896 0.0092213540652447707 -0.0012685335791885357 0.017941353657468347 -0.0062080867587483756 0.030336746878669631 0.010814037240117116 0.0015164082977080066 0.043201128134295379 0.033193690757147808 0.0061778192278539468 0.0030406914334217762 0.0063520292048106037 0.018032692635605467 -0.01684954375947835 0.012856353776080879 0.031314829337520361 -0.002586889225477236 0.021634173285970976 -0.012215470882459537 -0.0054927989032775163 0.013507543349037667 -0.019559174429321702
leaf_weight=90.090431526303291 613.50775916874409 189.10642650723457 73.006939545273781 4810.2032351642847 633.11571105569601 638.43953627347946 556.41019228845835 275.23974013328552 124.2166378647089 4058.3833844289184 461.50655715167522 428.98220189660788 88.534167662262917 661.62859009206295 440.57074508816004 23.821364864706993 41.875024050474167 826.22462210059166 744.69127005338669 775.34631408751011 852.37053084373474 988.40444863587618 335.65385502576828 191.67667968571186 558.24731332808733 19.309096843004227 633.51635101437569 2507.4581541344523 16.378807030618191 43.991645112633705
leaf_count=430 6989 803 326 25461 5179 2897 4377 1637 696 23801 2132 3038 384 3481 2844 124 173 3924 4533 4337 3620 7619 1403 805 4214 140 4678 17005 152 288
internal_value=-2.59957e-05 0.0017059 0.000644395 0.00279834 -0.0117813 0.0130771 0.00163877 -0.00492548 -0.00544924 -0.00126065 0.00395109 -0.0107728 0.00581769 0.00242967 -0.00822709 -0.00272701 0.0025826 0.0104067 0.00434395 -4.44885e-05 0.0207904 -0.0136376 0.022344 0.019618 -0.010556 -0.0157235 -0.0077137 -0.0047939 -0.024635 0.00194021
internal_weight=22701.9 19787.3 18745.8 13518.9 2914.65 1369.19 12149.7 5226.9 5136.81 5390.14 6759.56 1736.62 768.849 5471.83 2284.76 3400.19 680.315 1287.73 768.513 4833.73 1041.48 1417.39 600.337 527.331 1844.19 652.425 1191.76 2631.67 629.887 319.231
internal_count=137490 113294 108871 73501 24196 5988 67513 35370 34940 32515 34998 12582 3454 28942 17055 22358 3070 6056 4657 28138 4423 10657 2534 2208 14211 5319 8892 17701 7141 1925
is_linear=0
shrinkage=0.03


Tree=39
num_leaves=31
num_cat=0
split_feature=22 35 45 0 50 32 88 51 38 35 18 72 0 14 39 40 71 61 38 59 53 22 45 74 49 51 77 46 74 61
split_gain=474.094 307.6 208.868 192.957 228.116 124.366 110.902 105.869 88.498 72.966 66.4796 64.513 62.4613 61.8275 61.1895 58.4988 58.2208 54.858 51.074 50.2066 50.0378 61.241 46.1037 48.8085 41.4511 40.8471 39.7624 39.4537 38.6526 33.8577
threshold=0.99999999925000005 33.848100325124889 0.082089963185971851 -0.0064446905717845939 2.5071428843906953 -5.8590851786943777e-07 -0.60355339059327329 0.026890756302455101 -0.032143597517518933 50.482382154641435 0.11729008663848152 103561700.00000001 -0.019580457881476606 -0.042056074766892319 9.4267269838024976 -0.061096606291764825 0.58968314586275228 -0.11898326898326898 -0.0064135792236739144 0.054364245369762261 0.019994293395371281 0.27999999999160002 -0.085299145433781906 95646350.000000015 0.0029154518950282623 0.023660714285667461 0.0074008256845762054 0.20000021798270093 -332949.99999999994 -0.055510680308741726
decision_type=10 2 2 10 8 2 2 10 2 2 10 2 10 8 2 2 8 10 2 10 8 10 2 2 10 10 10 10 2 8
left_child=1 8 3 6 5 9 29 17 14 -5 -7 15 -8 -13 -1 -6 22 -4 -19 26 21 28 -10 25 -20 -24 27 -2 -16 -3
right_child=19 2 7 4 11 10 12 -9 16 -11 -12 13 -14 -15 20 -17 -18 18 24 -21 -22 -23 23 -25 -26 -27 -28 -29 -30 -31
leaf_value=0.036022742282743145 0.033307218034978596 0.019583335816340492 0.029940573959396241 0.0052388493939033954 0.0026137277302208627 -0.017199472781454849 0.0049044430124161502 -0.00056818259074683695 0.036351643496333533 -0.0082849308715397252 -0.0038653856216260165 -0.0037387054571152707 -0.0040673493195949031 0.0043080256508539428 0.009523388579464595 -0.0077803808897774253 0.012300979602191262 -0.01562489706058713 -0.028516429294622687 0.022017549578138132 0.019820678638720429 0.031182907844618676 -0.0011116320558804769 0.027677997422994444 0.0098712521043772383 -0.021098473727123986 -0.012454083716135059 0.0045974259270613839 -0.014475993891414842 0.0068667845613108892
leaf_weight=129.12187667191029 63.104360938072205 237.03031052649021 109.53454513847828 450.50384083390236 625.12806095182896 2231.6454467773438 1007.7861368060112 2050.6126610562205 27.744977086782455 1752.3254971206188 397.74780172854662 1580.2815952897072 2267.9169958382845 1881.1682813465595 117.60703186690807 2196.657050549984 513.23207978904247 77.002302274107933 24.756893388926983 897.2270934060216 466.85168586671352 58.994943261146545 545.91496476531029 44.374059483408928 1550.7106858566403 109.81488066911697 68.370896764099598 133.52067985385656 122.00247378647327 924.65442047268152
leaf_count=563 282 1245 513 2778 3733 18679 5479 11665 120 12609 2584 9487 13723 11653 538 14370 2302 405 141 3831 1966 259 2612 196 8200 575 326 755 585 5316
internal_value=-2.55229e-05 -0.00103482 -0.00222671 -0.00376938 -0.00588057 -0.0107807 0.00151851 0.00406486 0.00976741 -0.00551668 -0.0151858 -0.00211046 -0.00130556 0.000633506 0.0169569 -0.00547653 0.00457326 0.00945575 0.0080788 0.0186288 0.0136941 0.00407128 -0.000881119 -0.00241067 0.00924842 -0.00449042 0.007104 0.0139486 -0.00269334 0.00947866
internal_weight=22663.3 21501.1 19365.5 15552.8 11115.5 4832.22 4437.39 3812.62 2135.66 2202.83 2629.39 6283.23 3275.7 3461.45 894.578 2821.79 1241.08 1762 1652.47 1162.22 765.456 298.604 727.849 700.104 1575.47 655.73 264.996 196.625 239.61 1161.68
internal_count=137490 132296 122580 101656 75893 36650 25763 20924 9716 15387 21263 39243 19202 21140 3911 18103 5805 9259 8746 5194 3348 1382 3503 3383 8341 3187 1363 1037 1123 6561
is_linear=0
shrinkage=0.03


Tree=40
num_leaves=31
num_cat=0
split_feature=67 28 10 15 68 50 35 53 70 21 30 74 11 37 74 41 7 86 45 59 11 18 43 18 53 65 74 52 85 86
split_gain=453.272 318.682 203.605 112.811 110.594 117.936 109.771 92.3166 80.6623 74.1629 70.9754 70.4513 62.751 62.653 63.7966 61.983 60.3034 56.4667 52.8294 50.0447 44.9948 41.1085 40.6216 37.1482 36.9917 36.9188 35.4818 34.9257 34.9203 34.8396
threshold=99.99999995166668 0.11764705882286884 -0.56961259079903137 -1.0555556428926137e-10 -49.999999992708332 3.1517066955566411 84.723586349068782 0.021720184355283129 0.84592964499714129 0.099999999985267776 -0.010997531517637103 26658150.000000004 0.37406716417910452 35.112589845595387 -3631549.9999999995 0.0015887299109246247 -3.9230785287003294e-11 14.500000000000002 0.084686819276216255 0.037335497835497951 0.067231638418079109 -1.9803825246356152e-11 0.056534048825451551 0.11111111101851857 0.017200522903844599 9.2764150100970981e-05 9187300.0000000019 0.021601900530013457 0.056416039531350291 14.500000000000002
decision_type=10 8 10 8 10 10 2 10 8 10 2 2 10 2 2 2 10 2 2 10 10 10 2 10 8 2 2 10 10 2
left_child=1 4 3 -3 9 13 12 29 16 10 21 -7 -4 14 19 -13 22 20 -18 -6 -8 -1 -5 26 -10 -12 -15 -16 -26 -2
right_child=7 2 6 8 5 11 17 -9 24 -11 25 15 -14 23 27 -17 18 -19 -20 -21 -22 -23 -24 -25 28 -27 -28 -29 -30 -31
leaf_value=0.024018669259245961 -0.0021486649621234783 0.034607656197844179 -0.017591654873441814 0.0085781280591940411 0.03176621637903583 -0.0077610023104319487 -0.0066585610908751107 0.022122382153869302 0.004363762910370301 0.0097958479415136829 -0.0083414658718398375 -0.013969854560104085 -0.0037020467741435835 -0.02065065047120624 0.0062640146672867702 0.017336075614941 -0.0020984243556300746 0.0056266509652334647 0.0059969431857893095 -0.013936758537594655 -0.00024139804216128161 0.0018001077983140071 -0.0058960235028795004 0.025667455250238325 0.014805937104342679 -4.23435630101809e-05 -0.012609387936050298 -0.031925878551103903 0.0024134869791108114 0.016155927692738936
leaf_weight=97.202245265245438 245.59984210133553 111.23862871527672 588.05999772250652 1533.7590872645378 71.31099995970726 565.03359682112932 1352.1620622724295 932.38654918968678 865.36787520349026 368.54288366436958 1951.4841921031475 73.614851772785187 584.60230252891779 934.68804091215134 35.536372072994709 239.72321263700724 2634.1670305579901 1061.5758756399155 1000.1267310976982 29.940070703625679 3602.623822376132 318.78411416709423 195.93413214385509 18.193688161671162 1046.4553634077311 641.71406167000532 1070.5681741014123 52.258735477924347 255.62947851419449 149.77195465564728
leaf_count=459 1287 494 5827 7339 342 3817 9285 3929 4462 2269 13624 490 3943 8161 217 1484 14209 6317 5036 164 20952 1817 947 116 4742 4426 8962 291 1370 712
internal_value=-2.51398e-05 -0.00108569 0.00133754 0.00474642 -0.00664168 -0.0107419 -0.00228619 0.0169743 0.00430044 -0.00288673 -0.00444373 -0.00143529 -0.0106789 -0.014433 0.00205937 0.00995055 0.00232531 -0.000648337 0.000129564 0.0182183 -0.00199424 0.00704419 0.00693435 -0.0159756 0.00918376 -0.00628973 -0.0163675 -0.0165377 0.012379 0.00480105
internal_weight=22628.1 21300.3 14831.7 7642.68 6468.6 3090.87 7189.02 1327.76 7531.44 3377.73 3009.18 878.372 1172.66 2212.5 189.046 313.338 5363.99 6016.36 3634.29 101.251 4954.79 415.986 1729.69 2023.45 2167.45 2593.2 2005.26 87.7951 1302.08 395.372
internal_count=137490 131562 84923 38599 46639 24044 46324 5928 38105 22595 20326 5791 9770 18253 1014 1974 27531 36554 19245 506 30237 2276 8286 17239 10574 18050 17123 508 6112 1999
is_linear=0
shrinkage=0.03


Tree=41
num_leaves=31
num_cat=0
split_feature=13 67 35 28 31 13 26 70 15 31 8 30 31 23 74 15 57 21 83 86 8 28 28 75 74 31 3 14 72 60
split_gain=457.859 385.867 196.614 158.062 133.641 82.8572 77.3653 72.6653 66.6367 97.7924 65.8786 62.7855 56.3417 54.0599 53.0244 52.6217 50.2193 48.4033 46.2092 40.2623 39.9424 37.4873 38.4533 37.1581 37.061 36.5445 35.2343 35.0294 32.1198 37.7901
threshold=0.93749999997363298 99.99999995166668 24.221704686451577 0.13363062132509931 84.386000267643794 0.068965517239595736 0.031249999999715176 1.9565104876452295 -1.4815648707866555e-11 84.386000267643794 0.023584905660338423 0.014773866934371995 9.9471918353679509 0.36706445576988661 -43997749.999999993 0.17206046641448472 99.999999669444463 0.21428571422066325 8.8881209857099571e-05 10.500000000000002 0.019607843137198839 0.53684210525992893 0.076923076922378375 0.018359804354296804 -279958099.99999994 83.617435733184038 0.071478661590863593 -0.032432432432615503 222558900.00000003 0.088896429514006683
decision_type=10 10 2 8 2 10 10 10 10 2 10 2 2 10 2 10 8 10 10 2 10 10 8 8 2 2 10 10 2 10
left_child=1 2 11 6 26 7 14 20 13 -10 27 15 -13 -8 24 21 19 -6 -16 -3 -5 22 -1 -14 -4 -12 -2 -7 29 -21
right_child=4 16 3 5 17 10 8 -9 9 -11 25 12 23 -15 18 -17 -18 -19 -20 28 -22 -23 -24 -25 -26 -27 -28 -29 -30 -31
leaf_value=-0.014875809898130697 -0.024731361713127356 0.0054275682138893652 -0.015431382081667104 0.0021630557372467009 -0.0098999892280936894 0.0010755155100193121 0.0070450973015425255 0.014304996978440348 -0.012058152590058314 -0.0013459115102611627 -0.011074963364464079 -0.022057804950389202 0.00098132368528462926 0.051166602564699744 -0.016348004830156148 -0.024001589635112352 0.028920420884174868 0.0014612418078556906 0.0003699411461962336 0.0062555845054902423 0.010203946247995836 -0.013910238511509418 0.018774637731290636 0.032009958222921207 0.035858340538912604 -0.0023229224604060538 0.015544557976152947 0.010818146749621256 0.0029206145807287153 0.025584821983606284
leaf_weight=30.818479791283607 609.00089827179909 303.55181312561035 19.137186758220196 5041.3976627737284 1816.5944209769368 1394.3074076995254 257.81060396879911 567.57186278700829 964.9985840767622 3728.8591121584177 513.53709384799004 78.655037671327591 162.87298375368118 26.788418129086494 804.96968184411526 28.802863970398903 283.15177756547928 413.61359560489655 182.01152770221233 116.61440145969391 624.43459515273571 34.314296513795853 909.76230634748936 43.251453757286072 33.773887872695923 2611.1738011017442 19.464991025626659 435.48369207978249 99.310690611600876 434.69603730738163
leaf_count=156 7169 1314 129 26002 14227 8121 1446 2726 6490 23743 4099 450 714 163 6877 126 1239 2630 1332 578 3248 146 3862 182 228 15203 170 2495 409 1816
internal_value=-2.49023e-05 0.00160075 0.000515042 -0.000331521 -0.0112437 0.00177717 -0.00425165 0.00407871 -0.00269508 -0.00355095 -0.0011181 0.0118138 -0.000607866 0.0113732 -0.011691 0.0153383 0.0178133 -0.00779188 -0.0132647 0.0144873 0.00305142 0.0165271 0.0176543 0.00762971 0.0173098 -0.00376534 -0.0234564 0.00340051 0.0186948 0.0215204
internal_weight=22590.7 19732.1 18494.7 17206.3 2858.67 11187.9 6018.35 6233.4 4978.46 4693.86 4954.5 1288.48 284.779 284.599 1039.89 1003.7 1237.32 2230.21 986.981 954.173 5665.83 974.895 940.581 206.124 52.9111 3124.71 628.466 1829.79 650.621 551.31
internal_count=137490 113294 107938 102302 24196 61894 40408 31976 31842 30233 29918 5636 1346 1609 8566 4290 5356 16857 8209 4117 29250 4164 4018 896 357 19302 7339 10616 2803 2394
is_linear=0
shrinkage=0.03


Tree=42
num_leaves=31
num_cat=0
split_feature=13 22 28 29 37 30 50 72 30 21 18 13 70 47 31 57 38 74 55 38 74 55 86 18 38 8 74 17 15 44
split_gain=435.737 343.111 211.807 199.882 132.413 111.032 106.25 82.6753 67.1048 57.1567 53.0165 52.8565 66.487 52.0648 49.1485 48.9728 64.1385 47.0953 46.7959 41.4227 36.7321 35.4865 34.4145 34.1663 30.3779 28.8599 26.8919 29.1106 25.3143 37.4925
threshold=0.64999999999769809 0.99999999925000005 0.13363062132509931 80.887075726722614 24.132198468365473 -0.016908785017069435 6.9821428571428585 1066200.0000000002 -0.0063467822154361633 0.11023622047016803 0.10606060605837166 0.068965517239595736 0.87067679795391317 0.0039682539681712972 83.617435733184038 57.142856971428579 -0.060971516463298729 66446550.000000007 99.999999784458197 0.069109568411575464 -18997949.999999996 63.63636360467563 13.500000000000002 -3.6165515027164469e-13 -0.055091853863555744 0.026666666666533338 5595400.0000000009 -0.065088757397970973 0.061538461526213013 -0.059693324227152005
decision_type=10 10 8 2 2 2 8 2 2 10 8 10 10 10 2 8 2 2 10 2 2 10 2 10 2 8 2 8 10 2
left_child=1 2 5 -2 10 23 26 8 -7 24 28 12 18 -11 -13 16 -12 -10 -6 -17 -3 -8 -16 -1 -9 -14 27 -5 -4 -30
right_child=3 20 4 6 11 7 21 9 17 13 15 14 25 -15 22 19 -18 -19 -20 -21 -22 -23 -24 -25 -26 -27 -28 -29 29 -31
leaf_value=0.027469301704990543 -0.023652738116514735 0.031003144422973423 0.026806700217574669 -0.0064072390265731711 0.0019125152527555156 0.002423971706391379 -0.0037232249622726039 0.0084715042752327979 -0.014659342852930208 0.043615033629565945 0.045683256405831624 -0.010022738665535474 0.0024139638526334785 0.0042117325158294054 -0.0012946195274463367 0.033020381815660062 -0.0047480150609630406 0.0015236842585151077 0.016672292323859084 0.0074150197971611419 0.016181400376951548 0.0051702405290855527 0.0052770548767560304 0.0047001232852010646 -0.0042874124811011485 0.012211328712723271 -0.0077316985834895218 -0.019281583214140689 -0.0096129840065659819 0.027717704472642504
leaf_weight=122.36033533513546 652.04670339077711 185.15327751636505 305.35073851048946 244.85529634356499 4832.6216356754303 329.60084842145443 942.37365347146988 176.70202289521694 1251.2437818422914 30.762662619352341 23.859277710318565 419.2958175688982 361.23336762189865 624.60709727555513 2163.6121030822396 97.386381253600121 259.78863526880741 185.28350391983986 200.48662747442722 137.51823262870312 846.18909215927124 704.96587486565113 1071.3114712238312 115.90626303106546 3040.8993883579969 1094.1825401335955 1582.9753277823329 456.55032663047314 48.024405792355537 46.914783149957657
leaf_count=560 7584 803 1282 1834 25116 1967 6159 1006 9291 151 98 3298 1921 3627 12617 408 1172 1328 856 588 3620 4224 6020 604 20425 5151 11624 3757 200 199
internal_value=-2.46177e-05 0.00208131 0.00105772 -0.00828005 0.00350305 -0.00354385 -0.00572447 -0.00439285 -0.00977058 -0.00193787 0.0144029 0.00251401 0.00413908 0.0061295 -0.000371036 0.00803826 -0.00034982 -0.0125704 0.00250424 0.0181381 0.0188727 8.16707e-05 0.000881757 0.0164716 -0.00358338 0.00978502 -0.00991098 -0.014807 0.0225998 0.00889956
internal_weight=22554.1 17970.3 16939 4583.77 11061.6 5877.37 3931.72 5639.1 1766.13 3872.97 918.842 10142.7 6488.52 655.37 3654.22 518.553 283.648 1436.53 5033.11 234.905 1031.34 1647.34 3234.92 238.267 3217.6 1455.42 2284.38 701.406 400.29 94.9392
internal_count=137490 102308 97885 35182 58926 38959 27598 37795 12586 25209 3947 54979 33044 3778 21935 2266 1270 10619 25972 996 4423 10383 18637 1164 21431 7072 17215 5591 1681 399
is_linear=0
shrinkage=0.03


Tree=43
num_leaves=31
num_cat=0
split_feature=67 28 10 29 15 68 50 81 70 21 39 30 11 49 18 11 20 0 72 52 36 1 64 62 35 72 55 91 86 2
split_gain=384.247 273.019 169.113 103.704 103.034 100.874 109.389 76.674 69.0046 68.1609 62.8829 62.7265 61.6879 49.2738 53.1769 49.0555 47.1059 47.0293 40.6448 37.5842 35.6959 35.4479 34.5042 33.5108 54.2602 32.722 33.5905 32.292 32.2298 57.2231
threshold=99.99999995166668 0.11764705882286884 -0.56961259079903137 83.478459332926548 -1.0555556428926137e-10 -49.999999992708332 3.1517066955566411 0.010926163038754325 0.84592964499714129 0.099999999985267776 39.574936938999166 -0.010997531517637103 0.49999984604972847 0.016281512604952236 0.10294117645842339 0.49999984604972847 -0.030264865277762783 -0.037625981730542317 242329700.00000003 0.016944623727475447 0.014036193416843592 -0.018512172213337393 0.0014611525973752006 -7.2797412876348906 2735.8500852614961 1095361550.0000002 99.999999917361123 1.0000000180025095e-35 12.500000000000002 0.05103777385699005
decision_type=10 8 10 2 8 10 10 10 8 10 2 2 10 10 10 8 10 10 2 10 2 8 2 2 2 2 10 2 2 10
left_child=1 5 4 12 -3 9 10 -2 17 11 13 19 -4 14 -7 16 -5 -6 28 -1 -8 -14 27 -11 -25 26 -10 -13 29 -9
right_child=7 2 3 15 8 6 20 18 25 23 -12 22 21 -15 -16 -17 -18 -19 -20 -21 -22 -23 -24 24 -26 -27 -28 -29 -30 -31
leaf_value=0.001438965669635855 0.0028201156643048726 0.033183315116883508 -0.017761752434734306 -0.0037115514745963297 0.012651779683549025 -0.0013796495283720535 -0.0072145196777606392 -0.010665522435574526 0.0098825945889061077 -0.023706889495748777 -0.015577643852056665 -0.012837362912456241 0.013676259112978321 -0.026477052507610385 0.035387779681504056 0.0030486400759906062 0.0069907157546903647 0.0013336268884507373 0.0065601853370947988 0.022194740693118626 0.004901329536236532 -0.0068807700926338177 -0.00012253605878005455 0.0086127983225273118 0.054684872084834274 0.0017233813227390401 0.044155925358731342 -0.0047748181233587261 0.029038670179966305 0.02113774395504309
leaf_weight=312.37771215289831 317.70395851880312 108.81613034009933 543.74653717130423 3485.6530584916472 352.8259904384613 144.08110381662846 439.31208930164576 57.762842312455177 1648.9771451801062 24.483147159218788 1920.5301767364144 741.98141291737556 89.85130250453949 46.665618576109409 45.846407756209373 2172.5829492658377 413.00458143651485 5022.937604740262 175.19735926389694 104.1171967163682 433.97866856306791 444.87845256924629 690.09485801309347 321.31671590358019 23.891796320676804 507.76306238770485 25.294538199901581 1132.4901446178555 376.91913272440434 391.04070509970188
leaf_count=1777 1690 494 5767 22248 1647 853 3057 240 7821 147 16901 5229 539 272 227 12315 2352 25884 729 499 2734 3103 4808 1980 142 2647 106 8013 1596 1673
internal_value=-2.41347e-05 -0.00100203 0.00123222 -0.00208628 0.00432723 -0.00618954 -0.0101553 0.0156825 0.00390704 -0.00260004 -0.0137806 -0.00410817 -0.0106544 0.000797936 0.00761875 -0.000562269 -0.00257553 0.00207924 0.0197553 0.0066755 -0.00119144 -0.00340187 -0.00586257 0.00953118 0.0119588 0.00840569 0.0104282 -0.007973 0.0225401 0.0170233
internal_weight=22516.1 21197.5 14816.3 7149.72 7666.61 6381.17 3030.41 1318.62 7557.8 3350.75 2157.12 2981.06 1078.48 236.593 189.928 6071.24 3898.66 5375.76 1000.92 416.495 873.291 534.73 2564.57 369.692 345.209 2182.03 1674.27 1874.47 825.723 448.804
internal_count=137490 131562 84923 46324 38599 46639 24044 5928 38105 22595 18253 20326 9409 1352 1080 36915 24600 27531 4238 2276 5791 3642 18050 2269 2122 10574 7927 13242 3509 1913
is_linear=0
shrinkage=0.03


Tree=44
num_leaves=31
num_cat=0
split_feature=13 67 33 29 26 34 45 51 29 7 53 4 1 7 90 56 74 33 83 72 68 3 53 74 72 6 72 74 71 77
split_gain=399.313 326.846 175.081 132.402 121.776 81.9201 81.1569 74.3713 63.3633 61.7883 53.1054 48.1605 46.4601 43.7624 37.2577 35.9365 34.2175 46.6202 33.5565 27.3163 32.6049 27.3054 26.7441 26.3433 29.2155 24.5277 23.7645 22.9532 22.2709 21.5599
threshold=0.93749999997363298 99.99999995166668 24.991424529746467 83.478459332926548 0.019607843136966552 -0.023822172487978407 0.082089963185971851 0.026890756302455101 84.244844732299597 -1.3392859044003555e-10 0.021720184355283129 0.087752778893799413 0.10019762845849813 -0.01724137932305286 1.0000000180025095e-35 19.999999958 -3433949.9999999995 18.184741119663418 0.00076879512186826002 302026250.00000006 -62.499999996744783 0.071478661590863593 0.017092825537824489 -16212499.999999998 136230450.00000003 -0.067348790146717616 102350.00000000001 10194700.000000002 0.083803493146799191 0.0052828256966405114
decision_type=10 10 2 2 8 2 2 10 2 10 10 10 10 10 2 10 2 2 10 2 10 10 10 2 2 8 2 2 10 10
left_child=1 2 9 21 -4 13 8 -8 -7 -1 22 19 16 15 -15 -6 18 -18 -11 20 -5 -2 29 24 -12 -22 -25 -27 -28 -3
right_child=3 10 4 11 5 6 7 -9 -10 12 23 -13 -14 14 -16 -17 17 -19 -20 -21 25 -23 -24 26 -26 27 28 -29 -30 -31
leaf_value=0.02524437600606165 -0.024577302311013939 0.015354894440435621 -0.016512487651535627 -0.0032566024355277124 -9.6167111177292757e-05 -0.0059895689522249714 0.0087010134098653991 -0.0013070184842662127 -0.00077557447913774967 0.0099688189088705352 0.036338362523553554 0.0091795105529718715 -0.018372933722299489 0.0001211524753302353 0.0070574355122084032 0.018845674872824639 -0.0016800887671031127 0.014219197592880583 0.027413176243780851 -0.0030792237249100372 0.013956091813628058 0.014197459636907739 -0.011790323656278382 0.0065764343513786856 0.0044285119550428889 -0.018498811575231172 0.031733253000347732 -0.0095882288984277739 0.017199347205948918 -0.0033592712184295132
leaf_weight=218.91020277142525 558.19239731132984 199.28888165205717 408.8275376111269 392.68540814518929 128.11757310479879 2874.8805191367865 1326.1535342261195 1344.7033224478364 7760.0575377494097 315.13785201311111 145.78645642101765 147.94816961884499 56.625964842736721 1725.909626878798 1169.1002656817436 300.54872312396765 397.28545270115137 283.51670671999454 146.00250414013863 601.12318889051676 27.922555312514305 16.126223646104336 59.774241529405117 141.97289074957371 31.968057706952095 532.46586553007364 123.24815110862255 520.66556762158871 450.36717945337296 75.824795819818974
leaf_count=939 6989 942 3912 3076 600 18361 6905 7568 47345 1365 645 792 315 9289 6305 1440 1755 1227 612 4389 204 152 256 609 136 4422 530 4172 1900 338
internal_value=-2.36553e-05 0.00148357 0.000485729 -0.0106281 -0.000357146 4.08141e-05 -0.00101143 0.00366252 -0.00218576 0.0106124 0.0164624 -0.00730213 0.00791869 0.00425323 0.00292476 0.0131904 0.00923998 0.00494783 0.0155458 -0.00848266 -0.010681 -0.0234606 0.00623658 0.0202811 0.0306732 -0.0133697 0.0176563 -0.0141096 0.0203771 0.0101927
internal_weight=22481.1 19684 18455.8 2797.13 17038.3 16629.5 13305.8 2670.86 10634.9 1417.48 1228.23 2222.81 1198.57 3323.68 2895.01 428.666 1141.94 680.802 461.14 2074.86 1473.74 574.319 334.888 893.343 177.755 1081.05 715.588 1053.13 573.615 275.114
internal_count=137490 113294 107938 24196 101725 97813 80179 14473 65706 6213 5356 17055 5274 17634 15594 2040 4959 2982 1977 16263 11874 7141 1536 3820 781 8798 3039 8594 2430 1280
is_linear=0
shrinkage=0.03


Tree=45
num_leaves=31
num_cat=0
split_feature=13 22 29 52 18 21 50 14 13 71 49 83 34 77 51 32 63 91 77 72 74 39 86 55 81 72 34 38 45 14
split_gain=379.626 296.623 185 159.395 135.7 110.734 97.0601 73.5588 55.9541 67.8128 53.7299 51.7174 50.2459 48.544 45.4203 38.2522 40.2302 37.6029 36.1184 34.6191 37.5192 33.7528 33.0075 32.2233 32.0249 31.2155 30.9886 30.6724 29.8684 28.2582
threshold=0.64999999999769809 0.99999999925000005 80.887075726722614 0.0163582717188205 -1.7095214133178157e-11 0.099999999985267776 6.9821428571428585 -2.6671331809779982e-11 0.068965517239595736 0.72177472485332561 0.020676691729282951 -0.0028794252082366607 0.00063020505610955635 0.01665732720503103 0.011363636363248969 -0.012781772696500269 -0.31350408539664509 1.0000000180025095e-35 -0.013837248384249401 894710950.00000012 -67540049.999999985 40.467040416720529 13.500000000000002 63.63636360467563 0.024370819578753079 208400.00000000003 -0.00012622444087961868 -0.032143597517518933 -0.0028438459782986199 -0.033472803348695727
decision_type=10 10 2 8 8 10 8 10 10 8 10 10 2 10 8 2 2 2 10 2 2 2 2 10 10 2 2 2 2 10
left_child=1 3 -2 5 15 7 -4 13 9 12 11 -7 -6 14 -1 16 21 -13 -17 20 -3 -5 -10 -8 -11 -22 -9 -15 -28 -24
right_child=2 19 6 4 8 10 23 26 22 24 -12 17 -14 27 -16 18 -18 -19 -20 -21 25 -23 29 -25 -26 -27 28 -29 -30 -31
leaf_value=-0.0072376552292131449 -0.022994392814363347 0.03469025394594813 -0.0094153509486556049 0.0070943389708018187 0.0054022872059040243 0.044145829916455701 -0.0034718875313801451 0.017431869060537394 -0.0035828629969984868 0.0085180051291920932 -0.0030562268236586383 0.00054061975330080335 -0.0015678177683602426 0.0052832879512607371 -0.000850450387612555 0.031014389910097601 0.028938907743587563 0.0098335547458819964 -0.0087209121377555075 -0.0027001897298305337 0.0070044527009030582 0.039211285511817483 0.0020105379486165097 0.0050083971632336206 0.030335172181356514 0.020269000718656005 -0.02883448950112498 -0.017722037020063294 -0.011543220590946713 0.020648497331716659
leaf_weight=1343.8872938007116 620.93843510001898 121.63665150105953 2249.9873084649444 202.23460790514946 2014.4125011786819 31.410659298300743 936.8719705119729 22.027653463184834 1556.9064092859626 1718.316254131496 759.04767629504204 689.15550852566957 1728.0711940228939 62.278964288532734 3937.132525600493 26.469172015786171 267.2283843755722 910.05368250608444 81.129517540335655 69.806135430932045 218.92205612361431 33.719823181629181 703.61590198427439 706.41689806431532 62.084092065691948 611.84165908396244 151.42293272167444 302.49753890931606 227.4427720233798 80.843706406652927
leaf_count=9315 7584 543 17215 871 10097 163 6159 191 9510 8147 4372 3920 8848 364 24462 118 1190 5186 390 290 960 158 4177 4224 279 2630 1439 1992 2234 462
internal_value=-2.32102e-05 0.00193409 -0.00779832 0.00098483 0.00389059 -0.00193401 -0.00536865 -0.00409477 0.00283101 0.00447851 0.00353162 0.00660007 0.00218352 -0.00321072 -0.00247746 0.0175016 0.0209675 0.00583362 0.00122189 0.0176193 0.0191131 0.0118429 -0.00105413 0.000172621 0.00929707 0.0167898 -0.0164984 -0.0137824 -0.0185197 0.00395896
internal_weight=22447.8 17933.6 4514.21 16911.4 8475.03 8436.36 3893.28 6046.69 7864.25 5522.88 2389.67 1630.62 3742.48 5645.8 5281.02 610.782 503.183 1599.21 107.599 1022.21 952.4 235.954 2341.37 1643.29 1780.4 830.764 400.893 364.777 378.866 784.46
internal_count=137490 102308 35182 97885 44247 53638 27598 39997 41520 27371 13641 9269 18945 36133 33777 2727 2219 9106 508 4423 4133 1029 14149 10383 8426 3590 3864 2356 3673 4639
is_linear=0
shrinkage=0.03


Tree=46
num_leaves=31
num_cat=0
split_feature=13 22 37 29 26 40 34 83 22 34 0 50 39 64 63 32 52 63 52 74 21 38 3 6 56 72 72 89 8 8
split_gain=360.271 296.236 157.995 125.874 117.358 76.0024 69.8158 75.3494 95.125 59.492 51.2421 47.239 55.2644 45.561 38.0327 47.5388 34.1887 33.8577 42.8616 33.6023 30.0696 27.8465 26.9201 23.4408 21.9889 25.9562 21.9239 20.3779 22.4737 23.1615
threshold=0.93749999997363298 0.99999999925000005 24.132198468365473 83.478459332926548 0.019607843136966552 -0.078331117186727847 -0.023822172487978407 -0.0019850270690516228 0.666666666625926 0.16192385891185504 0.098974915159360535 0.19642857142857145 78.578740403316829 0.54768101111851053 -0.022362818311368479 -0.023393727589883891 0.036789087672747876 -0.15620516419398497 0.027742045416942519 -2017749.9999999998 0.12499999989453127 -0.096955837773048989 0.071478661590863593 -0.037712145633829512 66.666666570870319 5928300.0000000009 222558900.00000003 -0.78656609248549325 0.011904761904655614 0.010989010988920423
decision_type=10 10 2 2 8 2 2 10 10 2 10 10 2 2 2 2 10 2 10 2 10 2 10 10 10 2 2 2 10 10
left_child=1 2 5 22 -4 17 11 9 -9 -8 14 -6 -13 20 15 -7 -16 18 -1 26 23 -20 -2 -5 25 -21 -3 28 29 -22
right_child=3 19 4 13 6 10 7 8 -10 -11 -12 12 -14 -15 16 -17 -18 -19 21 24 27 -23 -24 -25 -26 -27 -28 -29 -30 -31
leaf_value=0.039060047971098508 -0.024118090109756993 0.027509154674332834 -0.01614049072607612 -0.0026380307388312856 -0.01562187546772453 0.023480650004551407 0.0039333754058780701 -0.0034889807018045819 0.0023560265429401019 0.038705294966355393 -0.025853192521510956 0.010764486033295762 0.0021882344618602027 0.00059759118820889375 0.019792293994929409 -0.0040694710139042717 0.0040214111772698636 0.035001656899847355 0.015276889110932924 -0.019626662627052378 -0.0025519335908629928 -0.015668292970262954 0.014492876023777662 -0.013725285920234665 0.015114949898115409 0.017290514886252311 -0.00010092290530294187 0.0070123682445264483 -0.014290065260953288 0.034691097286787154
leaf_weight=44.641183599829674 537.02265543490648 296.87493144720793 404.74799402058125 208.07498996704817 105.64921041578054 67.924544125795364 1851.9123697802424 8074.4694025143981 3631.9651970788836 44.412541434168816 40.579221419990063 950.0177972689271 2347.4647685140371 540.71140086650848 309.64147089421749 308.26287464797497 207.51726737618446 138.02857521176338 74.344806537032127 36.760295189917088 120.5619740486145 39.084248766303062 16.035449624061584 1013.066610455513 627.36718945205212 30.367058306932449 28.10186356306076 134.42561096698046 167.80528738349676 16.141066983342171
leaf_count=183 6989 1318 3933 1593 504 286 10206 50635 20551 206 243 4653 12773 3630 1306 1366 943 610 310 168 910 163 152 8563 2684 132 121 990 1244 125
internal_value=-2.27616e-05 0.00140075 0.000538954 -0.0101833 -0.000195255 0.0109256 0.000184999 -0.000776321 -0.00167524 0.0047693 0.00670828 0.0040275 0.00466251 -0.00695996 0.00821796 0.000946099 0.0134898 0.0241501 0.014495 0.0171395 -0.00942224 0.00454415 -0.022969 -0.0118422 0.0133703 -0.00287338 0.0251194 -0.00267122 -0.00696483 0.0020437
internal_weight=22414 19660.1 18640.7 2753.85 17410.6 1230.02 17005.9 13602.8 11706.4 1896.32 933.925 3403.13 3297.48 2200.79 893.346 376.187 517.159 296.099 158.07 1019.47 1660.08 113.429 553.058 1221.14 694.495 67.1274 324.977 438.934 304.508 136.703
internal_count=137490 113294 108871 24196 103461 5410 99528 81598 71186 10412 4144 17930 17426 17055 3901 1652 2249 1266 656 4423 13425 473 7141 10156 2984 300 1439 3269 2279 1035
is_linear=0
shrinkage=0.03


Tree=47
num_leaves=31
num_cat=0
split_feature=13 67 29 28 33 30 48 72 30 77 77 21 47 74 40 59 15 0 22 15 27 74 72 72 74 86 2 74 28 49
split_gain=343.382 264.823 174.712 147.344 94.2027 92.54 78.8298 67.7474 56.2089 54.9 73.54 45.8963 54.3522 45.3028 43.6137 40.7579 36.2434 35.0899 34.6284 43.4218 37.9864 34.1256 33.4955 29.73 31.2769 34.5565 46.42 27.3093 25.6235 25.5722
threshold=0.64999999999769809 99.99999995166668 80.887075726722614 0.13307984790868455 24.991424529746467 -0.016908785017069435 8.3147931780133941 1066200.0000000002 -0.0063467822154361633 0.024897818656712381 -0.00056406641003979737 0.11023622047016803 0.0039682539681712972 66446550.000000007 1.0000000180025095e-35 0.047068833205431988 0.17206046641448472 -0.058741373644429822 0.8749999999753908 0.054054054047644302 0.25659083537906213 1478800.0000000002 204444250.00000003 938774200.00000012 -67540049.999999985 12.500000000000002 0.023538252976541333 5595400.0000000009 0.11111111110185186 0.011904761904315478
decision_type=10 10 2 8 2 2 8 2 2 10 10 10 10 2 2 10 10 10 10 10 8 2 2 2 2 2 10 2 8 10
left_child=1 3 -2 5 9 22 27 8 -7 10 14 -9 -13 -10 -5 -3 -12 -6 20 -20 -19 -11 -1 24 -17 26 -26 28 -4 -29
right_child=2 15 6 4 17 7 -8 11 13 21 16 12 -14 -15 -16 23 -18 18 19 -21 -22 -23 -24 -25 25 -27 -28 29 -30 -31
leaf_value=0.020909999307405138 -0.022519638685868447 0.0030865521698146305 -0.01880036655628713 0.012815620674126029 0.012142253392353948 0.0024652265448077398 0.00033195352016495794 -0.0030944134335514641 -0.013512248616421424 0.0079575269887280815 0.028186370985073924 0.04407179948784299 0.0036723935618894407 0.0024794664648282558 -0.0032827665511290711 0.033874822705467676 -0.0039631426670540103 0.0039570971736271211 0.031925208042493269 0.0057284850735637499 -0.0002212890184187477 -0.032678158934295848 -0.0085077819066735894 -0.0011513030864183187 -0.021410967686499565 0.023689706460646859 0.01419362113771518 0.0049842140693587304 -0.0075764946249691958 -0.0075584671503801104
leaf_weight=188.68010856211185 599.5763241276145 204.71887355297804 374.09652323275805 453.66393640637398 295.01628392934799 323.79218010604382 1474.4915183261037 3149.5138004943728 1204.9253726527095 34.267153650522232 293.458112642169 30.520696356892586 625.82562537491322 183.04181469231844 226.21515636146069 115.03813484311104 34.910176292061806 2912.0538872405887 61.817710474133492 627.78454878181219 5969.9321732595563 38.638188451528549 41.926829069852829 69.038940042257309 34.890836715698242 385.15115691721439 409.29945221543312 161.18895149230957 364.39777045696974 1493.2782280817628
leaf_count=904 7584 980 3306 1921 1428 1943 9235 21258 9202 148 1249 147 3605 1325 993 525 144 15745 318 3139 33085 174 224 286 150 1648 1767 1320 2741 10996
internal_value=-2.22784e-05 0.00183324 -0.00746289 0.000847381 0.00288958 -0.00304139 -0.00512263 -0.003821 -0.00877634 0.0112929 0.013114 -0.00158973 0.00561975 -0.0114009 0.00745787 0.0153314 0.0247577 0.00196742 0.00165226 0.008124 0.00114859 -0.0136886 0.0155349 0.0177965 0.0191846 0.017105 0.0113484 -0.00848362 -0.0132839 -0.00633239
internal_weight=22381.2 17914.1 4467.03 16696 10947.8 5748.23 3867.45 5517.62 1711.76 1081.15 1008.25 3805.86 656.346 1387.97 679.879 1218.14 328.368 9866.6 9571.59 689.602 8881.99 72.9053 230.607 1013.42 944.38 829.341 444.19 2392.96 738.494 1654.47
internal_count=137490 102308 35182 96952 58344 38608 27598 37480 12470 4629 4307 25010 3752 10527 2914 5356 1393 53715 52287 3457 48830 322 1128 4376 4090 3565 1917 18363 6047 12316
is_linear=0
shrinkage=0.03


Tree=48
num_leaves=31
num_cat=0
split_feature=13 22 28 31 37 2 72 13 70 31 32 39 77 77 45 66 74 3 3 26 74 77 86 76 20 49 83 72 21 28
split_gain=324.766 266.791 149.438 112.523 111.906 86.9698 73.4914 66.3963 56.7901 51.7523 47.2449 45.4533 54.115 56.8051 44.2527 40.733 40.6755 37.6071 33.8221 33.6776 31.5698 30.9316 29.4346 28.1781 24.3283 23.4578 22.385 20.9892 19.9583 18.9146
threshold=0.93749999997363298 0.99999999925000005 0.13363062132509931 84.386000267643794 24.132198468365473 -0.038450166037392534 1066200.0000000002 0.068965517239595736 1.9565104876452295 83.617435733184038 -0.013315803670859603 22.506029114343622 0.024897818656712381 -0.00060080733453751409 0.10764921950605956 99.999999990291684 72014950.000000015 0.080064102564102582 0.071478661590863593 0.094999999999643772 -2017749.9999999998 0.015926854367535451 14.500000000000002 -8.530668454982786e-05 -0.23785095775685514 0.025150905432329899 -0.0021419854092540793 222558900.00000003 0.17873908702685817 0.093023255813052111
decision_type=10 10 8 2 2 10 2 10 10 2 2 2 10 10 2 10 2 10 10 10 2 10 2 10 10 10 8 2 10 8
left_child=1 2 5 18 11 -1 10 8 17 -9 25 12 13 -4 21 22 -12 -6 -2 -11 27 -8 26 -22 -14 -7 -5 28 -3 -24
right_child=3 20 4 15 7 6 14 9 -10 19 16 -13 24 -15 -16 -17 -18 -19 -20 -21 23 -23 29 -25 -26 -27 -28 -29 -30 -31
leaf_value=0.019175906041482851 -0.023173356601413841 0.004991407899632175 0.0066470881016132679 0.0022907479547487996 0.0020658355701787512 0.00076752471772739933 -0.0013713826898498244 -0.010159012052123176 0.012251660207752233 0.0048468983111680094 -0.012536303834621657 0.031210636309897538 -2.823280899971909e-05 0.024319833922579127 0.022416129240902881 0.0069689044517853285 0.00055002298703509748 0.011919394293140647 0.016760293469423232 -0.0013969223271677515 -0.0071519398530758196 -0.011969486802757971 -0.010503429012292145 0.014493541973734342 -0.035730183672232796 0.031178919432623877 -0.010865335371617465 -0.00062528859546451753 0.029327291737651726 0.0032891162051017857
leaf_weight=150.47729577124119 537.05516866594553 35.208777844905853 500.32567055523396 125.97989463806152 5533.6284043192863 185.64954069256783 3908.7269577756524 499.69026766717434 616.65285477042198 1003.6996060684323 1391.772136375308 102.96656423807144 41.335221625864506 243.6745140850544 66.629680380225182 180.39671140909195 251.91365127265453 371.30555275082588 19.021490767598152 3436.5111930146813 58.392760306596756 263.79225677996874 127.02047846466303 633.21726524829865 28.601487681269646 25.074902504682541 1427.3118254691362 27.960321053862572 258.42272602021694 296.02798353135586
leaf_count=707 7169 164 2168 942 28501 1026 25671 4109 2901 5866 10532 421 185 1046 360 1076 1791 1642 170 19943 263 1749 1102 2721 127 126 11511 121 1154 2226
internal_value=-2.18976e-05 0.00132234 0.000506098 -0.00974965 0.00241487 -0.00327721 -0.00383523 0.00160722 0.00359437 -0.00101576 -0.00881523 0.0124946 0.0100878 0.0124642 -0.00165446 -0.00663926 -0.0105297 0.00268785 -0.0217743 1.45773e-05 0.0163065 -0.00204484 -0.0078858 0.012654 -0.0149691 0.00453063 -0.00979559 0.0240886 0.0264463 -0.00086003
internal_weight=22348.4 19635.6 18622.4 2712.81 12378.4 6244.04 6093.56 11461.5 6521.59 4939.9 1854.41 916.903 813.937 744 4239.15 2156.74 1643.69 5904.93 556.077 4440.21 1013.2 4172.52 1976.34 691.61 69.9367 210.724 1553.29 321.592 293.632 423.048
internal_count=137490 113294 108871 24196 66909 41962 41255 62962 33044 29918 13475 3947 3526 3214 27780 16857 12323 30143 7339 25809 4423 27420 15781 2984 312 1152 12453 1439 1318 3328
is_linear=0
shrinkage=0.03


Tree=49
num_leaves=31
num_cat=0
split_feature=13 55 29 34 39 28 38 64 74 74 74 37 45 68 29 74 37 51 83 28 83 54 31 19 15 71 43 49 61 66
split_gain=309.091 239.721 164.72 143.765 104.489 82.3079 75.8673 73.9131 68.7349 68.0678 65.2901 62.1682 61.6285 52.0142 50.603 47.3787 40.4789 43.3708 38.8754 33.6562 33.5594 34.5706 32.9458 32.8752 35.6271 31.9544 31.8052 31.6257 30.3864 30.2819
threshold=0.64999999999769809 90.71920757878928 80.887075726722614 -0.023822172487978407 14.651303382962052 0.13307984790868455 0.26274691430625047 1.7046420807511682 66446550.000000007 -6863399.9999999991 88782350.000000015 50.020612515683922 -0.01142770338521548 -69.999999992545 364.13205273408857 102945400.00000001 111.51277133593709 0.0065610545076010959 -0.0062258339758738202 0.093749999999572772 -0.0070054642971594814 1.2054927788298684 12.190843731209918 0.90909090902892575 0.062499999985058514 0.69117282713229677 0.013998888153774149 0.010582010581716638 0.074669754674901348 87.499999999707043
decision_type=10 8 2 2 2 8 2 2 2 2 2 2 2 10 2 2 2 8 8 8 8 8 2 10 8 10 2 8 8 10
left_child=1 3 -2 4 -1 8 20 19 9 11 12 -5 -10 -11 -12 25 17 -6 29 26 -3 22 -22 24 -20 -8 -4 28 -23 -7
right_child=2 6 7 5 16 18 15 -9 10 13 14 -13 -14 -15 -16 -17 -18 -19 23 -21 21 27 -24 -25 -26 -27 -28 -29 -30 -31
leaf_value=0.026360478996039396 -0.022031827400192983 0.03285933842469696 -0.013492749114532437 0.019636465859272836 -0.014117306210252735 0.0061782288729620039 0.028285286369473556 0.003531478176041786 0.04381776978081435 -0.0032366438957235439 -0.0034123873461590938 -0.0025457976763050313 0.0035513264367496955 -0.012170779861671061 0.011936510041282567 0.0052393228840826138 0.0013125299363255065 0.0089773515128141312 0.0024676665976789709 -0.0051064889538020341 -0.023090766000362226 0.0061328715283180514 0.0040911890018276598 0.0090839278473969585 -0.0018872152647975051 0.012491937875398589 0.018974292431162356 0.008447616479252058 0.039654865279319974 0.046471326614436766
leaf_weight=208.06263972818851 578.824483320117 43.188362807035446 750.66951633989811 127.52575525641441 75.829320073127747 40.45623717457056 382.66967821121216 755.51892121881247 59.791835553944111 928.9304326698184 1020.3152626678348 985.43026081472635 79.086042158305645 1599.2335754707456 237.43017345666885 168.44314140081406 1741.4629732817411 1553.9989386945963 3361.2722496241331 2308.2438490986824 41.187660902738571 39.13019610196352 817.18402794748545 403.40586142241955 3399.4738032966852 169.55172076821327 27.252675518393517 317.3140831142664 66.33500674366951 28.396585419774055
leaf_count=935 7584 184 6462 636 362 217 1735 4525 383 6331 6731 6614 570 12166 1376 745 9276 7616 18799 16415 204 200 4147 1898 18506 760 196 1505 285 127
internal_value=-2.15057e-05 0.00173324 -0.00712451 0.000485531 0.0057749 -0.00105747 0.0113973 -0.00487251 -0.00400126 -0.00617124 0.00165429 8.56384e-06 0.0210982 -0.00889185 -0.000505344 0.0192285 0.00449611 0.00789301 0.000992722 -0.00693132 0.0071223 0.0062274 0.00275806 0.00077502 0.000277523 0.0234729 -0.0123286 0.013241 0.02742 0.0232664
internal_weight=22315.6 17895.1 4420.51 15850.1 3579.35 12270.7 2045 3841.68 5037.74 3641.12 1396.62 1112.96 138.878 2528.16 1257.75 720.665 3371.29 1629.83 7233 3086.17 1324.34 1281.15 858.372 7164.15 6760.75 552.221 777.922 422.779 105.465 68.8528
internal_count=137490 102308 35182 92543 18189 74354 9765 27598 34807 25747 9060 7250 953 18497 8107 3240 17254 7978 39547 23073 6525 6341 4351 39203 37305 2495 6658 1990 485 344
is_linear=0
shrinkage=0.03


Tree=50
num_leaves=31
num_cat=0
split_feature=22 28 39 38 0 50 12 21 22 14 3 29 52 0 29 28 12 43 77 77 22 66 77 37 11 47 8 59 77 48
split_gain=276.205 216.563 118.713 93.3273 91.6676 80.7207 70.0342 61.9679 60.1542 59.8511 50.6956 46.6866 46.6487 45.7586 41.6924 40.7147 40.1686 39.6907 51.7667 42.1203 39.5504 39.1245 48.5181 37.0155 41.3238 35.7918 35.2472 35.0089 38.0238 44.5952
threshold=0.99999999925000005 0.11764705882286884 27.401520081235898 1.0000000180025095e-35 -0.0062084269415444418 3.1517066955566411 0.42857169248634247 0.13076923076270722 0.666666666625926 -0.074074074081790106 0.040433354192740974 83.478459332926548 0.044764705025846417 0.012351546730507425 12.130312476856242 0.099999999997750014 0.23606811145510839 -0.012586176429738192 -0.0028002879356735042 0.02761257158568042 0.49999986515086653 99.999999990291684 0.0059139234957825302 9.6111402067479386 0.30571895424836609 0.02687411598282732 0.016949152542253185 0.054364245369762261 0.0074008256845762054 0.10714285714285715
decision_type=10 8 2 2 10 10 10 8 10 10 8 2 8 10 2 10 10 2 10 10 10 10 10 2 10 10 10 10 10 10
left_child=1 4 3 12 16 9 13 -5 17 15 -9 -8 -3 21 -12 -6 25 18 -7 -19 -14 -4 -23 -11 -25 -1 -13 28 29 -2
right_child=27 2 6 7 5 8 11 10 -10 23 14 26 20 -15 -16 -17 -18 19 -20 -21 -22 22 -24 24 -26 -27 -28 -29 -30 -31
leaf_value=0.0025582702168467863 0.051146005382356793 0.012223124515011142 0.0019265534332298646 -0.031047258318668627 0.039538232135767258 -0.0098989099932083879 -0.013616163281853692 -0.0035347691725375048 0.0076332958278390855 0.015562729681110898 -0.016841892489672095 0.0021744683959381175 0.03500335617551336 -0.0030147654072818558 0.019824900026844918 -7.9955739384157107e-05 -0.0078248461989820165 -0.0065325147614562536 0.018874033619860269 -0.03483102031801396 -0.0028091707864505004 0.0229226892186335 -0.017074496615058745 -0.013539772024054564 -0.0041176916482003863 0.02628451109325065 -0.0056023273973809249 0.017371711955995992 -0.014294009332935974 0.0063506274747612045
leaf_weight=1051.4788022637367 21.706264033913612 556.37623907625675 9032.7427662909031 49.065870136022568 30.317878641188145 101.09965959191322 395.78904089331627 342.47742441296577 409.76978468894958 44.200718455016613 31.626920312643051 886.97726657241583 164.85882407426834 1804.7021391168237 196.63748350739479 91.103745207190514 346.77307135611773 1070.3659760132432 124.38815213739872 48.672877065837383 28.954934075474739 152.27856293320656 32.352626323699951 2309.607522495091 514.26298595964909 59.588133975863457 1279.6512256711721 862.51168917119503 68.149075791239738 174.28437552601099
leaf_count=6581 94 2318 49272 238 144 688 4289 1544 2619 234 168 5835 744 11441 836 478 2349 7534 832 349 140 676 138 20633 3843 318 8055 3831 326 943
internal_value=-2.09605e-05 -0.000792161 0.00116233 0.00957585 -0.0055051 -0.00752676 0.000312966 0.000952184 -0.00241409 -0.0105242 0.00375787 -0.00415324 0.016686 0.00135183 0.0146802 0.01003 0.00107194 -0.00548184 0.00597341 -0.00779604 0.0293535 0.00220734 0.0158437 -0.0113986 -0.011827 0.00385593 -0.00241773 0.0144457 0.00485059 0.0115615
internal_weight=22282.8 21156.1 14954.5 1370 6201.63 4743.79 13584.5 619.808 1754.3 2989.49 570.742 2562.42 750.19 11022.1 228.264 121.422 1457.84 1344.53 225.488 1119.04 193.814 9217.37 184.631 2868.07 2823.87 1111.07 2166.63 1126.65 264.14 195.991
internal_count=137490 132296 85694 5988 46602 37354 79706 2786 12022 25332 2548 18179 3202 61527 1004 622 9248 9403 1520 7883 884 50086 814 24710 24476 6899 13890 5194 1363 1037
is_linear=0
shrinkage=0.03


Tree=51
num_leaves=31
num_cat=0
split_feature=13 67 1 31 28 28 8 72 30 71 72 85 57 45 12 70 72 45 86 86 3 72 77 52 53 8 36 72 2 77
split_gain=285.125 227.588 127.237 105.532 94.8146 71.9412 65.4996 56.7362 61.8382 55.7623 51.7966 49.7186 44.3857 40.7674 40.5143 40.0394 39.7293 38.7281 38.7272 35.7405 35.0511 28.393 27.9642 27.9382 27.0794 26.6381 26.564 24.9639 24.3293 23.8094
threshold=0.93749999997363298 99.99999995166668 -0.038085695199923657 82.797151005232479 0.13307984790868455 0.25782193211917631 0.023584905660338423 1066200.0000000002 -0.0063467822154361633 0.4311796536498777 551659000.00000012 0.027722549230638206 99.999999669444463 0.10764921950605956 0.43804824561403516 1.0000000180025095e-35 412926200.00000006 0.10764921950605956 14.500000000000002 10.500000000000002 0.071478661590863593 222558900.00000003 0.015926854367535451 0.01647298745711127 0.021273451226559017 0.0068728522336698912 -0.040066005812397769 302026250.00000006 0.022992077609424014 0.048146234821010762
decision_type=10 10 10 2 8 10 10 2 2 10 2 10 8 2 10 10 2 2 2 2 10 2 10 10 10 10 2 2 10 10
left_child=1 2 5 20 7 10 9 8 23 16 -1 -11 19 22 18 -10 -6 26 -8 28 -2 24 -9 -4 -21 -19 -5 -28 -3 -14
right_child=3 12 4 17 6 -7 14 13 15 11 -12 -13 29 -15 -16 -17 -18 25 -20 21 -22 -23 -24 -25 -26 -27 27 -29 -30 -31
leaf_value=0.02086852837576245 -0.023184629950907715 -0.01473006712560716 -0.0021205043016559563 0.0045201262050686567 -0.00022347389495759219 0.0032446971566066564 -0.0019047385712998317 -0.001150314633547632 -0.0045856127072818002 0.0095954761805545404 -0.0040321018720125088 0.0013886376871057415 0.02799515075987348 0.021499118900491155 -0.008387244917906992 -0.014735241206270708 0.0069533697790119496 0.037412746610734238 0.0090900053803831329 0.0079801086448005095 0.018015493777253245 -5.6323706084529416e-05 -0.011329056370244667 0.015856306906494644 0.022254636151705524 0.0021695253238676986 -0.010934520098104354 -0.0031154188023057999 0.0064878222830942927 0.0003627005829678973
leaf_weight=498.53546128422022 482.66714542359114 60.000037126243114 268.37868312746286 147.45654512941837 4217.9035412743688 787.06108848750591 2105.6814594790339 3870.457459166646 597.11456439644098 1636.2473425120115 87.929720051586628 1120.2923536673188 233.8557154238224 67.758352607488632 745.67087967693806 851.52005262672901 829.79401829838753 20.470908269286156 333.02357542514801 182.90860932320356 18.541796833276749 98.036008268594742 258.33222837001085 108.35234121233225 358.0285072773695 195.38498970121145 1280.7909632474184 518.29871516674757 238.53265035152435 32.153277233242989
leaf_count=2342 6852 279 1660 1114 22030 3937 12490 25550 4349 7838 477 6256 1097 362 5151 6863 4475 123 1861 850 167 409 1736 561 1544 1216 10875 3849 1035 142
internal_value=-2.05941e-05 0.00123172 0.000403812 -0.00922791 -0.000305435 0.00918354 0.0013524 -0.00333082 -0.00774495 0.00283198 0.0171295 0.00626291 0.0138649 -0.00140871 -0.00227255 -0.0105598 0.000956881 -0.0063452 -0.000398983 0.0107699 -0.0216217 0.0147695 -0.0017905 0.00307019 0.0174571 0.0056828 -0.00768278 -0.00868657 0.00217843 0.0246802
internal_weight=22251.2 19587.6 18384.1 2663.61 17010.5 1373.53 10988.6 6021.91 1825.37 7804.24 586.465 2756.54 1203.51 4196.55 3184.38 1448.63 5047.7 2162.4 2438.71 937.506 501.209 638.973 4128.79 376.731 540.937 215.856 1946.55 1799.09 298.533 266.009
internal_count=137490 113294 107938 24196 101182 6756 60101 41081 13433 40599 2819 14094 5356 27648 19502 11212 26505 17177 14351 4117 7019 2803 27286 2221 2394 1339 15838 14724 1314 1239
is_linear=0
shrinkage=0.03


Tree=52
num_leaves=31
num_cat=0
split_feature=13 22 28 31 37 14 72 50 22 13 0 8 18 40 42 30 21 49 3 8 55 77 3 44 72 74 17 8 14 77
split_gain=270.097 217.173 118.939 102.646 94.0309 78.01 75.6385 56.5125 63.2463 54.1707 52.7436 52.5181 45.0588 47.8735 62.1336 44.1721 41.3156 56.0687 40.4564 39.6681 37.9766 37.2048 33.7837 32.6411 30.4926 34.2191 30.1066 34.733 29.6255 29.5074
threshold=0.93749999997363298 0.99999999925000005 0.13363062132509931 82.797151005232479 24.132198468365473 -0.074074074081790106 1392150.0000000002 0.33928571428571436 0.24999999995312502 0.068965517239595736 -0.037625981730542317 0.023584905660338423 0.10909090907578513 -0.096344607441874661 0.0051855863230793062 -0.0063467822154361633 0.054545454531074407 0.0085714285714114293 0.080064102564102582 0.038277511961695855 74.999999940937514 -0.00056406641003979737 0.071478661590863593 -0.03211505560985211 894710950.00000012 -67540049.999999985 -0.066666666713333309 0.011904761904655614 -0.032432432432615503 -0.00049604723482880484
decision_type=10 10 8 2 2 10 2 10 8 10 8 10 10 2 2 2 10 8 10 8 10 10 10 2 2 2 8 10 10 10
left_child=1 2 5 22 12 7 15 8 29 10 -6 28 21 -14 -15 -7 23 -18 -12 -17 26 -4 -2 -8 25 -3 27 -5 -11 -1
right_child=3 24 4 20 9 6 16 -9 -10 11 18 -13 13 14 -16 19 17 -19 -20 -21 -22 -23 -24 -25 -26 -27 -28 -29 -30 -31
leaf_value=0.028772443542201563 -0.022943004387377591 0.031561293639432372 0.01262423251914466 0.0035644156767743744 0.014207351831166913 0.00062001382874734418 0.0012722537040640246 0.0025300026376491708 0.06493831976107628 0.0009104308755969123 0.0018810952097161207 -0.0033438784479168271 0.041153825832310115 -0.01679826809697979 0.0093024063111684981 -0.0037593283607851753 0.020481176990906166 0.00035314682349237806 0.011410712773696647 -0.01443040480381199 0.0018517254869860008 0.031469183943452751 0.017293519492261027 -0.0067534659969322617 -0.0042691805240807918 0.014039722958891351 -0.011582397977335838 -0.00947382142778911 0.0098170462943015964 -0.0055370831078505947
leaf_weight=52.07319775223732 473.27120519429445 114.89116635918617 382.3195378780365 335.08971057087183 369.28652146458626 354.94055931270123 655.67430786043406 295.23479909449816 28.81322380900383 1398.1508660838008 5747.618453502655 3091.4784653559327 27.910331875085831 118.73818166553974 259.9567461758852 454.34282451122999 133.72098533809185 1655.9903235808015 430.2770429700613 1023.1351902931929 424.05092122405767 126.05614250898361 18.774523660540581 1490.8042874410748 69.532652050256729 815.70617949962616 988.42065808922052 404.79826661199331 441.98603254556656 38.539920940995216
leaf_count=235 6852 543 1621 2658 1643 2121 4284 1612 126 8121 29510 19302 115 554 1107 3337 803 10311 1891 8272 2905 550 167 10678 290 3590 8449 3165 2495 183
internal_value=-2.02489e-05 0.00119534 0.000461655 -0.00901772 0.00215726 -0.00293635 -0.0038406 0.00961506 0.0269387 0.0014187 0.00320725 -0.00095532 0.0114078 0.00393985 0.00108806 -0.00887401 -0.00149497 0.00186932 0.00254704 -0.0111557 -0.00618396 0.0173555 -0.0213697 -0.00430104 0.0148062 0.0162377 -0.00815723 -0.00356801 0.00305553 0.0142459
internal_weight=22221.6 19577.2 18577 2644.41 12393.8 6183.27 5768.61 414.661 119.426 11478.8 6547.18 4931.62 914.981 406.605 378.695 1832.42 3936.19 1789.71 6177.9 1477.48 2152.36 508.376 492.046 2146.48 1000.13 930.597 1728.31 739.888 1840.14 90.6131
internal_count=137490 113294 108871 24196 66909 41962 39806 2156 544 62962 33044 29918 3947 1776 1661 13730 26076 11114 31401 11609 17177 2171 7019 14962 4423 4133 14272 5823 10616 418
is_linear=0
shrinkage=0.03


Tree=53
num_leaves=31
num_cat=0
split_feature=13 53 29 56 26 18 72 22 20 22 19 23 29 8 11 30 49 45 18 13 31 20 86 2 39 29 8 15 72 31
split_gain=256.442 191.674 185.416 99.2422 81.7462 79.5745 72.1576 52.3372 79.9113 40.9312 40.8785 70.4021 51.703 39.7827 39.509 36.8968 64.6748 35.6333 45.4367 34.6419 33.5476 33.2227 33.0831 32.9788 32.8504 32.2437 32.0425 31.4848 30.1776 29.9471
threshold=0.33333333333129639 0.020205257181837386 81.83692366968512 99.705014047209843 0.019607843136966552 -1.7095214133178157e-11 1774837800.0000002 0.666666666625926 -0.088983050848499931 0.79999999997066673 0.99999999970833342 0.65001032705214257 13.987175218326522 0.019607843137198839 0.46225071225071229 0.000807267211210272 0.0078031212484983075 0.10764921950605956 0.27721035260698962 0.19999999996870002 14.023076960489982 -0.087719298257617748 13.500000000000002 0.0076923102429632415 269.73335671057652 299.0622517428888 0.016666666666458337 -6.0661753398250072e-11 15148900.000000002 273.51304130180159
decision_type=10 8 2 10 8 8 2 10 8 8 10 10 2 10 10 2 10 2 10 10 2 10 2 10 2 2 10 10 2 2
left_child=1 4 -2 5 27 -3 9 8 15 14 11 19 -13 28 21 -6 -17 24 -19 -7 -9 26 23 -8 -11 -26 -4 -1 -10 -22
right_child=2 3 6 -5 7 10 22 20 13 17 -12 12 -14 -15 -16 16 -18 18 -20 -21 29 -23 -24 -25 25 -27 -28 -29 -30 -31
leaf_value=0.019817362136323045 -0.017183752868848583 0.018153643470021033 -0.00017609502961134983 0.0185482558250619 0.0028428964908058922 0.0071687845295585863 -0.0067801076331415423 0.036410927108602033 -0.0091083876836555271 -0.0090247345730746272 0.0137032813649186 -0.024167787090561693 -0.00094498012903825187 0.004643156008043269 -0.00016408268555126839 0.024244831329406476 -0.006189202810225892 0.029238294701135502 0.00062789307537738437 -0.004198026872592563 0.00089795561214548174 -0.012187794061562247 0.00654730084073571 0.0034720553039305005 0.041460385938214314 0.0018320226762708401 -0.0085032712785817633 -0.0154055610956466 -0.0022024043864048944 0.0088074999908473936
leaf_weight=23.360360592603683 920.89425417780876 402.28476889431477 657.37034942954779 583.81684476137161 3866.4311526790261 2365.431485556066 530.6296802982688 29.058683082461357 1390.2810127735138 342.30023331195116 370.33569008111954 92.669165581464767 1100.6088339835405 342.9346771389246 742.43241260945797 66.953720323741436 833.06110973656178 80.118166245520115 130.74669255316257 267.70580340176821 970.05082020163536 1047.2444598525763 829.62446496635675 601.06220152229071 18.644936792552471 318.08445281535387 1134.8241709545255 386.23964726179838 967.74240502715111 775.76037053763866
leaf_count=95 10889 1786 5030 2641 21363 11295 3320 125 9524 2518 1579 518 5639 2127 4724 370 4814 473 735 1559 5283 8517 4929 3622 131 2022 7644 3927 6086 4205
internal_value=-1.97127e-05 0.00225089 -0.00460014 0.00690385 -0.000247805 0.00542131 -0.00279595 0.00033374 -0.000766682 -0.00490001 0.00419609 0.00327182 -0.00276969 -0.00488866 -0.00633038 0.00156899 -0.00389744 0.000854582 0.0115993 0.00601085 0.00496306 -0.00794101 0.0019998 -0.00133409 -0.0024898 0.00415142 -0.00545237 -0.013346 -0.00627755 0.00441735
internal_weight=22188.7 14834.7 7353.98 5182.85 9651.87 4599.04 6433.08 9242.27 7467.4 4471.77 4196.75 3826.42 1193.28 2700.96 3581.87 4766.45 900.015 889.894 210.865 2633.14 1774.87 2839.44 1961.32 1131.69 679.03 336.729 1792.19 409.6 2358.02 1745.81
internal_count=137490 82936 54554 25017 57919 22376 43665 53897 44284 31794 20590 19011 6157 17737 25915 26547 5184 5879 1208 12854 9613 21191 11871 6942 4671 2153 12674 4022 15610 9488
is_linear=0
shrinkage=0.03


Tree=54
num_leaves=31
num_cat=0
split_feature=13 67 1 29 26 12 5 22 83 49 83 17 57 55 74 86 72 60 44 20 39 36 3 72 67 58 40 1 86 83
split_gain=245.327 195.682 111.043 104.044 76.26 62.442 59.6817 64.6744 67.0324 51.5085 50.56 46.1994 41.7249 37.4512 34.0371 34.0071 26.9255 27.2465 26.6051 27.7102 24.783 24.4526 24.2573 22.2408 22.7375 21.9905 21.6315 20.8525 20.35 18.5184
threshold=0.93749999997363298 99.99999995166668 -0.038085695199923657 83.478459332926548 0.019607843136966552 0.056079664570230614 -0.074014528998451831 0.76666666664750016 -0.0019850270690516228 0.0090586022319799793 0.0049190699139351384 -0.20833333333681517 99.999999669444463 81.818181779132246 -32012799.999999996 10.500000000000002 222558900.00000003 0.088896429514006683 -0.066160804584306385 -0.013333333338266638 14.651303382962052 -0.040066005812397769 0.071478661590863593 85766700.000000015 9.9743963544172658 0.022992077609424014 0.36325538808904639 0.050000017960866845 14.500000000000002 -0.0029793725553251145
decision_type=10 10 10 2 8 10 10 10 10 10 10 10 8 10 2 2 2 10 2 10 2 2 10 2 10 10 2 10 2 10
left_child=1 2 5 22 14 10 11 8 -8 -9 23 20 15 21 -4 25 17 -17 -16 -20 -6 -5 -2 24 -1 -3 -14 -15 -23 -13
right_child=3 12 4 13 6 -7 7 9 -10 -11 -12 29 26 27 18 16 -18 -19 19 -21 -22 28 -24 -25 -26 -27 -28 -29 -30 -31
leaf_value=0.010586305309732973 -0.022441255713966657 -0.014589283583136934 0.032036709143477567 0.0040589923974765395 0.024345680197986323 -0.0014465147716944673 0.0032043409369870595 0.016654722968220199 -0.0024836923640302595 0.0023804468818969539 -0.0010483390147692714 -0.0048497448174661612 -0.00038252355995168388 -0.00068094940379100825 0.019663082141473387 0.0036707760295329288 -0.00062678415243950028 0.020038020791866493 -0.02347624973074236 -0.0070315618542935955 -0.00043870472366662325 -0.010253337669590003 0.014177196646682639 0.0061093929912135869 0.022783996528516419 0.005626603248404174 0.026611309871463745 0.01712903495268038 -0.0022031313751049711 0.012602257890121722
leaf_weight=213.51373551785946 468.35501104220748 59.771532103419304 13.600146867334841 151.4557401612401 37.099114090204239 398.31482088565826 2280.4884070977569 251.64651170372963 10199.445289321244 2304.9032506942749 194.37798525393009 58.856871761381626 29.920249596238136 236.33145385980606 18.459151551127434 118.29646967351437 97.718856289982796 419.15818525850773 214.83456771075726 164.19741489738226 769.92423491925001 1298.3344694003463 16.123407892882824 163.70600862801075 407.18391264230013 237.01142621040344 230.75847326219082 77.767105780541897 363.27781372517347 663.48934617638588
leaf_count=927 6989 279 68 1138 159 2336 12408 1313 62983 12628 893 295 135 1701 106 578 409 1816 2013 1885 3949 10859 152 772 1828 1035 1104 399 2958 3375
internal_value=-1.94528e-05 0.00113439 0.00036875 -0.00865361 -0.000295876 0.00855875 2.10573e-05 -0.000553169 -0.00144389 0.00379263 0.0126308 0.00566537 0.0129046 -0.00578839 -0.0130437 0.00991231 0.0138251 0.0164546 -0.0146702 -0.0163975 0.000725648 -0.00744528 -0.0211897 0.0160213 0.0186167 0.00150977 0.0235119 0.00375944 -0.00849751 0.0111714
internal_weight=22158.3 19546.7 18354 2611.65 16976.9 1377.1 16565.9 15036.5 12479.9 2556.55 978.782 1529.37 1192.64 2127.17 411.091 931.956 635.174 537.455 397.491 379.032 807.023 1813.07 484.478 784.404 620.698 296.783 260.679 314.099 1661.61 722.346
internal_count=137490 113294 107938 24196 101182 6756 97110 89332 75391 13941 4420 7778 5356 17055 4072 4117 2803 2394 4004 3898 4108 14955 7141 3527 2755 1314 1239 2100 13817 3670
is_linear=0
shrinkage=0.03


Tree=55
num_leaves=31
num_cat=0
split_feature=13 55 29 34 39 26 64 38 45 0 20 52 72 77 2 67 7 74 86 26 72 74 51 26 28 20 27 44 20 74
split_gain=233.861 182.103 141.481 111.758 86.7849 64.4042 62.268 60.2196 53.3151 65.1378 45.6735 60.5948 42.5632 41.8719 38.9772 38.2306 33.7383 32.1909 31.2344 30.9892 30.2224 35.517 29.5047 28.3751 28.2816 27.9757 27.6103 25.8969 26.3537 25.7727
threshold=0.64999999999769809 90.71920757878928 80.887075726722614 -0.023822172487978407 14.651303382962052 0.019607843136966552 1.7046420807511682 0.26274691430625047 0.082089963185971851 0.012051650920559378 -0.21327491012526392 0.014534427460927741 242329700.00000003 0.0071354163848270083 0.05103777385699005 10.405620360306676 -1.6708856520608603e-13 -32012799.999999996 15.500000000000002 0.12423301336323174 2765200.0000000005 996100.00000000012 0.017421602787408647 0.105263157894703 0.093749999999572772 -0.11940298508448426 0.79999999988000015 -0.066160804584306385 -0.013333333338266638 6503050.0000000009
decision_type=10 8 2 2 2 8 2 2 2 8 10 10 2 10 10 10 10 2 2 10 2 2 10 8 8 8 8 2 10 2
left_child=1 3 -2 4 -1 17 24 20 9 13 15 -12 16 -7 19 -6 -9 -5 -11 -10 25 -22 -13 -23 29 -3 -27 -19 -29 -4
right_child=2 7 6 5 10 8 -8 12 14 18 11 22 -14 -15 -16 -17 -18 27 -20 -21 21 23 -24 -25 -26 26 -28 28 -30 -31
leaf_value=0.024121520688089346 -0.020793508384694279 0.012539227173275727 -0.016728550215318036 0.030895051941580695 -0.0041877880789119998 0.00011363249202527236 0.0034449805114366841 0.026186643575908039 0.0069295794616178316 -0.0060470089072611538 0.00012958457150000105 0.020548461156495786 0.0051156331425644642 -0.0055283223199174914 0.014382853366849116 0.0047458415206385034 0.0082829160761168641 0.019530834260340323 -0.019419923290031886 -0.00083151313735340673 0.017483333939099479 0.016519473684552758 0.0089240591034646169 -0.0014044488332665577 -0.0045059064476990745 -0.014134309621313212 0.0021829038848916967 -0.023215354535057756 -0.0070119375170361745 -0.0055635257683772765
leaf_weight=202.00754103064537 530.03405678272247 149.73242130875587 379.02923014760017 13.714787393808363 820.00375159829855 7403.7694083452225 755.68609773367643 377.06855687499046 752.58052279055119 558.94921538978815 629.20237982273102 266.2738269418478 195.06360439956188 1407.9932790324092 266.29683564603329 906.68130426108837 128.74167048186064 18.399185761809349 219.22313679009676 1198.9882028996944 335.25647456198931 112.96278919279575 764.39579899609089 261.51665685325861 2272.6019887700677 127.98836646974087 336.18523774296045 206.81590764969587 163.09225538372993 369.58584237098694
leaf_count=935 7584 696 3444 68 3961 45330 4525 1759 4005 3556 3440 1189 883 8485 1305 4745 598 104 1289 6359 1588 658 3919 1247 16415 739 1597 1970 1883 3214
internal_value=-1.8996e-05 0.00149696 -0.00629188 0.00041096 0.00506455 -0.000956826 -0.00425103 0.00996572 -0.000553994 -0.0015237 0.00392014 0.00747208 0.0170743 -0.000788056 0.0036364 0.000501551 0.0216609 -0.0127502 -0.0098383 0.00216187 0.00618941 0.0104016 0.0119471 0.00402396 -0.0061775 0.00130581 -0.00233057 -0.0143749 -0.0161175 -0.0112352
internal_weight=22129.8 17822.9 4306.94 15798.4 3588.56 12209.8 3776.9 2024.52 11807.8 9589.94 3386.56 1659.87 700.874 8811.76 2217.87 1726.69 505.81 402.022 778.172 1951.57 1323.64 709.736 1030.67 374.479 3021.22 613.906 464.174 388.307 369.908 748.615
internal_count=137490 102308 35182 92543 18189 74354 27598 9765 70329 58660 17254 8548 3240 53815 11669 8706 2357 4025 4845 10364 6525 3493 5108 1905 23073 3032 2336 3957 3853 6658
is_linear=0
shrinkage=0.03


Tree=56
num_leaves=31
num_cat=0
split_feature=13 29 53 55 19 28 72 63 30 22 76 49 28 74 21 48 39 83 48 77 39 30 59 33 51 20 23 86 21 30
split_gain=221.82 169.295 163.85 86.7646 79.4402 72.3206 65.1974 62.5521 49.371 44.939 44.5962 57.5545 43.0906 39.6312 38.6413 38.5323 38.2179 57.0752 37.8872 36.2593 39.6819 35.5705 47.4963 37.2114 34.1111 33.0868 42.2441 32.8947 32.8904 46.1253
threshold=0.33333333332803033 81.83692366968512 0.020205257181837386 97.368421047250706 0.17777777777736395 0.079545454544776614 1774837800.0000002 -2.9791224996550745 -9.983730508977827e-11 0.76666666664750016 -0.0010014670676951436 0.014233937458843802 0.18032786885024191 950225950.00000012 0.19999999997709098 0.10714285714285715 41.693964978688506 0.0047354346409014892 2.8824266706194202 -0.0034201940476250733 50.616174066431533 0.00071292511618237253 0.023003204280212856 15.228023241344266 0.0082706766917238841 -1.1805556532351599e-10 0.49953905260120263 13.500000000000002 0.45161290319068687 -0.0010394542906203006
decision_type=10 2 8 10 8 8 2 2 2 10 10 10 8 2 8 10 2 10 10 10 2 2 10 2 10 10 10 2 8 2
left_child=2 -2 5 4 7 8 14 -4 10 13 11 -1 -5 21 24 -11 17 -17 25 -12 -21 23 -23 -7 -3 -10 -27 -8 29 -6
right_child=1 6 3 12 28 9 27 -9 18 15 19 -13 -14 -15 -16 16 -18 -19 -20 20 -22 22 -24 -25 -26 26 -28 -29 -30 -31
leaf_value=-0.01668956960294854 -0.016528756236721589 -0.021226970438394985 -3.8622149924894362e-05 -0.0050126401525168096 0.0043351219518121768 0.016419973635056342 -0.0013916732199266478 0.016577097528364851 -0.020854205901028391 0.031770005680030342 -0.018213432637241712 0.0088869912083060533 0.016058573452697036 0.0081072694558311075 -0.00037476206784490851 0.0050300709138853331 0.0086400946064646 -0.027114582144924907 0.0027051814775720224 -0.012473442369653533 0.0085001402644340456 -0.0083559562468357319 0.0032621204236672587 0.00025751511601959659 -0.0057759887210666492 -0.015320010012180248 0.015346889027720955 0.006359970474063616 0.0062482610822174947 -0.0047272340049662421
leaf_weight=289.54068178683519 890.34771471470594 133.77956722676754 285.21880048513412 95.497459344565868 1012.9297973886132 130.82878904044628 1160.2303613722324 711.13717894256115 360.13169634342194 51.884489461779594 64.925024375319481 107.95452856272459 949.64728856086731 515.11993939429522 1354.7973185107112 152.49591948091984 768.6248436793685 72.519548639655113 124.37561006844044 95.346669502556324 514.62060889601707 991.29121092706919 464.03827813267708 4686.406003460288 2970.5809187889099 119.28485363721848 59.880319759249687 854.41700624674559 1107.5835663899779 1006.9360610470176
leaf_count=2184 10889 1192 1414 442 5027 553 7121 3286 3494 233 480 739 4242 2888 8693 701 4010 326 893 767 3738 5909 2528 26090 22048 1416 570 5056 5295 5266
internal_value=-1.86534e-05 -0.00427016 0.00210561 0.00640894 0.00444908 -0.000218996 -0.00258147 0.0118224 -0.00575729 0.00100864 -0.00177044 -0.00973091 0.0141274 0.000116001 -0.00460497 0.00679527 0.00545753 -0.00539059 -0.0121825 0.0029211 0.00520171 -0.000540973 -0.00464972 0.000700402 -0.00644942 -0.0156202 -0.00502562 0.00189585 0.00209608 -0.000181229
internal_weight=22102.4 7364.15 14738.2 5168.95 4123.81 9569.27 6473.81 996.356 1736.06 7833.21 1072.39 397.495 1045.14 6787.68 4459.16 1045.52 993.64 225.015 663.672 674.892 609.967 6272.56 1455.33 4817.23 3104.36 539.297 179.165 2014.65 3127.45 2019.87
internal_count=137490 54999 82491 24972 20288 57519 44110 4700 14281 43238 7908 2923 4684 37968 31933 5270 5037 1027 6373 4985 4505 35080 8437 26643 23240 5480 1986 12177 15588 10293
is_linear=0
shrinkage=0.03


Tree=57
num_leaves=31
num_cat=0
split_feature=13 67 0 31 28 8 70 18 71 30 86 18 57 35 85 17 20 49 45 83 3 28 20 13 61 45 8 20 66 8
split_gain=211.94 167.737 96.6859 89.5797 73.9586 54.7742 53.6552 51.1321 49.8583 56.0703 47.0429 40.7289 39.6107 38.9305 38.3566 34.8673 38.2523 34.6312 33.3006 33.1321 32.56 28.9601 26.9267 25.3615 27.5045 24.4025 24.297 35.3402 24.7347 24.042
threshold=0.93749999997363298 99.99999995166668 -0.037625981730542317 82.797151005232479 0.12765957446788143 0.023584905660338423 1.4846477284629651 -2.816913369230178e-12 0.44442500327113194 -0.0023379197205550257 14.500000000000002 -1.0555556428926137e-10 99.999999894302007 33.848100325124889 0.080901428363749237 -0.21250000000738281 -1.6529944080190259e-11 0.024504692387769925 0.10764921950605956 0.00013048835368911383 0.071478661590863593 0.59848484848212824 -7.4349415513097467e-12 0.087337909991413762 0.18191327500950941 0.082089963185971851 0.011904761904655614 -0.088983050848499931 99.999999990291684 0.0068728522336698912
decision_type=10 10 10 2 8 10 10 10 10 2 2 8 8 2 10 8 10 10 2 10 10 10 8 10 10 2 10 8 10 10
left_child=1 2 7 20 8 6 11 -1 9 17 14 -6 13 -3 -7 -15 -17 -4 26 -11 -2 -14 -10 24 -9 -8 27 -5 -28 -20
right_child=3 12 4 18 5 10 25 23 22 19 -12 -13 21 15 -16 16 -18 -19 29 -21 -22 -23 -24 -25 -26 -27 28 -29 -30 -31
leaf_value=0.02276785050431036 -0.021880285362319816 0.017167407235926378 -0.0020476408721359579 0.0035424517953609527 0.035825578747863233 -0.00082064866760608402 0.0061920527748110764 0.013636129755633152 0.00068133323451104297 -0.011839067359872319 0.0066980367777209259 0.0014526431203070696 0.031947768200649186 0.036981257223647444 -0.0079612129456721175 -0.0028605055120296519 0.012646215911989726 0.01886343694178591 0.035423693638889843 -0.002766254637374975 0.017870532758933872 0.0033124715079340954 -0.013629644309903008 -0.0022640449966585966 -0.0094726708285713026 0.016760074158492549 -0.012068447569270096 -0.008029622154021563 0.0042674834177862681 0.0022435629993092687
leaf_weight=218.83310666680336 434.94392661005259 385.00404714047909 1174.4740091487765 385.58815584331751 30.166852787137032 1854.6675032973289 805.09810744225979 335.17019608616829 2550.9627971798182 1210.6539484262466 479.47094538807869 7350.5716908052564 133.37346781790257 28.283853337168694 1066.538353048265 352.55389051139355 239.50404570996761 74.86891158670187 20.92157270014286 519.1535420268774 18.56721805036068 42.277765661478043 123.08057136833668 219.93975644558668 52.885984107851982 261.13974864780903 803.28244955837727 614.49899215251207 92.283145658671856 194.69872099906206
leaf_count=974 6852 1718 7653 3154 156 11435 4009 1474 16990 9800 2810 38371 661 118 6676 1603 1054 420 123 3608 167 202 845 1270 243 1204 6701 5394 589 1216
internal_value=-1.86038e-05 0.00104726 0.000340651 -0.00812438 -0.000133063 0.0012139 0.00250825 0.0103591 -0.00295621 -0.00562473 -0.00200005 0.00159837 0.0120009 0.00968133 -0.00343054 0.00501025 0.00341809 -0.000778027 -0.00551847 -0.00912102 -0.0202105 0.0251302 1.66588e-05 0.00585784 0.0104628 0.00879643 -0.00678991 -0.00356588 -0.0103789 0.00562554
internal_weight=22073.5 19508.7 18327.7 2564.78 17500.8 11847.7 8446.98 826.829 5653.19 2979.15 3400.68 7380.74 1181 1005.35 2921.21 620.342 592.058 1249.34 2111.27 1729.81 453.511 175.651 2674.04 607.996 388.056 1066.24 1895.65 1000.09 895.566 215.62
internal_count=137490 113294 107938 24196 103977 64661 43740 3961 39316 21481 20921 38527 5356 4493 18111 2775 2657 8073 17177 13408 7019 863 17835 2987 1717 5213 15838 8548 7290 1339
is_linear=0
shrinkage=0.03


Tree=58
num_leaves=31
num_cat=0
split_feature=55 34 72 30 44 29 39 91 85 38 11 63 74 14 31 83 47 29 7 90 22 25 37 29 52 72 53 86 8 42
split_gain=191.817 136.655 87.1069 110.93 102.148 86.1364 84.505 68.2666 67.4947 59.3097 55.8966 50.2434 48.5836 44.4856 42.5075 41.9888 39.8806 39.3234 39.1941 38.4796 42.613 37.1201 35.9106 52.6427 44.1226 34.5851 32.9631 31.1757 45.0875 30.9314
threshold=90.71920757878928 -0.023822172487978407 99683300.000000015 -0.0024279359087457371 0.12264684341740352 36.159726545455705 14.651303382962052 1.0000000180025095e-35 0.052779053865301587 0.26274691430625047 0.063068181818181829 -117.65023787259469 102945400.00000001 -0.025974025983513224 25.921040397329136 -0.0070054642971594814 0.040816326530278786 619.45821011377018 -0.01724137932305286 1.0000000180025095e-35 0.80434782608083666 0.62499999998567723 40.620280021083822 56.244716484218706 0.048152567090143893 182550.00000000003 0.0074992048477808314 14.500000000000002 0.20094894113369324 0.074087729771657687
decision_type=8 2 2 2 2 2 2 2 10 2 10 2 2 8 2 8 10 2 10 2 8 10 2 2 10 2 10 2 8 2
left_child=1 6 3 14 5 16 -1 11 -9 15 -7 -4 -11 -6 -3 -2 -5 22 -8 -20 -21 26 24 -24 25 -17 -16 28 -13 -15
right_child=9 2 7 4 13 10 18 8 -10 12 -12 27 -14 29 21 17 -18 -19 19 20 -22 -23 23 -25 -26 -27 -28 -29 -30 -31
leaf_value=0.022992316002243548 0.031308557131884428 0.014679236214817289 0.038081463543833072 0.0030638144860789815 -0.0012870427187359117 -0.011437396250724095 0.01062984682437388 0.0058533595652321491 -0.0029756638454650338 0.019377221694927917 -0.0037653465969503018 -0.0067151289711615113 0.0028154229743474995 0.026116279708712265 -0.0054393139357282218 -0.0003177532459571792 -0.024483916827914346 0.014135522311417827 -0.00095647199949142449 0.0070297673238284885 -0.016040747831518948 -0.011048824726214452 -0.023055203179738085 0.00033386856424319819 -0.023680517409621762 0.014277765101287211 0.0021153275924042756 0.0011748330443449857 0.017210068043445898 0.0037355452175449515
leaf_weight=198.74470393359661 50.655922275036573 171.99607974290848 25.329297497868538 732.02142880111933 348.40249267220497 3380.359260533005 516.77241650223732 2519.6115260086954 1126.7552358396351 564.70501459389925 1147.2708887904882 1766.4475322961807 223.10981805622578 120.20964163914323 671.25495740771294 237.96671876311302 49.550002053380013 273.47821617126465 1930.5933915749192 1240.553207796067 75.491852268576622 277.79349117353559 101.43813827633858 558.73674224689603 39.572320736944675 375.7433778308332 2290.4532186575234 853.92705161124468 72.849981240928173 104.00021788477898
leaf_count=935 229 720 141 3532 1952 28642 2416 15368 7132 2702 7897 11291 1054 609 4475 1121 293 1421 10482 6740 382 1634 696 3618 200 1654 14248 5065 351 490
internal_value=-1.80915e-05 -0.00100224 -0.0022618 -0.00411345 -0.00660931 -0.00790787 0.00397405 0.000441508 0.00312423 0.00793907 -0.00949527 -0.00315552 0.0147002 0.00541844 0.000189503 0.00467759 0.00128446 0.00380644 0.00296306 0.0017389 0.00569293 -0.000583173 0.0016444 -0.00328484 0.00662764 0.00862215 0.000400839 -0.00355846 -0.00575704 0.0158109
internal_weight=22045.8 19620.4 15658.2 9293.31 5881.81 5309.2 3962.16 6364.92 3646.37 2425.41 4527.63 2718.55 787.815 572.612 3411.5 1637.59 781.571 1586.94 3763.41 3246.64 1316.05 3239.5 1313.46 660.175 653.282 613.71 2961.71 2693.22 1839.3 224.21
internal_count=137490 124795 103840 64492 43415 40364 20955 39348 22500 12695 36539 16848 3756 3051 21077 8939 3825 8710 20020 17604 7122 20357 7289 4314 2975 2775 18723 16707 11642 1099
is_linear=0
shrinkage=0.03


Tree=59
num_leaves=31
num_cat=0
split_feature=55 32 72 18 32 45 29 29 50 45 91 85 63 74 53 14 44 63 20 29 12 52 14 72 57 53 66 37 37 29
split_gain=180.676 125.036 93.9129 79.8762 78.9151 142.432 77.4178 66.73 60.9198 59.6997 59.5561 62.9375 53.8889 52.5191 47.375 45.8952 48.3144 45.1059 41.8053 41.4487 40.9586 36.1942 35.6421 38.2881 42.3733 38.3826 33.7628 31.9924 33.3435 47.2822
threshold=90.71920757878928 -0.018336242379722419 99683300.000000015 -1.7095214133178157e-11 -5.8590851786943777e-07 0.082089963185971851 36.159726545455705 263.56056418358406 2.3285714558192665 0.068506399638317519 1.0000000180025095e-35 0.052779053865301587 -117.65023787259469 102945400.00000001 0.042591770999996059 -0.019323671498295166 -0.064335374606630566 -0.28936232352721564 -0.39125119591835844 37.862088263607546 0.25000008980433436 0.017712791749749254 -0.22654985841451566 85766700.000000015 65.384615331804739 0.027212924445383941 49.999999980437515 1068.2350643925013 40.620280021083822 58.827758701480043
decision_type=8 2 2 8 2 2 2 2 10 2 2 10 2 2 10 8 2 2 8 2 10 10 8 2 10 10 10 2 2 2
left_child=1 3 4 17 15 6 14 -8 26 27 12 -12 -4 -11 -6 18 -17 19 -3 21 -20 -1 -5 24 25 -24 -7 28 -2 -30
right_child=9 2 10 22 5 8 7 -9 -10 13 11 -13 -14 -15 -16 16 -18 -19 20 -21 -22 -23 23 -25 -26 -27 -28 -29 29 -31
leaf_value=-0.022596961783915761 0.0070824298443887129 0.025871747457081547 0.032771674486071517 -0.0061027457913300125 0.0072899621083321615 0.045975086380192765 -0.013290523460559834 -0.0030769889628313764 -0.0016998172627577138 0.016795919949211761 0.0057929389165103755 -0.0025703313234860616 -0.0031729878250505738 0.0016677501909405734 -0.010979933511620379 0.027151907560142161 -0.012861027778735174 0.024277275316066712 0.00053470817287022492 0.029518723681392099 -0.0066489360787251031 0.0069597985081080406 0.0044464242398695227 -0.00036372350665784094 -0.015675738670729907 0.015143502192032282 0.013210269182280876 0.015569302329041338 -0.025644161624131034 -3.7035500677252892e-05
leaf_weight=46.180816948413849 545.44550140202045 52.254673235118389 37.056393727660179 401.19797203689814 375.53221204131842 31.733904663473368 2477.9760315418243 751.87633773684502 353.92764968425035 808.19361359998584 2547.8949968405068 1185.6900602392852 2718.9284464418888 278.23986143618822 192.28548941761255 27.975563995540142 439.66730146482587 244.5729818046093 3670.7056785710156 55.586260259151459 885.73605410754681 176.72887437045574 917.62380115315318 1252.1563614010811 70.721614301204681 450.82610712945461 230.63707016408443 170.19690647721291 72.639024831354618 548.62770435214043
leaf_count=209 2518 297 203 2093 1779 158 21574 5122 2061 3797 15503 7525 16928 1330 990 171 3510 1152 22189 254 6953 751 4887 6911 337 2149 1089 870 604 3576
internal_value=-1.77798e-05 -0.000973704 -0.00211374 0.00406328 -0.00401543 -0.00694891 -0.00911999 -0.0109155 0.00641767 0.00770793 0.000667011 0.0031362 -0.00267688 0.0129294 0.00108935 -0.00146326 -0.0104081 0.014895 -0.000552915 0.00658746 -0.000862229 0.000749472 0.00222601 0.0034705 0.0068065 0.00798118 0.0173441 0.003456 0.00167455 -0.00307226
internal_weight=22018.8 19595.5 15979.9 3615.59 9490.31 4413.97 3797.67 3229.85 616.299 2423.34 6489.57 3733.59 2755.98 1086.43 567.818 5076.34 467.643 523.069 4608.7 278.496 4556.44 222.91 3092.53 2691.33 1439.17 1368.45 262.371 1336.91 1166.71 621.267
internal_count=137490 124795 106052 18743 65893 32773 29465 26696 3308 12695 40159 23028 17131 5127 2769 33120 3681 2366 29439 1214 29142 960 16377 14284 7373 7036 1247 7568 6698 4180
is_linear=0
shrinkage=0.03


Tree=60
num_leaves=31
num_cat=0
split_feature=13 22 31 28 50 37 1 72 14 39 77 77 0 20 76 74 0 85 83 32 16 32 45 76 72 20 20 24 49 72
split_gain=191.73 139.513 118.036 89.6017 68.6897 60.9421 60.4222 51.3155 62.7224 43.5613 50.5877 52.3498 40.1847 32.8809 30.0885 28.1413 26.8154 27.6471 34.1574 28.3867 26.6525 25.2709 25.133 23.5883 22.2128 23.8297 22.1194 21.3918 20.7183 20.112
threshold=0.64999999999769809 0.99999999925000005 80.073379015667555 0.13363062132509931 6.9821428571428585 24.132198468365473 -0.027748163942193812 26032250.000000004 -0.074074074081790106 22.506029114343622 0.024897818656712381 -0.00060080733453751409 -0.0067996387499267832 -0.075757575763410565 0.02823262839530491 -2017749.9999999998 -0.058741373644429822 0.084044608153504244 -0.0056528210253455882 1.0000000180025095e-35 0.36363636361157031 0.13135148827584323 0.12048048271697788 -8.530668454982786e-05 634166400.00000012 -6.5336624999190452e-13 -0.23785095775685514 0.36706517418148088 0.024818401936888262 222558900.00000003
decision_type=10 10 2 8 8 2 10 2 10 2 10 10 10 8 10 2 8 10 8 2 10 2 2 10 2 8 10 10 10 2
left_child=1 3 21 6 -4 9 -1 8 13 10 11 -5 -10 -8 22 29 -7 18 -18 -19 27 -2 -9 -17 25 -22 -12 -6 -26 -3
right_child=2 15 4 5 20 16 7 14 12 -11 26 -13 -14 -15 -16 23 17 19 -20 -21 24 -23 -24 -25 28 -27 -28 -29 -30 -31
leaf_value=0.012270569576049406 -0.020588181253945761 0.022371728492445685 -0.007483651603477086 0.0040500746996945764 -0.0066202773280985665 0.010654275898585572 0.005486891650932752 0.00077472041164806916 -0.00048290592086038203 0.028005814364877042 -0.002516724833884122 0.021099256772864089 -0.0086802290348859373 0.039604047330234232 -0.014322037458076397 -0.0091920815459720119 0.012861006841423672 -0.00014531459411296682 0.0017108166675115926 -0.009749899569896003 -0.0035805685013283028 0.023494149476427664 0.027804286259240925 0.010656035277009363 0.011010276201446586 0.02204302231333162 -0.03663993492120976 0.023995744425857786 0.00016276575585829421 -0.0045217154525608238
leaf_weight=242.01004084199667 481.73322593048215 276.45913048088551 2120.7889764457941 494.25887355208397 454.83711159229279 285.85899148881435 174.72368277609348 2162.5612778738141 714.68558229506016 103.0484786182642 41.229360722005367 241.09449489414692 2190.1019561290741 28.927544265985489 118.04220053553581 58.15280169993639 254.26857670396566 1299.6085548475385 8023.1995223015547 351.19213366508484 446.58933178335428 11.137558802962301 30.421729356050491 613.04460652172565 402.6860704049468 34.223343268036842 28.661756932735443 20.504117675125599 261.85364401340485 26.972776785492897
leaf_count=1232 7374 1318 17334 2168 3071 1357 896 13883 4619 421 185 1046 17257 144 770 263 1185 7536 42744 2157 3037 91 158 2721 2437 215 127 129 1494 121
internal_value=-1.74559e-05 0.00135025 -0.00575315 0.000708936 -0.0039314 0.00227287 -0.00236287 -0.00301903 -0.00553555 0.00971604 0.00733991 0.00966499 -0.00666528 0.0105175 0.000365432 0.012379 0.00160981 0.00134805 0.0020552 -0.00219508 0.000716857 -0.0195404 0.00116355 0.00892081 0.00319647 -0.00170854 -0.0168721 -0.00524574 0.00674712 0.0199643
internal_weight=21992.9 17758.5 4234.35 16783.9 3741.48 11122.4 5661.47 5419.46 3108.44 908.293 805.244 735.353 2904.79 203.651 2311.03 974.629 10214.1 9928.27 8277.47 1650.8 1620.69 492.871 2192.98 671.197 1145.35 480.813 69.8911 475.341 664.54 303.432
internal_count=137490 102308 35182 97885 27717 58926 38959 37727 22916 3947 3526 3214 21876 1040 14811 4423 54979 53622 43929 9693 10383 7465 14041 2984 7183 3252 312 3200 3931 1439
is_linear=0
shrinkage=0.03


Tree=61
num_leaves=31
num_cat=0
split_feature=13 55 31 1 50 28 26 45 33 38 20 70 86 30 45 84 73 73 77 77 35 7 73 3 48 16 20 83 73 51
split_gain=181.114 134.219 113.982 85.4915 65.1241 61.1787 58.2772 52.8252 50.4172 48.1017 43.1809 39.7869 45.3288 43.1469 60.4103 40.0144 39.6499 39.0099 35.7484 32.5539 30.2758 29.8658 27.2438 27.1493 26.1183 25.101 24.8519 26.406 20.7978 29.3807
threshold=0.64999999999769809 90.71920757878928 80.073379015667555 -0.038085695199923657 6.9821428571428585 0.25782193211917631 0.031249999999715176 -0.04767844862154718 6715.6464443524628 0.26274691430625047 -0.14457831325945344 0.29682110471518491 13.500000000000002 0.00028439632770960182 0.084686819276216255 0.071459057374550342 20.128440661522387 19.095209680555367 -0.00080123809463308643 0.00037853860377636521 9.1724258344220289 -1.6708856520608603e-13 14.832623882075046 0.071478661590863593 0.43571444920131142 0.36363636361157031 -0.11940298508448426 -6.8662111967934545e-05 20.267821940107662 0.02587320473114647
decision_type=10 8 2 10 8 10 10 2 2 2 10 10 2 2 2 10 2 2 8 8 2 10 2 10 10 10 8 8 2 8
left_child=1 3 23 5 -4 16 7 10 18 22 -5 13 15 20 -15 -13 -1 21 -9 -14 -8 -11 26 -2 -24 -6 -3 -28 -27 -30
right_child=2 9 4 6 25 -7 11 8 -10 17 -12 12 19 14 -16 -17 -18 -19 -20 -21 -22 -23 24 -25 -26 28 27 -29 29 -31
leaf_value=0.018964312813655133 -0.021269448403341044 0.011171481111649065 -0.0072977706630427347 -0.00074815189227519781 -0.0051047844647959017 0.0023098536080962779 0.030028288048378499 -0.017880303630470235 0.03533885835233945 0.024234188360063684 0.051995536655170635 -0.0014422089445442639 0.0064621156054433223 -0.0078190253270619438 0.0053768457499775747 0.014608014395506764 -0.0041116677102627048 0.0041226340650934177 -0.0057048056837738833 0.00098909817213891824 2.8368568768342604e-05 0.0070056209407822635 0.016656872901569104 0.0058329485775146682 0.0047723619693893068 -0.0016584041279797102 -0.014638027207680976 0.0015088833331365111 0.010994116944301295 -0.0023090458348765997
leaf_weight=453.24821601808071 449.33062358573079 150.76395422965288 2109.7584171295166 32.768141902983189 473.7468015179038 763.47531691938639 29.515489459037781 295.57743879407644 22.637165449559689 352.87249499559402 23.17457340657711 3295.1740008294582 2131.7995486408472 1566.6222031936049 388.85071361809969 144.97146011888981 77.995575688779354 205.82402233034372 820.86319477111101 1810.1577665582299 3886.7551905214787 123.81839448958635 267.45162130892277 35.323908351361752 443.90063275396824 480.20731365680695 123.42706844210625 339.36665511131287 442.78267877548933 224.29879142343998
leaf_count=2109 7125 696 17334 185 3200 3750 145 2357 148 1708 150 19332 11963 9865 2015 718 415 943 7022 10076 22293 589 1209 340 2284 3252 704 1632 2636 1295
internal_value=-1.70559e-05 0.00131035 -0.00560637 0.000378414 -0.00382459 0.00776058 -0.000283362 -0.00662568 -0.00803117 0.00861388 0.0215779 0.000288717 0.00175474 -0.00155387 -0.00519205 -0.000760915 0.0155694 0.0150822 -0.00894407 0.00395054 0.000262841 0.0197895 0.00527066 -0.01928 0.00926198 0.000695581 0.000630754 -0.00281331 0.00309568 0.00651982
internal_weight=21966.5 17751 4215.45 15743.6 3730.79 1294.72 14448.9 1195.02 1139.08 2007.42 55.9427 13253.8 7382.1 5871.74 1955.47 3440.15 531.244 682.515 1116.44 3941.96 3916.27 476.691 1324.91 484.655 711.352 1621.04 613.558 462.794 1147.29 667.081
internal_count=137490 102308 35182 92543 27717 6274 86269 9862 9527 9765 335 76407 42089 34318 11880 20050 2524 3240 9379 22039 22438 2297 6525 7465 3493 10383 3032 2336 7183 3931
is_linear=0
shrinkage=0.03


Tree=62
num_leaves=31
num_cat=0
split_feature=13 22 29 1 45 36 50 71 32 50 51 37 32 60 56 21 56 18 29 29 72 74 72 37 16 43 18 51 8 23
split_gain=171.098 125.956 118.368 76.9639 62.3537 63.8912 59.6044 59.0625 54.0513 51.5347 48.4422 45.783 40.8608 67.4731 37.0739 30.3277 30.0658 29.9669 29.227 32.7668 27.0987 31.5673 24.9815 24.2902 23.5919 22.6051 25.8486 20.9022 22.9029 22.8297
threshold=0.64999999999769809 0.99999999925000005 80.887075726722614 -0.038085695199923657 0.082089963185971851 -0.019582449396693565 6.9821428571428585 0.19649878879859042 -0.0065707730089795127 5.1472830091203976 0.026890756302455101 9.191644492568571 -5.9131658640965139e-05 1.0000000180025095e-35 38.461538429127238 0.065693430651100351 87.623956791792338 0.19444444441956024 28.000025562200388 85.029969383209774 894710950.00000012 -67540049.999999985 208400.00000000003 43.782583332844666 0.36363636361157031 -0.029938560728276661 0.010638297864276837 0.0082706766917238841 0.011904761904655614 0.85482478485161362
decision_type=10 10 2 10 2 2 8 8 2 10 10 2 2 10 10 10 8 10 2 2 2 2 2 2 10 2 8 10 10 10
left_child=1 3 -2 9 5 11 27 8 -7 17 12 -5 15 -14 -13 -6 -9 25 -12 -20 21 -3 -23 -19 -8 -1 -27 -4 -29 -30
right_child=2 20 6 4 10 7 24 16 -10 -11 18 14 13 -15 -16 -17 -18 23 19 -21 -22 22 -24 -25 -26 26 -28 28 29 -31
leaf_value=0.0028924342771484007 -0.019416585176818019 0.028468494730030814 -0.022737942216904422 0.033251460066169955 -0.015825355203765545 0.0019214014112040993 -0.0049634027940579726 -0.0010096968044287884 -0.0076367605730145805 -0.0005242937116890715 0.030619138763845796 -0.00053193158507078449 0.027682742000114845 0.0074730284866669 0.0052098821405112466 0.0043211916523771083 0.0081937253560411503 -0.010246116480580679 -0.012683856329130485 0.0010529667843336508 -0.0062424454937432114 0.002263574336220953 0.014305752099487534 0.012810969612299158 0.0029941401980165512 0.026396292215997614 0.012685091410780417 -0.0019205271096419145 -0.01109982056796982 -0.0023118944702733555
leaf_weight=125.68156174570322 483.20808502659202 106.67868666350842 72.471265651285648 41.166823744773865 74.042098812758923 675.40186667442322 472.14989150315523 4753.928159698844 2500.9092282578349 463.49213274568319 26.163023859262466 2461.0297313779593 189.64687258005142 685.28271506726742 1716.8401401340961 644.56588979810476 341.43932468444109 89.236068591475487 179.88904955238104 1146.5308730453253 68.889789670705795 212.94069005548954 579.76734940707684 74.540373109281063 1149.3325931280851 181.27954338490963 405.14925253391266 681.03684870898724 970.39824226126075 368.54677235707641
leaf_count=571 7584 543 736 217 385 4031 3199 29883 17413 2384 109 13462 906 3305 9519 3227 1691 392 1079 6189 290 960 2630 386 7184 834 1902 6075 7767 2637
internal_value=-1.66574e-05 0.00127167 -0.00546313 0.000663921 6.49788e-05 -0.000860875 -0.00364214 -0.0023933 -0.00560343 0.00755951 0.00399031 0.00214269 0.00753277 0.0118836 0.00182755 0.00222211 -0.000390902 0.0118363 -0.000183476 -0.000815913 0.0117869 0.0131766 0.0110816 0.000243822 0.00067355 0.0144942 0.0169664 -0.00698662 -0.00640905 -0.0086867
internal_weight=21941.6 17744.5 4197.14 16776.2 15436.8 12490.7 3713.94 8271.68 3176.31 1339.38 2946.12 4219.04 1593.54 874.93 4177.87 718.608 5095.37 875.887 1352.58 1326.42 968.277 899.387 792.708 163.776 1621.48 712.11 586.429 2092.45 2019.98 1338.95
internal_count=137490 102308 35182 97885 91416 76216 27598 53018 21444 6469 15200 23198 7823 4211 22981 3612 31574 4085 7377 7268 4423 4133 3590 778 10383 3307 2736 17215 16479 10404
is_linear=0
shrinkage=0.03


Tree=63
num_leaves=31
num_cat=0
split_feature=28 66 15 0 62 5 66 74 28 20 53 86 0 74 64 74 50 31 12 51 19 10 12 18 77 64 85 77 56 29
split_gain=154.738 114.455 73.4271 59.5337 60.7077 49.4866 49.2514 51.5207 59.3734 48.853 48.6611 46.0543 47.6286 40.6991 49.2778 40.3359 48.0882 40.2159 39.2003 38.2719 54.4988 37.7934 34.0142 33.757 32.3998 32.2617 31.6387 31.1802 30.1966 29.8533
threshold=0.11764705882286884 99.999999952272717 -1.0555556428926137e-10 -0.0062084269415444418 0.89907595781811989 -0.066602067183462496 37.499999996332043 -49619299.999999993 0.066666666665851873 -0.18355959151583043 0.033816776851764117 14.500000000000002 0.011644857278459543 1677800.0000000002 -7.6473112605047611 9652850.0000000019 0.41071428571428575 170.58979709922411 0.33333357281173026 0.0076530612242620274 0.70370370370179258 0.84292763157894746 0.23606811145510839 -2.816913369230178e-12 -0.00019662227299815626 -0.0053311852346581761 0.0512820512868453 -0.00076149834309481633 68.543856464787609 83.478459332926548
decision_type=8 10 8 10 2 10 10 2 10 10 10 2 10 2 2 2 10 2 10 10 10 10 10 10 10 2 8 10 10 2
left_child=3 2 -2 22 6 9 19 8 -8 -4 -3 18 -13 14 -6 16 -9 -17 21 -5 25 -7 -1 -11 27 -21 -14 -15 -26 -20
right_child=1 10 5 4 13 11 7 15 -10 23 -12 12 26 24 -16 17 -18 -19 29 20 -22 -23 -24 -25 28 -27 -28 -29 -30 -31
leaf_value=0.0037669733904096511 0.027038661968530966 0.0032062375279651441 0.0018492549018373418 -0.011004931511073051 0.033064881882229176 0.00022306421623641501 0.042964201181639766 -0.001905182901344987 -0.0030354766837187566 0.030423987816105266 0.013871872802356402 0.003888824628776719 0.006609669688732279 0.012315255559667879 -0.0070465077287835548 -0.011267262718305728 -0.019265083226911697 0.0028240632332952767 -0.014569536601977367 -0.0040158927840833374 0.04730133728951709 -0.0099279154629719982 -0.0070738011656652465 0.0089464194112668372 0.012337859696770308 0.0083430156384189085 -0.012340522070633943 0.050670402244586119 -0.0081569809431756828 -0.0037301935458847637
leaf_weight=1106.7408913038671 93.614151313900948 683.53866642341018 1809.7115569263697 471.05229598656297 28.564545646309853 5935.2421716973186 30.044117212295532 175.77952681854367 134.35827504843473 73.884431719779968 885.27762155607343 3057.2365881614387 108.31268567591906 59.181050583720207 405.59559834003448 648.94383010268211 799.3045590929687 252.4183275103569 263.15251517668366 1066.7019499875605 19.653084676712751 348.51306209340692 339.48508056253195 576.86729152500629 160.14076855033636 230.19617529585958 288.03389562293887 28.068405788391829 107.05710806325078 1729.5299172699451
leaf_count=6899 494 3445 9406 4739 190 32482 255 1158 1019 322 4122 16765 770 370 2847 6322 7753 1859 3160 7757 115 3231 2349 3029 1075 1655 1752 175 718 11257
internal_value=-1.6314e-05 0.00154252 0.000697224 -0.00409209 -0.00575564 0.000521346 -0.00731675 -0.0105014 0.00556164 0.00438869 0.00923173 -0.000289909 0.00261931 0.00181892 -0.00433066 -0.0119125 -0.0161438 -0.00731903 -0.0015044 -0.00367543 -0.00104435 -0.000340948 0.00121702 0.0114325 0.00935094 -0.00181517 -0.00715071 0.0251226 0.00411529 -0.00516973
internal_weight=21916.2 15852.9 14284.1 6063.29 4617.06 14190.5 3828.45 2040.85 164.402 2460.46 1568.82 11730 3453.58 788.607 434.16 1876.45 975.084 901.362 8276.44 1787.6 1316.55 6283.76 1446.23 650.752 354.447 1296.9 396.347 87.2495 267.198 1992.68
internal_count=137490 90235 82668 47255 38007 82174 32632 18366 1274 12757 7567 69417 19287 5375 3037 17092 8911 8181 50130 14266 9527 35713 9248 3351 2338 9412 2522 545 1793 14417
is_linear=0
shrinkage=0.03


Tree=64
num_leaves=31
num_cat=0
split_feature=28 20 10 21 68 72 86 53 33 57 15 15 70 77 45 45 15 74 45 57 42 18 34 77 1 20 65 67 76 60
split_gain=146.572 106.163 76.8209 63.458 76.9785 76.0565 54.5173 52.6155 49.5014 47.1356 44.0835 43.4409 45.1676 42.1972 44.5714 66.7467 39.9123 38.0226 35.1119 34.9675 32.5004 81.8687 30.3159 37.0658 29.913 29.7686 29.1845 28.1733 26.46 26.2231
threshold=0.13363062132509931 -0.023378149424430224 -0.56961259079903137 0.084062261265373542 -66.666666666507112 99683300.000000015 14.500000000000002 0.016356127146000869 85.027147651584244 90.630521159523127 -4.2572445568822552e-11 -1.0555556428926137e-10 0.87067679795391317 -0.0059264937349495688 -0.059144212775133591 -0.072643504476067752 0.055555555538451713 -92495849.999999985 0.14109914414495409 99.999999669444463 -0.0037426895854151816 0.036363636349504132 0.12351765714509345 -0.0023201672586676521 -0.016666636731888559 -0.082243962179173777 4.0920737123879433e-05 42.592592588533961 -0.0045258740276050485 -0.028562749522652305
decision_type=8 10 10 10 10 2 2 10 2 10 10 8 10 10 2 2 10 2 2 10 2 10 2 10 8 8 2 10 10 10
left_child=3 2 11 4 7 13 8 26 24 10 -5 -2 22 29 15 -15 -3 -16 20 -18 -12 -22 25 -24 -4 -13 -1 -7 -29 -6
right_child=1 16 6 9 5 27 -8 -9 -10 -11 18 12 -14 14 17 -17 19 -19 -20 -21 21 -23 23 -25 -26 -27 -28 28 -30 -31
leaf_value=-0.0044909032590773083 0.025381025232747469 0.037719298515128362 0.0021623286726333889 0.041152945448937529 0.016795223618991027 -0.0094674831207787018 0.0045515703637304308 0.0095312418227340538 -0.0016563323864602784 0.046087824075422196 -0.010088180384674733 0.0024141904657911393 0.0068783737081264135 -0.0089008855951257272 0.015048842927100124 0.040208183544446538 0.0067328458146621566 -0.011047603551150404 0.025203578901480551 0.020846199467736935 0.021941648931908551 -0.0010689893537347925 0.033525017275607236 7.7244689345411182e-06 -0.012855442311149299 -0.0026804329190036561 0.006135685950793353 0.016664843467108312 1.495613979467486e-05 -0.022701352270676163
leaf_weight=1549.7866629138589 76.197956934571266 42.92657583206892 147.19893633946776 22.899569228291512 15.103311914950607 234.55696111172438 1058.7767566144466 367.46508949622512 4154.7158380150795 19.776791132986546 271.05455639958382 3722.7751051038504 1778.7063808739185 64.830979280173779 50.727547250688076 39.108708780258894 1196.1041395179927 1840.3833210021257 48.094369858503342 181.85760618746281 152.78123018890619 1461.0871641039848 56.887229710817337 61.340246737003326 617.25848327577114 1426.731923520565 272.53156654536724 101.10651170089841 543.62874223664403 316.84728375822306
leaf_count=10558 403 220 1111 99 102 1800 6860 2078 25816 102 1843 18616 8451 495 360 264 5721 17320 265 937 1019 9679 262 279 6146 7247 1864 726 3923 2924
internal_value=-1.59723e-05 0.0017328 0.000887437 -0.00346101 -0.00514508 -0.00810565 -0.0016197 -0.000807108 -0.00294924 0.00113734 0.000657981 0.00299201 0.0027459 -0.0109449 -0.00928568 0.00975555 0.00951881 -0.0103384 0.000155674 0.00861141 -0.000494865 0.00111976 0.00134892 0.0163062 -0.00996075 0.00100184 -0.00289754 -0.000584348 0.00265238 -0.0208503
internal_weight=21893.2 14521.5 13100.6 7371.77 5396.08 3206.29 5977.95 2189.78 4919.17 1975.69 1955.92 7122.64 7046.44 2327 1995.05 103.94 1420.89 1891.11 1933.02 1377.96 1884.92 1613.87 5267.73 118.227 764.457 5149.51 1822.32 879.292 644.735 331.951
internal_count=137490 82069 75191 55421 42414 27914 39933 14500 33073 13007 12905 35258 34855 21465 18439 759 6878 17680 12806 6658 12541 10698 26404 541 7257 25863 12422 6449 4649 3026
is_linear=0
shrinkage=0.03


Tree=65
num_leaves=31
num_cat=0
split_feature=13 22 29 0 28 85 72 68 13 83 74 56 71 83 12 55 22 49 76 5 74 42 43 3 76 28 72 13 74 2
split_gain=152.207 115.358 81.8071 70.4043 59.9584 46.7607 44.2779 53.5137 42.5053 38.605 36.5507 36.3553 36.0893 33.9527 31.6261 28.6438 27.284 37.196 28.6109 27.1097 26.6715 25.3094 24.8893 22.6332 21.3593 20.9307 19.2799 17.6506 16.6944 15.8565
threshold=0.93749999997363298 0.99999999925000005 83.478459332926548 -0.037625981730542317 0.13363062132509931 0.085146477356342162 1066200.0000000002 -99.999999924999983 0.056079664569634889 -0.0056528210253455882 276861750.00000006 46.808510627840654 0.43768228336607129 0.0049190699139351384 0.37500020205982482 81.818181779132246 0.5833333332968752 0.0078031212484983075 0.018873613134599971 -0.10934987942122186 -2017749.9999999998 -0.013725334711877478 0.0055553730193707027 0.071478661590863593 -8.530668454982786e-05 0.2758620689615538 222558900.00000003 0.12499999999746096 2073450.0000000002 0.010765565642907761
decision_type=10 10 2 10 8 10 2 10 10 8 2 10 8 10 8 10 10 10 10 10 2 2 2 10 10 10 2 10 2 10
left_child=1 3 23 8 6 9 7 11 13 10 -6 -5 -11 -1 -9 21 18 -18 -8 25 26 -4 28 -2 -22 -7 -3 -21 -23 -17
right_child=2 20 15 4 5 19 16 14 -10 12 -12 -13 -14 -15 -16 29 17 -19 -20 27 24 22 -24 -25 -26 -27 -28 -29 -30 -31
leaf_value=0.016681360084446387 -0.020479384468295059 0.020894685722043865 -1.6178479409844306e-06 0.002524831088854713 0.015788303285064524 0.026497733862935351 -0.0015206459252882834 -0.0013813998820042743 -0.0015638038503282701 -5.9769234217348204e-05 -0.020587542022151829 0.037302761211378571 0.00364997131527765 -0.0020913016711254519 -0.010906880508133003 -0.0057353401788413369 0.023560353434429894 0.0017876438137857358 -0.014069344166252922 0.0015347078877009613 -0.0096031003251482155 -0.016555060123459329 -0.0031844474225005194 0.015339360584515665 0.0093113400170838634 0.0022968616683468296 -0.0055741491902594285 -0.0062076296720067195 -0.0075572296857229493 0.0085685055845860694
leaf_weight=478.06582808494568 403.28308608755469 269.7227511331439 458.87162221968174 162.09359212219715 276.76590782403946 36.580406807363033 2977.5232143178582 433.28334049135447 245.75054723024368 4987.7858276888728 26.379222296178341 31.57389210164547 4476.2096574008465 105.28085063397884 1145.9270943552256 103.53893947601318 75.224318005144596 971.56729678809643 172.15038858354092 333.22532916069031 57.996820978820324 346.49257978051901 524.99222360551357 15.736719235777853 605.69414874911308 227.77864114195108 26.659892424941063 1276.1201483681798 409.26120889931917 208.22613099962473
leaf_count=2095 6989 1318 3792 960 1273 210 20273 3100 1396 26879 131 182 23690 470 9372 813 464 6091 1181 1764 263 3284 4151 152 2721 1327 121 8013 3728 1287
internal_value=-1.54464e-05 0.000877647 -0.00702738 0.000349322 -5.2963e-05 0.00120038 -0.0024974 -0.00647138 0.00888731 0.00203337 0.0125558 0.00837264 0.00169472 0.0132904 -0.00829783 -0.00455312 -0.000816663 0.00337613 -0.00221171 -0.00313899 0.0110107 -0.00605414 -0.00821863 -0.0190937 0.00764202 0.00574417 0.018493 -0.00460271 -0.0117029 0.00380538
internal_weight=21869.8 19399.4 2470.4 18439.3 17610.2 11640.8 5969.34 1772.88 829.097 9767.14 303.145 193.667 9464 583.347 1579.21 2051.38 4196.47 1046.79 3149.67 1873.7 960.074 1739.62 1280.75 419.02 663.691 264.359 296.383 1609.35 755.754 311.765
internal_count=137490 113294 24196 108871 104910 63287 41623 13614 3961 51973 1404 1142 50569 2565 12472 17055 28009 6555 21454 11314 4423 14955 11163 7141 2984 1537 1439 9777 7012 2100
is_linear=0
shrinkage=0.03


Tree=66
num_leaves=31
num_cat=0
split_feature=13 55 29 1 28 26 48 71 29 86 16 35 38 74 73 73 39 74 7 83 73 74 26 51 8 71 32 86 44 44
split_gain=145.185 108.315 107.751 68.5989 52.9206 51.3525 44.4349 39.9513 52.8574 43.8244 41.1894 50.2818 39.6117 39.184 36.0175 35.5578 30.874 28.9159 28.5995 25.4439 25.0718 29.3646 32.0124 21.1402 21.9874 24.3901 22.7924 21.6821 20.9254 23.2376
threshold=0.64999999999769809 90.71920757878928 80.887075726722614 -0.038085695199923657 0.25782193211917631 0.019607843136966552 8.3147931780133941 0.42439875972202862 50.839787412404014 13.500000000000002 0.49999989209570483 266.06117736038033 0.26274691430625047 1128383312.0000002 19.095209680555367 20.128440661522387 50.616174066431533 -32012799.999999996 -1.6708856520608603e-13 -0.0070054642971594814 14.832623882075046 996100.00000000012 0.105263157894703 0.0081168831166064086 0.011904761904655614 1.2767336839150958 0.0037958730496822084 14.500000000000002 -0.066160804584306385 -0.0028139654310128655
decision_type=10 8 2 10 10 8 8 10 2 2 8 2 2 2 2 2 2 2 10 8 2 2 8 8 10 8 2 2 2 2
left_child=1 3 -2 4 15 17 23 10 16 -10 13 -12 19 -7 18 -1 -9 -5 -14 -3 -21 -22 -23 -4 27 -26 -27 -25 -19 -30
right_child=2 12 6 5 -6 7 -8 8 9 -11 11 -13 14 -15 -16 -17 -18 28 -20 20 21 22 -24 24 25 26 -28 -29 29 -31
leaf_value=0.017399814826735718 -0.018715622936533737 0.027133806985596927 -0.022731698326907839 0.029964302408243562 0.0018724150781296149 -0.00035919872962926724 0.0007172606441497451 0.0071149869016266512 -0.0022107515885080448 0.0033460893652792335 -0.0064390249980451194 0.0020216506723570167 0.022750469121850678 0.010365966027314471 0.0031694664387420446 -0.0044058698749236038 0.029531683531015311 0.017295409809983602 0.0057325639541830524 -0.00053412988602282298 0.014334637610845219 0.014955356066166952 -0.0042575140457887352 -0.0038486792364436995 -0.010518854211560612 -0.012046029202985746 0.0018670291709426167 0.0090402516428437461 -0.023766924957198544 -0.0078743717362617077
leaf_weight=454.40478176623583 461.73652380332351 43.216609016060829 65.302701935172081 13.814568020403383 765.83104926347733 4580.5440624505281 1457.6545121669769 831.55828604102135 2432.3246279135346 2687.1830358877778 2237.7664513215423 879.73194742202759 342.61641350388527 327.54566518962383 204.24860679358244 78.311126634478569 58.517234578728676 18.738743461668491 121.69476310908794 595.87325292080641 328.2609239295125 113.78390575200319 242.68523666262627 578.64180886372924 933.21519487351179 150.35159903392196 351.944340698421 146.2641432210803 142.84740866720676 200.79502817988396
leaf_count=2109 7584 184 690 68 3750 26743 9235 3975 14774 15602 13713 5149 1708 1897 943 415 391 104 589 2964 1555 656 1166 5226 7498 1182 2485 1282 1579 2274
internal_value=-1.52475e-05 0.00116808 -0.0050686 0.000331973 0.00693346 -0.00026309 -0.00335243 3.02631e-05 0.00187997 0.000705482 -0.00135449 -0.00405065 0.0077558 0.000357909 0.0137065 0.0141864 0.00862361 -0.0111866 0.0183185 0.00474022 0.00396158 0.00787333 0.00189147 -0.00601819 -0.00550132 -0.00765125 -0.00230725 -0.00123508 -0.0128417 -0.0145392
internal_weight=21847.4 17702.3 4145.11 15709.9 1298.55 14411.4 3683.37 14035.2 6009.58 5119.51 8025.59 3117.5 1992.38 4908.09 668.56 532.716 890.076 376.196 464.311 1323.82 1280.6 684.73 356.469 2225.72 2160.42 1435.51 502.296 724.906 362.381 343.642
internal_count=137490 102308 35182 92543 6274 86269 27598 82244 34742 30376 47502 18862 9765 28640 3240 2524 4366 4025 2297 6525 6341 3377 1822 18363 17673 11165 3667 6508 3957 3853
is_linear=0
shrinkage=0.03


Tree=67
num_leaves=31
num_cat=0
split_feature=13 29 53 56 72 19 72 30 72 43 0 63 51 74 22 28 51 51 49 57 19 8 40 86 86 0 36 52 2 19
split_gain=137.704 129.422 98.2666 56.0748 51.1063 51.0609 48.0691 46.8355 46.4164 44.3251 43.293 42.467 39.1895 39.0304 38.4234 38.1779 37.8343 32.9966 32.7916 32.1692 32.0196 31.1379 39.3875 28.1502 28.1174 27.7589 27.2017 32.8084 26.7806 25.9807
threshold=0.33333333332803033 81.83692366968512 0.020205257181837386 99.705014047209843 1066200.0000000002 0.19999999997000004 1.0000000180025095e-35 -0.0070443256828250358 1774837800.0000002 -0.00022666005870269898 0.0046964111289662389 -2.6425442136253419 0.0076530612242620274 64452600.000000007 0.76666666664750016 0.23579574705173253 0.021186440677816481 0.0082706766917238841 0.012177622989904073 45.454545420798901 0.99999999970833342 0.018181818181570251 0.16971530108906799 13.500000000000002 13.500000000000002 -0.0064446905717845939 -0.0017561435303432569 0.054908584029028436 0.0076923102429632415 0.64864864864601912
decision_type=10 2 8 10 2 8 2 2 2 2 10 2 10 2 10 10 10 8 10 10 10 10 2 2 2 10 2 8 10 10
left_child=2 -2 4 5 6 11 -1 12 17 26 14 -4 -8 -5 24 -9 -15 -3 -17 -11 -21 22 -19 28 -6 -26 -7 -28 -10 -14
right_child=1 8 3 13 10 9 7 15 23 19 -12 -13 29 16 -16 18 -18 21 -20 20 -22 -23 -24 -25 25 -27 27 -29 -30 -31
leaf_value=0.001135710709131404 -0.014692150987326659 -0.018189622323486036 0.00042754017964513082 0.017019708240481261 -0.0014779789705999477 0.00054068796012392609 -0.020874618229910602 -0.01112718187894364 -0.0060986938941466947 0.012761148621362651 -0.006541960708955079 0.0134313551548517 0.011870014565728443 -0.030229362319436914 0.0083228221408803323 0.021184327278182848 0.01505305836051906 -0.0016547395777978433 -0.0068646759977177511 0.0012907904090995806 0.011205482860384305 -0.005689642998803892 0.01520080110550651 0.005890649793927491 0.0064677741661257789 0.00070143415340260065 -0.0058782146202381999 -0.03146840490975511 0.0030382945912611719 -0.021164564763824396
leaf_weight=1137.0668130889535 811.73554613441229 136.51416451483965 321.35374820232391 481.0161517560482 2225.4205296337605 681.14849753677845 47.016123577952385 1177.0990141555667 545.5393295660615 350.3463486507535 584.3715390637517 765.32917215675116 223.62548442184925 32.299631595611572 756.55328747630119 63.10926516354084 32.150410637259483 1862.8078198768198 89.374847173690796 1756.6395409628749 351.22725293785334 2222.0109793692827 132.71204582601786 860.06873248517513 1220.0968281254172 1957.4281052649021 316.25820100307465 51.868475139141083 610.65835826098919 22.712720021605492
leaf_count=6930 10889 1298 1575 2355 13464 3342 244 8834 3452 1612 3519 3547 1198 145 3903 305 141 14578 457 8757 1533 15268 789 5056 6764 11779 1662 303 3669 122
internal_value=-1.49514e-05 -0.00341741 0.00165373 0.00499515 -0.000153309 0.00391261 -0.00359165 -0.00690426 -0.00197818 0.00214977 0.00125375 0.00959256 0.00392765 0.0140835 0.00199478 -0.00929758 -0.00770987 -0.00372076 0.00478693 0.0043531 0.0029488 -0.00324751 -0.000525207 0.00178334 0.00110676 0.00291786 -0.00300852 -0.00956744 -0.00127185 0.0087388
internal_weight=21825.6 7182.05 14643.5 5139.64 9503.87 4594.17 2760 1622.94 6370.31 3507.49 6743.87 1086.68 293.354 545.466 6159.5 1329.58 64.45 4354.05 152.484 2458.21 2107.87 4217.53 1995.52 2016.27 5402.95 3177.52 1049.28 368.127 1156.2 246.338
internal_count=137490 54999 82491 24972 57519 22331 18090 11160 44110 17209 39429 5122 1564 2641 35910 9596 286 31933 762 11902 10290 30635 15367 12177 32007 18543 5307 1965 7121 1320
is_linear=0
shrinkage=0.03


Tree=68
num_leaves=31
num_cat=0
split_feature=13 55 29 0 26 18 57 15 71 29 28 88 58 58 55 74 8 17 63 47 17 49 32 58 56 13 18 36 70 89
split_gain=132.504 98.8885 74.285 64.3772 47.0643 42.7477 38.8784 36.8756 35.4285 47.9999 33.899 33.8282 33.6153 30.841 29.4676 27.3183 24.8369 31.3906 21.143 46.8195 20.5555 20.3812 20.2022 19.8778 23.8293 19.8163 19.3921 19.1798 18.772 16.5377
threshold=0.93749999997363298 90.71920757878928 80.887075726722614 -0.037625981730542317 0.019607843136966552 -2.816913369230178e-12 99.999999894302007 -1.0555556428926137e-10 0.42439875972202862 50.839787412404014 0.59848484848212824 -0.3794095225512602 -0.018512172213337393 0.0052945092680192216 81.818181779132246 -32012799.999999996 0.011904761904655614 -0.059654106858486315 6.7188682278211749 0.024390243901992865 -0.10055865922164563 0.0054945054943293893 1.0000000180025095e-35 0.047682202854616669 99.999999591666679 0.087337909991413762 0.12499999995898449 0.12858859873422637 2.5246637441903856 -0.78656609248549325
decision_type=10 8 2 10 8 10 10 8 10 2 10 2 10 8 10 2 10 8 2 10 10 10 2 8 10 10 8 2 10 2
left_child=1 3 28 5 15 -1 11 20 12 -10 -8 13 -9 26 16 -5 17 -4 19 -15 -6 22 -17 24 -13 27 -3 -7 -2 -18
right_child=2 6 14 4 7 25 10 8 9 -11 -12 23 -14 18 -16 21 29 -19 -20 -21 -22 -23 -24 -25 -26 -27 -28 -29 -30 -31
leaf_value=0.020669189857233285 -0.021176863764896314 0.0034676417199944777 0.0040259233737366213 0.028966018466529589 0.029052978098415762 0.010673629737611129 0.031532666384946437 0.0022570462144829895 0.0076076872010264734 0.00037406201972386472 -0.00071550604027991751 0.00022555623451660483 -0.0024485216067795554 0.0068607595924571503 0.0040710095441814616 -0.010932362339901023 -0.012863838155252562 -0.0072092351612677227 0.018028092936186395 -0.019640483635311099 0.0024863490358039341 -0.02701482434198918 0.022088031961634124 0.0059146379235794425 -0.020197418987052119 -0.0027059790073710992 0.018560478439241825 -0.01145366268721895 0.0011375953558971036 -0.0040720922370555751
leaf_weight=191.58398792147636 334.73080414161086 97.753382779657841 385.57823596894741 13.908965326845644 59.149630665779114 354.51270714402199 99.077376022934914 1699.5215174779296 948.4507110491395 6339.1178879439831 41.187277607619762 442.20297831296921 6943.5772765502334 274.2091678455472 313.92816526070237 271.37955292314291 526.92562559619546 530.17648476362228 80.879950895905495 75.712163105607033 47.284614905714989 69.655175060033798 16.789976522326469 612.27007260173559 57.140878945589066 221.62627644091845 371.67338591068983 38.189982190728188 37.351974546909332 306.97997848317027
leaf_count=866 6100 570 3191 68 320 1542 537 9176 4578 37949 209 2406 42412 1355 2128 3169 4597 4921 378 393 203 688 105 2975 254 1270 1696 175 625 2634
internal_value=-1.48656e-05 0.000814505 -0.00660833 5.62097e-05 -0.000350411 0.00832912 0.00687589 -0.00010528 -0.000223584 0.00131682 0.0221041 0.00580224 -0.00152275 0.0101229 -0.00437677 -0.010889 -0.00589567 -0.00247617 0.00430202 0.00107853 0.0174114 -0.0125229 -0.00892835 0.00229454 -0.00214118 0.00444855 0.015438 0.00849052 -0.0189317 -0.00963974
internal_weight=21802.5 19366.9 2435.67 17214.7 16408.8 805.913 2152.11 16037.1 15930.7 7287.57 140.265 2011.84 8643.1 900.228 2063.59 371.734 1749.66 915.755 430.801 349.921 106.434 357.825 288.17 1111.61 499.344 614.329 469.427 392.703 372.083 833.906
internal_count=137490 113294 24196 102521 98668 3853 10773 94638 94115 42527 746 10027 51588 4392 17471 4030 15343 8112 2126 1748 523 3962 3274 5635 2660 2987 2266 1717 6725 7231
is_linear=0
shrinkage=0.03


Tree=69
num_leaves=31
num_cat=0
split_feature=13 29 55 1 50 26 18 76 71 29 30 57 86 1 0 40 29 83 2 56 25 24 18 20 20 22 33 7 3 3
split_gain=125.872 97.3961 92.4446 59.1182 49.7873 45.4025 45.2514 36.819 37.1081 45.2755 37.0499 35.7712 30.5256 33.5491 25.8484 22.5775 21.6844 21.4605 21.2769 22.2992 21.2704 20.0535 19.8716 18.1188 17.0653 17.0157 25.3022 16.6254 16.4988 15.3867
threshold=0.64999999999769809 80.887075726722614 90.71920757878928 -0.038085695199923657 6.9821428571428585 0.019607843136966552 -1.7095214133178157e-11 0.24618354603796341 0.42439875972202862 50.839787412404014 0.00028439632770960182 99.999999894302007 13.500000000000002 0.0074074100091460213 0.0034494657433187252 -0.18943720228849512 16.837038837639685 -0.00056757445245428318 0.047682202854616669 99.999999591666679 0.36363636361157031 0.36706517418148088 1.5561282932107696 -0.22704008356484526 -0.11827956989839865 0.11407615758437688 50.007724681317548 -0.0037313432842636103 0.071478661590863593 0.011376579001863842
decision_type=10 2 8 10 8 8 10 10 10 2 2 10 2 10 10 2 2 10 8 10 10 10 10 8 8 8 2 10 10 10
left_child=2 28 3 6 29 16 15 8 10 -10 -7 12 18 -14 23 -1 -5 -15 19 24 21 -6 -13 -8 -4 26 -18 -22 -2 -3
right_child=1 4 11 5 20 7 14 -9 9 -11 -12 22 13 17 -16 -17 25 -19 -20 -21 27 -23 -24 -25 -26 -27 -28 -29 -30 -31
leaf_value=-0.0045213003841429542 -0.019598369683621043 -0.0081619790060548786 0.011535278970162991 0.016781188415017526 -0.0059416179859803978 0.00023215220229604567 -0.0029702054935605193 -0.014893173051126231 0.0082440886025002269 0.00088717567431611036 -0.0041877321846336968 0.026983510311230176 0.013790218153133839 -0.012609601154338087 0.026279882789480197 0.021472368602651917 -0.011786879570766235 0.0069294084159316977 0.0065312122530987848 -0.019825823371594619 -0.0061747802068905667 0.023661867580126967 -0.0031956306801756095 0.0055513936257675246 -0.0031399881938648949 -0.02262809473169422 0.017131205300753509 0.0044159865254299697 0.0031287036360239302 -0.0027049013586308355
leaf_weight=34.344224333763123 412.06261017918587 1325.7377294413745 91.62983438372612 23.357112988829613 447.10284682363272 5446.4145658686757 335.84805417060852 146.18669562786818 883.76171413064003 5062.159128151834 2484.1978692263365 114.55136030912399 627.76596020162106 75.947930000722408 42.749622873961926 215.64380204677582 209.7013306170702 146.67205522209406 539.39309127628803 55.942139372229576 152.93258271366358 20.578249752521515 23.208993330597878 671.52802510559559 308.80999824404716 104.39835452288389 30.2987040579319 994.6821950674057 30.382805690169334 721.05154234170914
leaf_count=147 7271 11585 463 95 3071 31729 1654 853 4320 30020 15322 631 3009 380 225 983 2657 716 2533 246 1012 128 109 3265 1678 995 278 6172 313 5630
internal_value=-1.44851e-05 -0.00474665 0.0010845 0.000312612 -0.00313679 -0.000240863 0.0064366 3.21723e-05 0.000190686 0.00198236 -0.00115231 0.00718449 0.0060742 0.0102466 0.00369384 0.0178855 -0.0106318 0.000223581 0.00250127 -0.00225897 0.000799077 -0.00458494 0.0218911 0.00270728 0.000230947 -0.0125429 -0.00806774 0.00299789 -0.0180274 -0.00624326
internal_weight=21779 4104.53 17674.5 15690.6 3662.09 14390.5 1300.11 14022.7 13876.5 5945.92 7930.61 1983.92 1846.16 850.386 1050.13 249.988 367.756 222.62 995.775 456.382 1615.3 467.681 137.76 1007.38 400.44 344.398 240 1147.61 442.445 2046.79
internal_count=137490 35182 102308 92543 27598 86269 6274 82244 81391 34340 47051 9765 9025 4105 5144 1130 4025 1096 4920 2387 10383 3199 740 4919 2141 3930 2935 7184 7584 17215
is_linear=0
shrinkage=0.03


Tree=70
num_leaves=31
num_cat=0
split_feature=13 29 55 15 28 51 34 48 39 29 29 29 22 57 28 14 44 86 1 20 20 20 22 52 8 71 85 80 19 23
split_gain=118.849 93.8209 87.0909 57.2812 52.8283 50.7489 43.0934 38.8618 37.4211 36.7046 75.8382 63.5415 35.3568 34.3847 32.199 30.7214 29.2284 28.7021 31.6094 24.9538 25.5047 24.9096 22.4347 21.6586 22.4678 24.8359 29.7235 20.0841 27.6469 17.6435
threshold=0.64999999999769809 80.887075726722614 90.71920757878928 -7.4175832143197327e-11 0.37037037036882725 0.0065610545076010959 -0.023822172487978407 12.892857142857144 106.24744258596873 84.244844732299597 100.86085209873788 50.839787412404014 0.7499999999886261 99.999999894302007 0.59848484848212824 -0.086419753094878801 0.025951155140360952 13.500000000000002 0.0094451135197823905 -0.10061032340245983 -0.23474139283229747 -0.26153846154272181 0.69999999994750006 0.007427622680508097 0.011904761904655614 1.2767336839150958 0.043118684573943598 0.013080874055611575 0.99999999986607147 0.8966728160908688
decision_type=10 2 8 8 10 8 2 8 2 2 2 2 10 10 10 10 2 2 10 10 8 10 10 8 10 8 10 8 8 10
left_child=2 -2 3 4 19 12 8 23 22 11 -11 -8 15 17 -15 -5 -17 27 -19 20 -1 -10 -7 29 -25 -26 -27 28 -4 -3
right_child=1 7 13 5 -6 6 9 -9 21 10 -12 -13 -14 14 -16 16 -18 18 -20 -21 -22 -23 -24 24 25 26 -28 -29 -30 -31
leaf_value=0.0013509573536271953 -0.017769969262299685 -0.01435528300580009 0.0019638948134880116 0.018336967646419941 -0.020242250030228066 0.0061698151866596638 0.0010723802411067164 0.0014890635566358753 -0.0039548669340509204 0.0090431695109551777 -0.00034975607440201678 -0.0070876479986132623 0.015954091634372575 0.030836385692280047 -0.00099682373793374382 -0.009542222432278525 -0.032773994598717583 0.013253721938230182 -0.0001236187232858541 0.00072491435624552278 0.031311730899736608 0.003268815857765403 0.026776045273612652 0.00094211074339459015 -0.0087970777479155198 0.0049025827926846132 -0.0094020768345690273 0.0059944928549355864 -0.015715945600484289 0.0036802813097453779
leaf_weight=31.947972223162651 435.51246941834688 328.6419144757092 303.80050638318062 31.237705424427986 32.866076603531837 1506.7606585472822 1703.3405380696058 1157.9688519835472 697.92911501228809 866.72766833752394 7128.9871093258262 1729.7165464684367 49.551141463220119 96.022419318556786 40.206924676895142 511.66070469468832 53.334735684096813 639.68003334850073 210.82138192653656 46.864306300878525 133.54076869785786 1113.6869686916471 48.319996565580368 601.0843897126615 965.28714993223548 328.0922175757587 215.84318578615785 584.86330904066563 106.69031118601561 56.584037780761719
leaf_count=154 7584 3137 1671 152 147 7239 8966 7245 3632 5293 42823 11643 261 536 204 4908 328 3073 1032 200 682 5901 214 5285 7602 2243 1586 2750 499 500
internal_value=-1.42241e-05 -0.00462269 0.00105234 0.000303256 0.0146592 7.41425e-05 0.000433886 -0.00305022 0.0034165 -0.000444694 0.000669056 -0.00303897 -0.00815117 0.00697602 0.0214804 -0.0101829 -0.0117946 0.00589288 0.00993799 0.0201446 0.0255886 0.000483574 0.00682882 -0.00515748 -0.00395757 -0.00591031 -0.000775091 0.00242694 -0.00265099 -0.0116957
internal_weight=21757.6 4089.01 17668.6 15686.5 245.219 15441.3 14795.5 3653.5 3366.7 11428.8 7995.71 3433.06 645.784 1982.08 136.229 596.233 564.995 1845.86 850.501 212.353 165.489 1811.62 1555.08 2495.53 2110.31 1509.22 543.935 995.354 410.491 385.226
internal_count=137490 35182 102308 92543 1183 91360 85711 27598 16986 68725 48116 20609 5649 9765 740 5388 5236 9025 4105 1036 836 9533 7453 20353 16716 11431 3829 4920 2170 3637
is_linear=0
shrinkage=0.03


Tree=71
num_leaves=31
num_cat=0
split_feature=28 13 31 53 22 68 15 45 20 37 74 72 47 49 77 74 64 51 77 86 47 74 37 19 35 67 0 63 21 64
split_gain=113.9 87.3314 63.1311 60.8199 59.2 67.1142 57.488 70.4085 49.6695 63.0489 44.9591 43.294 42.0501 40.4335 50.7844 53.6392 41.951 41.329 40.0239 38.299 37.2631 39.5426 68.619 37.2201 36.9727 36.9691 33.3268 33.2275 32.6545 32.5448
threshold=0.11764705882286884 0.068965517239595736 82.797151005232479 0.02036937049818301 0.64788732394092452 -49.999999998717108 0.017647058822631404 0.024931741299441427 -0.027027027032505365 259.92679287439898 1128383312.0000002 82477750.000000015 0.012793176972138243 0.024999999999635421 0.0019756820036775789 9652850.0000000019 0.92413819706219003 0.011363636363248969 -0.0020603809835555002 14.500000000000002 0.0036120700677457159 9652850.0000000019 103.35749078116307 0.19999999997000004 9.1724258344220289 6.4814814814506141 0.006379601554709958 5.9143467351459593 0.58081918333878713 0.68383910510718704
decision_type=8 10 2 8 10 10 10 2 10 2 2 2 8 10 10 2 2 10 10 2 10 2 2 10 2 10 10 2 8 2
left_child=4 3 -3 26 5 13 7 8 -6 -10 20 18 -5 14 15 17 -17 -1 -7 -4 -8 -22 -23 25 -20 -14 -2 -9 -25 -26
right_child=1 2 19 12 6 11 10 27 9 -11 -12 -13 23 -15 -16 16 -18 -19 24 -21 21 22 -24 28 29 -27 -28 -29 -30 -31
leaf_value=-0.010637732561511565 0.0017436102817778819 -0.0099188834367099823 -0.0014081715556944986 0.01363316186511296 0.067991011682157459 -0.020552429744521188 0.031750385140956974 -0.0084391096391516901 -0.018531617578897357 0.058692606892085566 -0.018171071130575416 -0.0019659748828151679 0.0031177285910311062 0.015671911127717444 -0.010839665290260959 0.0041218202790944134 0.046362510849287483 0.0002345494584347107 0.031404244850439099 0.0049009472459179441 -0.0050254766852031165 -0.011442562994902197 0.015933387325290201 0.00035545767609362683 -0.011068337331659846 0.014768849632924854 -0.0071967507087140753 0.035410362706723555 0.0075318253124204131 0.01104054523146995
leaf_weight=557.93152310326695 4615.3867192342877 683.5551103875041 4933.8130495212972 553.28192619979382 32.836490590125322 361.90040378272533 35.584590431302786 68.598399467766285 20.087164990603924 16.437060922384262 109.64871903508902 542.92337317764759 439.10478782653809 110.69735182449222 552.77772105112672 825.74704310670495 20.750660218298435 718.74984454736114 19.005795627832413 1049.1804647967219 470.84821329265833 116.07368601113558 277.4839059188962 1673.3664054274559 1017.1804357580841 557.86231541633606 407.38177132606506 19.023190096020699 865.81338434666395 62.754812642931938
leaf_count=4257 23826 7993 30881 2550 213 3529 194 445 177 125 857 4110 1964 682 3966 5844 126 4906 81 6261 3572 1130 1820 7910 10640 2601 2215 116 4034 465
internal_value=-1.3978e-05 0.00132026 -0.00128866 0.00322922 -0.00354817 -0.00502405 0.00250867 0.019337 0.0416884 0.0167798 -0.000121432 -0.00921067 0.00594518 -0.00201032 -0.00274849 -0.000636401 0.00521431 -0.00451908 -0.0118979 -0.000300666 0.00209201 0.000832334 0.00784314 0.00473792 -0.00902904 0.0096485 0.0010166 0.00133918 0.00280565 -0.00977179
internal_weight=21735.8 15778.7 6666.55 9112.2 5957.04 4790.42 1166.62 156.982 69.3607 36.5242 1009.64 2003.76 4089.43 2786.65 2675.96 2123.18 846.498 1276.68 1460.84 5982.99 899.99 864.406 393.558 3536.15 1098.94 996.967 5022.77 87.6216 2539.18 1079.94
internal_count=137490 90235 45135 45100 47255 38606 8649 1076 515 302 7573 18825 19059 19781 19099 15133 5970 9163 14715 37142 6716 6522 2950 16509 11186 4565 26041 561 11944 11105
is_linear=0
shrinkage=0.03


Tree=72
num_leaves=31
num_cat=0
split_feature=13 22 29 0 28 45 71 30 8 86 18 55 52 68 72 74 66 8 20 28 77 27 12 45 72 71 29 0 72 18
split_gain=109.594 84.2595 65.8402 53.432 48.0398 38.7147 39.1849 48.6004 38.1782 35.2624 33.9134 33.701 38.0202 29.6775 25.452 29.2491 24.0115 26.9796 26.156 22.9921 23.259 22.2525 21.9694 21.3449 20.6758 19.7961 18.7826 18.0103 17.9814 17.9018
threshold=0.93749999997363298 0.99999999925000005 83.478459332926548 -0.037625981730542317 0.13363062132509931 0.11056949809550333 0.50897133820876528 -9.983730508977827e-11 0.023584905660338423 14.500000000000002 -2.816913369230178e-12 88.888888860082318 0.071851130883858721 -99.999999998229939 894710950.00000012 -67540049.999999985 99.999999990291684 0.011904761904655614 -0.088983050848499931 0.11111111111036222 -0.00084470179361054306 0.90909090902892575 0.42857169248634247 -0.057624667936861766 208400.00000000003 2.0140915900190257 74.934933746662708 0.033348161328588428 699219000.00000012 0.19444444441956024
decision_type=10 10 2 10 8 2 10 2 10 2 10 10 8 8 2 2 10 10 8 10 10 10 10 2 2 10 2 10 2 10
left_child=1 3 25 10 5 6 7 -5 11 22 -1 13 -13 -6 15 -3 17 18 -4 -7 -21 -20 -10 -8 -17 -2 -11 -26 29 -12
right_child=2 14 16 4 8 19 23 -9 9 26 28 12 -14 -15 -16 24 -18 -19 21 20 -22 -23 -24 -25 27 -27 -28 -29 -30 -31
leaf_value=0.017976614793216966 -0.01993285534321804 0.026132417459485947 0.0045292129868416513 -0.0019222488748070988 -0.010093432039890361 0.00020544695028594122 0.010380576759137474 -0.0095470296155608543 -0.0015098593737553777 0.020958712666520021 0.01091059349712189 0.0057317146551493087 0.027377813905143291 0.0018021618238003125 -0.0080517528460201694 0.00081233453457377788 0.0064415710098823633 -0.0088004216646016854 -0.0071378823584341312 0.049989477971443132 0.0084665317945696664 0.015581218402490908 -0.0078185776180207667 -0.00056009507405329793 0.013545423290277452 0.0018295274843629803 0.0034964276314324331 -0.0051465995746803996 -0.0049767316580136244 -0.0017637650640151071
leaf_weight=214.3357951939106 337.28655949980021 99.539070934057236 387.39934404939413 2005.7414156720042 192.70736192166805 40.101075813174248 170.71796342730522 1204.8990105316043 2167.6353995352983 63.363984987139702 323.60275164246559 761.94495428353548 80.041775584220886 7309.6090890020132 68.120509743690491 209.77902866899967 182.50706101208925 861.256675735116 541.51446983218193 25.676521122455597 23.546431809663773 40.783504493534565 644.54186640679836 2451.7929143086076 512.39511217921972 41.865023117512465 410.85903045535088 50.242041513323784 147.43921776860952 144.23457117378712
leaf_count=974 6427 543 3251 13526 936 223 1027 10096 12965 467 1517 3482 383 38092 290 960 1085 7347 5057 131 120 315 4670 16500 2411 714 2292 219 776 694
internal_value=-1.37014e-05 0.00073621 -0.00606905 0.000287807 -6.38445e-05 -0.00226314 -0.00256498 -0.00478672 0.0010559 -0.00168204 0.00772288 0.00213467 0.00782305 0.0014949 0.00949174 0.0108734 -0.00390297 -0.00493869 -0.00150018 0.0172248 0.0307503 -0.00551753 -0.00295913 0.000154653 0.00887188 -0.0175235 0.00587518 0.0118648 0.00412267 0.00700125
internal_weight=21715.5 19322.9 2392.61 18382.8 17553.2 5922.48 5833.15 3210.64 11630.7 3286.4 829.612 8344.3 841.987 7502.32 940.076 871.955 2013.46 1830.95 969.697 89.324 49.223 582.298 2812.18 2622.51 772.416 379.152 474.223 562.637 615.277 467.837
internal_count=137490 113294 24196 108871 104910 41623 41149 23622 63287 20394 3961 42893 3865 39028 4423 4133 17055 15970 8623 474 251 5372 17635 17527 3590 7141 2759 2630 2987 2211
is_linear=0
shrinkage=0.03


Tree=73
num_leaves=31
num_cat=0
split_feature=13 29 36 7 71 86 45 32 81 71 15 50 57 7 40 44 86 45 28 85 84 70 22 62 60 57 49 74 29 72
split_gain=103.695 106.922 75.3993 59.81 59.445 42.4481 39.96 46.6793 38.733 36.7462 32.5194 28.7852 27.6398 38.7537 36.241 30.8555 30.3033 26.2643 25.7462 24.601 27.5198 27.3258 23.2442 23.0023 23.059 22.9087 21.1689 45.3348 21.4863 20.9219
threshold=0.33333333332803033 81.83692366968512 0.20923056870297055 -3.9230785287003294e-11 0.4311796536498777 14.500000000000002 1.0000000180025095e-35 -5.8590851786943777e-07 0.011921410413346916 0.53236624790585096 -1.0555556428926137e-10 6.9821428571428585 1.0000000180025095e-35 -5.7189530888734901e-11 -0.038558070613254829 -0.10106576730036064 14.500000000000002 -0.010581604439478696 0.7092329039147105 0.087326793258091853 0.0506692132879158 0.65054467983274022 0.83333333327546311 -0.89833507643957933 0.17865769496204278 99.999999669444463 0.0020408163265011668 43350.000000000007 84.244844732299597 99683300.000000015
decision_type=10 2 2 10 10 2 2 2 8 10 8 8 8 10 2 2 2 2 10 10 10 10 10 2 10 8 8 2 2 2
left_child=2 23 3 10 6 11 7 17 -9 18 -1 29 15 16 -15 -12 -14 -5 25 20 -6 -22 -7 -2 -25 -4 27 -8 -28 -3
right_child=1 5 9 4 19 22 26 8 -10 -11 12 -13 13 14 -16 -17 -18 -19 -20 -21 21 -23 -24 24 -26 -27 28 -29 -30 -31
leaf_value=0.017346650170670767 0.00011601056820559681 -0.0074025016436870981 0.01271272428046436 0.00048888973556624924 0.0026612938049864875 0.0016666505655033334 -0.010653158998403224 -0.011453738886446041 0.0068245792030101953 0.0022456261387450152 -0.033936763195357066 -0.00048758432788085241 0.00035852751425364897 0.021533013016423186 0.0048514323916182267 0.005845530127644911 0.0062047138061955484 -0.0085216139503306709 -0.010385272989262395 -0.0040006516326473729 -0.00502661636294715 0.018663610979159802 0.013532873025352186 -0.016440915390654221 0.017140800069650294 0.027317287738944297 -0.0034062507923508473 0.051223775301560991 0.0017353031754601643 -0.0021313038153343315
leaf_weight=156.43269808590412 96.552125509828329 1480.0879495814443 303.87664842605591 1238.5853480249643 3162.5274504497647 1007.1842212416232 20.12774696201086 1013.1515299044549 115.43346077948809 300.12693594396114 36.262057244777679 2408.4287107735872 2062.6248369216919 198.03458511829376 288.53303069621325 32.48007471114397 1301.8347704783082 379.36984700709581 31.184643998742104 455.84172753244638 56.512621715664864 186.03289153426886 173.56336982548237 654.22919969260693 18.072550386190414 144.69657675921917 1182.7072585299611 20.839694909751415 1913.457466609776 1255.0196533277631
leaf_count=796 1211 12279 1449 7418 18416 6950 123 7845 524 1472 176 15124 10643 825 1236 156 6899 2557 150 2519 267 839 1004 9511 167 804 6432 130 10815 8753
internal_value=-1.33212e-05 -0.00298898 0.00143218 0.000919446 -0.00035675 -0.00170315 -0.00225497 -0.00489658 -0.00957716 0.010502 0.0039704 -0.00288102 0.00343152 0.00377023 0.0116773 -0.0152827 0.0026227 -0.00162595 0.0156453 0.00253502 0.00341176 0.0131335 0.00342343 -0.0135459 -0.0155096 0.0174807 5.76122e-05 0.021222 -0.000228222 -0.00498654
internal_weight=21693.8 7093.14 14600.7 13820.8 9744.59 6324.28 5883.67 2746.54 1128.58 779.885 4076.2 5143.54 3919.77 3851.03 486.568 68.7421 3364.46 1617.96 479.758 3860.91 3405.07 242.546 1180.75 768.854 672.302 448.573 3137.13 40.9674 3096.16 2735.11
internal_count=137490 54999 82491 78616 57885 44110 35844 18344 8369 3875 20731 36156 19935 19603 2061 332 17542 9975 2403 22041 19522 1106 7954 10889 9678 2253 17500 253 17247 21032
is_linear=0
shrinkage=0.03


Tree=74
num_leaves=31
num_cat=0
split_feature=28 20 21 38 74 35 74 18 50 18 20 45 18 38 77 52 57 77 4 22 74 18 52 83 74 66 31 50 77 22
split_gain=99.9747 70.738 52.9183 52.4657 53.3011 64.6297 59.5593 63.09 57.5295 50.8542 46.5178 44.0485 118.446 43.2809 42.525 44.873 40.8031 39.9335 52.4932 39.5667 39.4354 39.0771 37.6494 35.204 34.3738 33.8108 48.0769 49.4538 33.6766 33.3712
threshold=0.13363062132509931 -0.033613445379572442 0.084062261265373542 -0.027039211736596177 29108600.000000004 94.321911019926247 -7445449.9999999991 -1.9803825246356152e-11 1.3571429933820454 -1.7095214133178157e-11 -0.03703703705189753 -0.011833393892108522 -1.9803825246356152e-11 -0.018793557179109962 -0.019094321412272137 0.017844318914965712 90.630521159523127 -7.3266864806600544e-05 0.12731560891938246 0.6428571428549491 2714350.0000000005 0.054545454531074407 0.0076880422627701407 -1.0000000180025095e-35 -2017749.9999999998 47.222222222123854 21.812869268727493 1.1500000272478379 -0.00063956420775804896 0.39999999994000007
decision_type=8 10 10 2 2 2 2 10 10 8 8 2 10 2 10 10 10 10 10 8 2 10 10 10 2 10 2 10 10 10
left_child=2 9 3 -1 6 11 19 23 -7 13 -10 12 -6 14 15 -2 25 18 -11 -5 -9 -21 -3 -8 -24 26 -4 -28 -13 -20
right_child=1 22 16 4 5 8 7 20 10 17 -12 28 -14 -15 -16 -17 -18 -19 29 21 -22 -23 24 -25 -26 -27 27 -29 -30 -31
leaf_value=0.00012887311269430587 -0.038605000195762067 0.0405638481336126 0.045723421037268133 -0.0041361634276046158 0.046831778280460798 0.052034221899848632 0.017332855060843009 -0.018321788748957974 0.0066196804010968556 0.0014714308791623294 -0.010840083312238997 0.014092641317236127 -0.012872523470756335 0.039008444087650272 0.01189635175713824 0.0044223463913662725 0.042775022907611038 -0.0013913221326240339 0.025810858347668005 0.039116119348251967 -0.0081508046720579885 -0.0049531279185297218 0.014015082357992599 -0.0068408480588057216 0.00409239309327255 -0.0019802360883462364 -0.017620568166197222 0.0078310116151956051 -0.017567755008689616 0.0025653783085401037
leaf_weight=1573.9609706923366 32.425640687346458 28.827845141291618 25.842269077897072 628.02144939079881 41.226010672748089 20.745860435068607 87.97393910586834 897.57562530040741 585.50946224480867 5661.0893013104796 178.27816555649042 32.205753181129694 101.47301498055458 41.443759441375732 368.50042976438999 62.009858384728432 20.137291453778744 6313.0627128556371 132.53344184160233 39.03567723557353 561.46573727577925 32.499708406627178 415.71867042034864 137.70051612704992 1290.0178817659616 1279.7997366376221 77.35791577771306 556.3491084612906 354.45084143429995 96.155861172825098
leaf_count=10334 155 151 113 4964 367 180 701 8224 4150 32450 1388 290 1007 202 1711 276 102 37401 643 315 5070 245 2144 1488 6456 8801 475 3516 3691 480
internal_value=-1.30173e-05 0.00142864 -0.00289228 -0.00445672 -0.00640869 -0.00155256 -0.0090817 -0.0121359 0.00390899 0.000652409 0.00253157 -0.00964463 0.00456115 0.0099779 0.00729403 -0.0105699 0.00131553 0.000265927 0.00204272 -0.00171524 -0.0144181 0.0192611 0.00710987 0.00260437 0.00651928 0.000861665 0.00637533 0.00469649 -0.0148934 0.0161037
internal_weight=21673.4 14441.8 7231.61 5272.12 3698.16 1313.89 2384.27 1684.72 784.533 12707.2 763.788 529.356 142.699 504.38 462.936 94.4355 1959.49 12202.8 5889.78 699.557 1459.04 71.5354 1734.56 225.674 1705.74 1939.35 659.549 633.707 386.657 228.689
internal_count=137490 82069 55421 42414 32080 11073 21007 15483 5718 73318 5538 5355 1374 2344 2142 431 13007 70974 33573 5524 13294 560 8751 2189 8600 12905 4104 3991 3981 1123
is_linear=0
shrinkage=0.03


Tree=75
num_leaves=31
num_cat=0
split_feature=13 29 36 37 26 71 72 1 17 86 1 70 67 17 26 52 26 45 23 76 13 60 21 48 8 17 12 71 37 28
split_gain=98.2748 82.1326 71.1391 57.6116 49.4591 36.1447 35.4598 34.9678 32.4018 32.1136 54.1365 39.476 33.9096 31.4087 32.2736 29.2965 28.2423 27.6131 26.3726 25.593 24.6976 23.7888 23.2398 21.4963 20.3955 30.0743 28.2442 20.1097 19.0253 18.68
threshold=0.64999999999769809 80.887075726722614 0.22452076366213883 24.132198468365473 0.019607843136966552 0.58968314586275228 7051252050.000001 0.10019762845849813 -0.060344827592282206 13.500000000000002 0.0050314545017277066 0.46513796825740378 12.499999999713561 -0.13495871102239673 0.038461538460922103 0.018408618133890112 0.070588235293494825 0.05604366014104057 0.36956270117474127 -0.078538889307630158 0.19999999998200005 0.29017289125065487 0.42180094786547923 2.312261308942523 0.011904761904655614 -0.058277794942418797 0.45080645161290328 0.56445653647605343 23.097801905535032 0.30666666666360004
decision_type=10 2 2 2 8 10 2 10 8 2 10 10 8 10 8 10 10 2 10 10 8 10 8 10 10 10 10 8 2 10
left_child=2 -2 3 7 -5 8 17 15 -4 13 12 -12 -11 14 -6 28 -17 24 -8 -18 -15 -10 -20 -19 25 29 -26 -23 -1 -3
right_child=1 6 5 4 9 -7 18 -9 21 10 11 -13 -14 20 -16 16 19 23 22 -21 -22 27 -24 -25 26 -27 -28 -29 -30 -31
leaf_value=0.01425003171338592 -0.016890580548840354 0.0019397237535630049 -0.0078457819725418366 -0.011414656892513513 0.025744394339647647 0.0017576041570880074 -0.008226645910256113 -0.016609546658728745 0.023438589281053863 -0.0018107634484011634 -0.0080707841499139191 0.0016505187994922366 0.0041276483352880406 0.00053849098928521232 0.0013670075553007914 -0.0081126280169810175 -0.010010733048251527 0.02063225806327439 0.011863660029315182 0.0088112221175450835 -0.0036813174227498225 0.0040881158793073247 -0.0029433443735997302 -0.00038350395096049177 -0.0037462447701953018 -0.0071294667739321468 -0.01224086099530196 0.032066418852970013 0.040944392443573542 0.024901863353074431
leaf_weight=105.93630897253752 413.19359058514237 365.96451549604535 49.231659345328808 331.5348949059844 48.982740983366966 305.39568199217319 122.65060032904148 55.311859115958214 256.05548037588596 1058.422956712544 773.12854459881783 729.5458752065897 4717.1903777495027 1880.0091065168381 2263.8102437108755 114.48126351833344 68.795435480773449 45.684725914150476 315.35436541214585 955.92459677159786 3705.7455119490623 140.00417985022068 135.68361596018076 706.18782728537917 716.98689050227404 487.20403277128935 696.54724134877324 26.891632094979286 31.276075065135956 34.009251028299332
leaf_count=450 7584 3056 267 3943 279 1550 792 320 1315 5739 4682 4068 26980 11359 12178 501 304 352 1916 4302 23106 688 763 4549 5432 4704 5779 147 130 255
internal_value=-1.26732e-05 -0.00423262 0.000954911 0.000544799 3.02293e-05 0.00982079 -0.00278523 0.00653035 0.0150148 0.000281174 0.0017188 -0.00335115 0.00303875 -0.00104323 0.0018955 0.00754766 0.00595519 -0.00407173 0.00405017 0.00753614 -0.00226067 0.0176951 0.00740605 0.000915164 -0.00570243 -0.00212911 -0.00793995 0.00877822 0.0206086 0.00395688
internal_weight=21657.1 4039.47 17617.7 16840.1 15508.4 777.579 3626.27 1331.73 472.183 15176.8 7278.29 1502.67 5775.61 7898.55 2312.79 1276.41 1139.2 3052.58 573.689 1024.72 5585.75 422.951 451.038 751.873 2300.71 887.178 1413.53 166.896 137.212 399.974
internal_count=137490 35182 102308 98341 92334 3967 27598 6007 2417 88391 41469 8750 32719 46922 12457 5687 5107 24127 3471 4606 34465 2150 2679 4901 19226 8015 11211 835 580 3311
is_linear=0
shrinkage=0.03


Tree=76
num_leaves=31
num_cat=0
split_feature=13 22 31 0 28 85 74 37 45 31 74 32 83 74 21 71 21 38 8 72 74 70 20 70 28 72 89 8 74 85
split_gain=93.238 70.456 56.2172 48.9559 38.6267 38.0733 35.579 60.5563 72.7205 58.1039 53.2305 66.6969 31.3014 34.1332 29.1597 28.2251 27.7357 26.5819 25.2624 23.9302 27.3804 21.7027 21.532 21.0349 20.3141 19.6996 19.2131 17.6463 17.4496 17.2031
threshold=0.93749999997363298 0.99999999925000005 66.892787576052385 -0.053111172566371649 0.13363062132509931 0.084044608153504244 9652850.0000000019 170.37810516690885 -0.01142770338521548 248.77285088097068 -5993149.9999999991 -0.013045571230543727 -0.0056528210253455882 276861750.00000006 -1.1805556532351599e-10 0.43768228336607129 0.20653955808797056 -0.0264500137771797 0.024146260203200886 894710950.00000012 -67540049.999999985 3.9509122083809749 -0.14814814815735025 0.97310817086122514 0.2978723404207787 208400.00000000003 -0.78656609248549325 0.011363636363539516 -127809299.99999999 0.028559839554805667
decision_type=10 10 2 10 8 10 2 2 2 2 2 2 8 2 10 8 10 2 10 2 2 10 8 8 10 2 2 10 2 10
left_child=1 3 21 24 6 12 10 8 -8 -9 14 -12 13 -6 -5 -14 17 -4 -7 20 -3 -2 -20 28 -1 -22 27 -18 29 -19
right_child=2 19 16 4 5 18 7 9 -10 -11 11 -13 15 -15 -16 -17 26 23 22 -21 25 -23 -24 -25 -26 -27 -28 -29 -30 -31
leaf_value=0.016094883851590785 -0.022594020998815172 0.025092395758645334 0.00060177756624734302 0.025540489178758573 0.014170568808896623 0.0017146171978897815 0.005871947581476745 0.023792699070743623 -0.0073844170411454055 0.0034634218266066759 0.0050115777745369091 -0.0098407690896395155 -8.9033458872967781e-05 -0.02076724146131274 -0.00035539908653720053 0.0031655468168691097 0.0093474909028130083 0.024832666824568417 -0.0025406786888116234 -0.0082855172245109559 0.00027125748467222792 0.01599699033169932 -0.010791142593362111 -0.0025443851718324863 0.0038261753964372014 0.011095028077152371 0.010936181844056429 -0.0069341810987376728 -0.011680625846983471 -0.01552217825495285
leaf_weight=230.00253524631262 203.69823519513011 96.4628766477108 423.81535356864333 39.272081941366196 284.35113855451345 719.76154741644859 566.78955642133951 149.36679972708225 1081.0341933518648 805.48742403835058 327.65437763929367 1582.3156811967492 5061.8596517443657 26.656886234879494 1380.9872438162565 4553.3856784254313 84.112294606864452 22.970077779144049 853.84545834362507 68.027898997068405 208.49402666836977 13.231437124311922 427.8199510127306 419.97814229130745 259.61365552991629 557.12349959462881 156.64375020563602 200.97041925787926 818.39857349917293 14.800129134207962
leaf_count=1089 4166 543 3949 243 1301 4093 4033 981 8244 4921 1755 12461 27263 133 9168 23943 581 186 5273 290 960 230 2736 3983 1234 2630 1044 1534 8399 124
internal_value=-1.24122e-05 0.000676312 -0.00564149 0.000267629 1.06483e-05 0.000994752 -0.00196715 0.000659712 -0.00282211 0.00666821 -0.0040206 -0.00729 0.00175603 0.0111094 0.000376013 0.00145206 -0.00416042 -0.00590053 -0.00277839 0.00872709 0.0100811 -0.0201638 -0.00530329 -0.00806112 0.00961671 0.0081556 0.00252776 -0.00210398 -0.0107576 0.00894988
internal_weight=21638.9 19280.3 2358.62 18350.2 17860.6 11927.7 5932.91 2602.68 1647.82 954.854 3330.23 1909.97 9926.25 311.008 1420.26 9615.25 2141.69 1699.96 2001.43 930.108 862.08 216.93 1281.67 1276.15 489.616 765.618 441.726 285.083 856.169 37.7702
internal_count=137490 113294 24196 108871 106548 64742 41806 18179 12277 5902 23627 14216 52640 1434 9411 51206 19800 16641 12102 4423 4133 4396 8009 12692 2323 3590 3159 2115 8709 310
is_linear=0
shrinkage=0.03


Tree=77
num_leaves=31
num_cat=0
split_feature=13 29 36 37 26 40 63 17 51 36 76 74 71 72 63 35 76 86 1 84 22 83 8 51 23 18 74 49 16 20
split_gain=88.7388 76.7112 65.1106 52.7595 45.8117 43.8269 40.664 40.9391 35.8102 58.6618 38.2028 35.2276 33.9714 32.6727 31.4018 30.8815 30.4306 30.3451 51.8959 30.1877 27.958 31.5009 30.9115 26.9069 24.6285 24.1113 23.8508 30.0655 22.8988 22.8566
threshold=0.64999999999769809 80.887075726722614 0.22452076366213883 24.132198468365473 0.019607843136966552 -0.078331117186727847 -0.022362818311368479 -0.11111111111748966 0.016435521298953298 -0.0028519703302470885 -0.00019782671693987686 83539700.000000015 0.57272279265490844 7051252050.000001 -0.15620516419398497 20.272225019682072 0.189768214815321 13.500000000000002 0.0050314545017277066 0.059973069312135148 0.89795918365972527 -0.0014290273172356987 0.0075757575757560459 0.021186440677816481 0.36956270117474127 0.10909090907578513 5595400.0000000009 0.012605042016250619 0.8310334982853812 -0.23199099099449541
decision_type=10 2 2 2 8 2 2 8 10 2 10 2 10 2 2 2 10 2 10 10 10 10 10 10 10 10 2 10 10 8
left_child=2 -2 3 5 -5 14 7 29 9 -8 -10 12 -4 20 15 -1 17 19 -19 -6 21 22 -3 -13 -15 -9 -23 -28 -25 -7
right_child=1 13 11 4 16 6 8 25 10 -11 -12 23 -14 24 -16 -17 -18 18 -20 -21 -22 26 -24 28 -26 -27 27 -29 -30 -31
leaf_value=-0.0020645243128201833 -0.016442931281684128 0.022256012279992417 0.02036846303782788 -0.011068538450358094 -0.0013597393487069383 0.01822152122336896 0.043611951015988672 -0.0064090061478242243 -0.010896237557146814 0.0093192271396931488 0.010195189107539351 -0.022385634982995103 0.0042005654712049889 -0.008007672279438759 0.028344013861763877 0.026251019367764573 -0.010748017884719442 0.0031319580807510064 -0.0031765903874104687 0.0062874611408281055 0.004694400141193586 -0.010621519567841109 -0.0010280799408307637 -0.0079172210798879802 0.0071235033840971315 -0.028552629073405601 0.0079753871882427517 -0.0057951404184438627 0.011423635095347924 -0.003248884681009743
leaf_weight=99.285186350345612 402.5963673517108 55.404832400381565 305.83900312334299 327.11298632994294 7283.2280983552337 79.291721165180206 51.872748851776123 147.42840494960546 142.53106386214495 307.79000329971313 166.44733458012342 37.717584140598774 190.88257664442062 121.98748487234116 120.58765190839767 52.016668632626534 221.60725417733192 5698.3563549369574 1476.615163423121 495.14979173243046 305.85231643170118 815.57625536993146 566.46872767806053 84.374085083603859 453.12013375014067 63.100499995052814 162.20575486123562 1131.8207855410874 154.19593034684658 99.4767035394907
leaf_count=441 7584 425 1649 3943 43769 340 213 666 647 1327 769 165 961 792 610 215 1281 32240 8623 2478 1878 7193 4121 466 2679 342 1504 9006 726 437
internal_value=-1.223e-05 -0.0040364 0.000905541 0.000514098 2.1797e-05 0.00624637 0.0034741 -0.00422221 0.00795915 0.0143807 0.000452318 0.00941347 0.0141823 -0.00264872 0.0169702 0.00775894 0.000261773 0.000425845 0.00183297 -0.000871809 -0.00389065 -0.00485441 0.00107396 0.000808758 0.00390046 -0.0131638 -0.00660309 -0.00406187 0.00456642 0.00630589
internal_weight=21619.9 4015.03 17604.9 16831.9 15502.1 1329.83 1057.94 389.297 668.641 359.663 308.978 773.009 496.722 3612.44 271.89 151.302 15175 14953.3 7174.97 7778.38 3037.33 2731.48 621.874 276.288 575.108 210.529 2109.6 1294.03 238.57 178.768
internal_count=137490 35182 102308 98341 92334 6007 4741 1785 2956 1540 1416 3967 2610 27598 1266 656 88391 87110 40863 46247 24127 22249 4546 1357 3471 1008 17703 10510 1192 777
is_linear=0
shrinkage=0.03


Tree=78
num_leaves=31
num_cat=0
split_feature=13 29 53 47 72 69 20 86 19 62 0 21 22 53 68 65 40 14 20 81 50 0 26 24 52 58 24 63 22 7
split_gain=83.782 93.0121 61.9874 47.1555 44.5882 47.8083 39.2492 38.8416 38.6932 49.3814 37.5138 34.7774 31.3806 30.4532 28.6949 27.6774 31.0185 26.348 25.6539 33.1479 25.6448 24.9364 23.6839 23.2131 23.0428 22.3172 22.1492 22.0833 20.3025 19.8116
threshold=0.33333333332803033 81.83692366968512 0.01856556008460809 0.012793176972138243 1066200.0000000002 1.0000000180025095e-35 -0.07317073171673609 14.500000000000002 0.19999999997000004 -2.7118874016972678 0.0049566371029162734 0.45161290319068687 0.666666666625926 0.040655781409087093 -84.615384615091699 0.012474641810930274 -0.0059610132329117596 -2.2474633265545659e-11 -0.088983050848499931 -0.0012649221361198655 6.9821428571428585 0.012051650920559378 0.48555197709591197 0.033189839182153451 0.03374367813051548 -0.011472317276476239 0.083059959191646299 0.038317116066603145 0.83333333327546311 -0.052631578954135332
decision_type=10 2 8 8 2 10 8 2 10 2 10 8 10 10 10 2 2 10 8 8 8 10 10 10 10 10 8 2 10 10
left_child=2 26 4 13 5 -1 14 20 9 -5 12 21 18 17 23 16 -11 27 -6 -20 -3 29 -13 -7 -8 -14 -2 -4 -9 -10
right_child=1 7 3 8 10 6 24 28 11 15 -12 22 25 -15 -16 -17 -18 -19 19 -21 -22 -23 -24 -25 -26 -27 -28 -29 -30 -31
leaf_value=0.0012700883623310466 -0.017116919489834074 -0.0046486786939556402 0.004546708883602024 -0.0017507100733675149 0.0023118077390059783 0.032134504359073453 -0.013371512258286639 0.0017345507491519751 0.015440938066742103 0.013401694348304547 -0.0065668244101437798 0.006081331258341721 -0.0013585185023548513 0.026544763155058274 -0.0065965401546835972 0.033626256034606582 0.0016813688788783754 -0.010450111437202087 -0.0086695724125879451 0.00050567285238812762 -0.00038980678035987305 -0.008403530409472398 -0.011042211280452839 0.0025166094719637237 0.012066529522079063 0.0085702604806784915 -0.0065432074644456049 0.016628418274830633 0.012781775916513432 -0.00042811678335919981
leaf_weight=1061.4715685546398 433.46896387636662 2709.3580629713833 276.95081315934658 408.37183424830437 3096.0430080443621 25.409650526940823 675.28621005639434 1004.9069455303252 72.6815255433321 616.66199098527431 528.83895757049322 1183.1636525765061 265.05949912965298 97.35971999168396 519.37842038273811 44.36589141190052 304.2863105237484 58.726711489260197 509.69123466312885 1155.674039915204 2402.0928794741631 361.17673499882221 76.431568771600723 248.89678461849689 32.770884193480015 869.22756836563349 307.58486961945891 270.53267243504524 175.26320471614599 1809.2280428744853
leaf_count=6564 6997 21032 1288 1997 17084 175 5699 6950 307 2964 3243 5722 1394 512 3281 220 1399 283 3148 8254 15124 1919 379 1308 160 4622 3892 1259 1004 9310
internal_value=-1.19551e-05 -0.00270093 0.00128606 0.00376943 -0.000255622 -0.0036004 -0.00704353 -0.00151536 0.00271976 0.00698546 0.00107874 0.00104445 0.00176604 0.0110262 -0.00245273 0.0106823 0.00953851 0.00848927 0.000696537 -0.00230416 -0.0026483 -0.00119462 0.00503197 0.00537784 -0.0121746 0.00624831 -0.0127469 0.0105416 0.00338711 0.000191046
internal_weight=21600.4 7032.67 14567.7 5579.94 8987.75 2563.21 1501.74 6291.62 4876.37 1373.69 6424.53 3502.68 5895.7 703.57 793.685 965.314 920.948 606.21 4761.41 1665.37 5111.45 2243.09 1259.6 274.306 708.057 1134.29 741.054 547.483 1180.17 1881.91
internal_count=137490 54999 82491 27559 54932 17187 10623 44110 24217 6580 37745 17637 34502 3342 4764 4583 4363 2830 28486 11402 36156 11536 6101 1483 5859 6016 10889 2547 7954 9617
is_linear=0
shrinkage=0.03


Tree=79
num_leaves=31
num_cat=0
split_feature=28 20 21 1 37 37 39 77 77 51 56 50 83 52 15 74 74 56 77 32 74 74 14 20 74 39 74 40 67 36
split_gain=80.5792 57.7975 48.1569 57.1748 48.3757 43.839 40.3358 46.5046 50.0732 40.061 38.4784 44.6772 35.6034 35.2136 33.571 30.7171 31.4711 32.508 30.0766 38.2596 30.847 39.746 30.0702 38.9101 38.7159 71.8027 37.7855 29.4925 29.4701 38.2058
threshold=0.13363062132509931 -0.033613445379572442 0.084062261265373542 -0.0062447504199664152 1048.078067486915 24.132198468365473 22.506029114343622 0.024897818656712381 -0.00060080733453751409 0.010793019721589138 29.999999999692005 18.053571428571434 -6.8662111967934545e-05 0.0076880422627701407 -4.2572445568822552e-11 -2017749.9999999998 9652850.0000000019 72.307692305356227 -5.6941627938693246e-05 -0.014198327437430601 -92495849.999999985 23465100.000000004 -0.074074074081790106 -0.075757575763410565 9652850.0000000019 169.65962254817461 -61216149.999999993 0.043872375244872315 16.666666658333362 -0.064562780569994691
decision_type=8 10 10 10 2 2 2 10 10 8 10 10 10 10 10 2 2 10 10 2 2 2 10 8 2 2 2 2 8 2
left_child=2 5 3 -1 22 6 7 8 9 -2 -6 12 -12 -3 -4 -15 17 -17 28 20 -20 -22 23 -5 26 -26 -24 -10 -7 -30
right_child=1 13 14 4 10 18 -8 -9 27 -11 11 -13 -14 15 -16 16 -18 -19 19 -21 21 -23 24 -25 25 -27 -28 -29 29 -31
leaf_value=0.00050811748574599517 -0.032897252022397877 0.038467203251578513 0.037205395866432386 -0.0016006321586086608 -0.016631125465088471 -0.0023316563865696375 0.024626311400592599 -0.018559478035167609 0.029348207884229496 0.0035694015754527265 0.013627320314940732 0.0013724971285592477 0.059935454910258396 0.012982944603440006 0.00097242048051733251 -0.018695983666057306 0.0066680297257560688 0.0013729040331773078 -0.014065181817518103 -0.0028998393721540016 0.0092307194196499937 -0.00022589877460873516 0.0025219951302826783 0.037972636719120205 -0.008958853780197935 0.006541413985827485 -0.013111607887669827 0.0080268036402353776 0.010468223081310919 0.0018110914212648582
leaf_weight=1645.8521283604205 27.810191929340363 29.398063726723194 22.300151690840721 135.24879240244627 80.476534940302372 1278.8034517616034 102.28878271579742 69.660321034491062 112.05641332268715 457.75388520210981 54.969925969839096 356.44903130084276 20.140056490898132 411.0038003474474 1929.3336447328329 94.965398490428925 893.86026770621538 297.51926596835256 97.27246343716979 4315.402235660702 627.26247473806143 1099.2185388989747 153.64977758005261 25.747182354331017 956.28035575896502 373.02486990392208 1412.9920163303614 123.96595051884651 520.17188716307282 3856.2124670185149
leaf_count=10977 118 151 100 755 542 6801 421 312 528 2050 374 2489 140 2144 12907 459 4617 1380 524 26900 3146 6117 1197 128 9523 2753 13536 514 2869 23018
internal_value=-1.16952e-05 0.0012807 -0.00261145 -0.00411583 -0.00624858 0.000579414 0.00698238 0.00466946 0.00693866 0.00141133 0.00227725 0.00584049 0.0267082 0.00642859 0.00140681 0.00584959 0.00355975 -0.0035105 9.35225e-05 -0.00136011 0.00228116 0.00321148 -0.0076779 0.00490492 -0.00837991 -0.00460532 -0.0115758 0.0182433 0.00167205 0.00284291
internal_weight=21581.1 14414.6 7166.46 5214.83 3568.98 12687.9 893.536 791.247 721.586 485.564 512.036 431.559 75.11 1726.75 1951.63 1697.35 1286.34 392.485 11794.3 6139.16 1823.75 1726.48 3056.94 160.996 2895.95 1329.31 1566.64 236.022 5655.19 4376.38
internal_count=137490 82069 55421 42414 31437 73318 3943 3522 3210 2168 3545 3003 514 8751 13007 8600 6456 1839 69375 36687 9787 9263 27892 883 27009 12276 14733 1042 32688 25887
is_linear=0
shrinkage=0.03


Tree=80
num_leaves=31
num_cat=0
split_feature=13 29 55 1 28 50 51 21 30 76 22 71 85 25 74 40 72 57 28 86 1 36 24 25 24 53 51 57 19 74
split_gain=79.767 70.5497 57.5593 42.3168 42.6844 37.7746 34.3853 45.3603 38.7783 31.3824 31.3314 29.8594 42.1785 38.7727 29.1295 107.443 28.9054 27.221 31.3568 25.6152 26.2586 25.2672 24.2271 18.1053 18.5492 17.8273 17.0037 16.8913 19.5057 15.9884
threshold=0.64999999999769809 80.887075726722614 90.71920757878928 -0.038085695199923657 0.25782193211917631 6.9821428571428585 0.0076530612242620274 0.057006181253418393 1.0000000180025095e-35 0.24618354603796341 0.4285714285459184 0.42439875972202862 0.02630022339895894 0.49999989209570483 73892350.000000015 -0.013112141959990329 551659000.00000012 99.999999894302007 0.59848484848212824 13.500000000000002 0.013071900212559663 0.0029556220321971254 1.0000000180025095e-35 0.36363636361157031 0.36706517418148088 0.043100946241597632 0.0082706766917238841 32.026860949034145 0.10344827586190845 7004200.0000000009
decision_type=10 2 8 10 10 8 8 10 2 10 10 10 10 8 2 2 2 10 10 2 10 2 10 10 10 10 10 8 8 2
left_child=2 25 3 4 16 26 7 14 10 11 -9 13 -13 -8 22 -16 27 19 -19 -4 -21 -10 -5 24 -7 -2 29 -1 -29 -3
right_child=1 5 17 6 -6 23 9 8 21 -11 -12 12 -14 -15 15 -17 -18 18 -20 20 -22 -23 -24 -25 -26 -27 -28 28 -30 -31
leaf_value=-0.00061640962146927974 -0.017630990023761547 -0.027350399080154866 0.0014762674678421368 -0.00048886891913870888 0.000906464675677039 -0.0054393292186892617 0.00076772193289674918 0.019536029179876263 0.046400782891692645 -0.013892046469292671 -0.014166707193819572 0.004702897907579974 -0.00045311400346712406 -0.0036408626224961431 0.064410636710523633 -0.019883120853736669 -0.0047489973065829088 0.02887260020231865 -0.0033289534483357283 0.011466917996210522 -0.001170454037352953 0.010744749421282045 -0.015428003010007229 0.002914823653075633 0.022906399615472306 0.00785040651368887 -0.0047752749357916624 0.025862650062152791 0.011920240850164647 0.011628477378484606
leaf_weight=55.127761647105217 365.24340384826064 52.131298437714577 984.42263823002577 125.20938161015511 768.76035211980343 441.36548057198524 4650.6179159134626 32.208952404558659 22.387880466878414 140.65328194200993 97.308612525463104 2658.749488838017 3080.7909127697349 2922.4250973761082 20.054808460175991 37.528030127286911 78.564326643943787 88.333146870136261 38.63687752187252 651.87418194115162 190.58480554819107 82.06478213518858 451.66033298894763 1147.0343448594213 20.790819048881531 25.77783253416419 1926.8111716136336 144.06199543178082 252.94055379927158 10.812684036791323
leaf_count=246 7280 627 4920 1567 3750 3071 27037 182 132 829 556 14876 18200 17958 178 460 415 536 204 3180 925 447 3847 7184 128 304 16479 701 1162 109
internal_value=-1.13536e-05 -0.00384026 0.000857904 0.000250363 0.00543197 -0.00252207 -0.000219919 -0.00600221 0.00526359 0.00015353 -0.00567692 0.000303186 0.00193521 -0.000933404 -0.0101632 0.0100216 0.0119679 0.00571107 0.0191008 0.00476889 0.00860648 0.0187831 -0.0121971 0.000893866 -0.00411097 -0.0159278 -0.00528524 0.0148834 0.0170394 -0.0205304
internal_weight=21564.9 3989.97 17575 15621.1 1299.45 3598.95 14321.7 868.423 233.97 13453.2 129.518 13312.6 5739.54 7573.04 634.453 57.5828 530.695 1953.85 126.97 1826.88 842.459 104.453 576.87 1609.19 462.156 391.021 1989.76 452.13 397.003 62.944
internal_count=137490 35182 102308 92543 6274 27598 86269 7369 1317 78900 738 78071 33076 44995 6052 638 2524 9765 740 9025 4105 579 5414 10383 3199 7584 17215 2109 1863 736
is_linear=0
shrinkage=0.03


Tree=81
num_leaves=31
num_cat=0
split_feature=28 66 37 21 1 37 61 57 56 50 76 76 34 75 15 83 77 66 72 57 45 42 36 74 86 7 10 84 85 84
split_gain=74.3638 53.8293 46.8105 44.9971 52.9537 45.4304 40.2509 37.3011 36.2626 41.1902 34.0877 32.9962 34.8404 33.4867 31.9595 31.5603 31.3591 29.42 58.4433 28.6755 28.3268 30.4681 75.0855 27.8664 26.5442 43.2806 36.5025 32.5449 27.5142 37.5504
threshold=0.13363062132509931 99.99999997559523 24.132198468365473 0.084062261265373542 -0.0062447504199664152 1048.078067486915 -0.07890586086667771 90.630521159523127 29.999999999692005 18.053571428571434 0.012504636127664183 -0.037195620775096486 -0.046837004892556815 0.020432576736783187 -4.2572445568822552e-11 -6.8662111967934545e-05 0.02761257158568042 37.499999996332043 79513700.000000015 99.999999669444463 0.13611907704788065 -0.0037426895854151816 0.003298698498794606 63048650.000000007 14.500000000000002 0.0075187969896405313 -0.49999946117321986 0.04762589337057422 0.085146477356342162 0.059973069312135148
decision_type=8 10 2 10 10 2 8 10 10 10 10 8 2 8 10 10 10 10 2 8 2 2 2 2 2 10 8 10 10 10
left_child=3 2 11 4 10 17 -3 14 -7 15 -1 -2 -13 16 -5 -10 -14 -6 -19 -8 21 -16 -23 -11 28 27 -27 -26 29 -4
right_child=1 6 24 7 5 8 19 -9 9 23 -12 12 13 -15 20 -17 -18 18 -20 -21 -22 22 -24 -25 25 26 -28 -29 -30 -31
leaf_value=0.0018232235783869728 -0.0093165588658704439 0.043784659628261134 -0.00046014191761967877 0.036201753331456636 -0.0042154241029495046 -0.016271209351707738 0.0042174048648091246 0.040801275565298598 0.013100388635848158 -0.0018949490412765605 -0.013315852762231697 0.022076142443804389 0.0056462358301680405 0.023557533760568305 -0.0095473204393358834 0.056103979640639352 -0.018937398665874652 -0.013491239719621607 -0.00054984796643843536 0.016377210542804284 0.02194171378367334 0.015061126425549526 -0.0016632187366029988 0.022982601996331342 0.0046829880806541595 0.014190762614307328 -0.010132102948224926 -0.0044816382132174658 -0.003929384614183855 0.0081702816590135865
leaf_weight=1499.8846219815314 101.5447476580739 25.914038255810738 6234.4498562626541 21.849185138940811 1391.0130018554628 79.529192209243774 894.39695679396391 20.357316330075264 55.449250973761082 311.17463269084692 145.95022424682975 145.19638954102993 645.3958947211504 86.799235820770264 263.43369838967919 20.917916305363178 49.320403747260571 1217.9203668236732 423.84579769149423 216.67288574948907 52.918960623443127 295.81247139722109 1297.1744487471879 45.55546335875988 2794.4418456852436 64.245850004255772 372.21030789986253 397.30677307024598 1888.7801179550588 488.31678012385964
leaf_count=9977 448 113 37324 99 11747 542 4279 102 374 2217 1000 709 2829 374 1838 140 223 12657 3488 1233 284 1909 8775 272 15354 354 2121 2037 12333 2338
internal_value=-1.10877e-05 0.00122978 0.000692412 -0.00251381 -0.00397368 -0.00603766 0.0074918 0.00136806 0.00221424 0.00564528 0.00047162 0.00683716 0.00861857 0.00608946 0.000929932 0.0254913 0.00387193 -0.00743372 -0.0101544 0.00660402 0.000505996 -0.000114918 0.00144806 0.00132896 0.000175433 0.00232763 -0.00652069 0.0035402 -0.000731144 0.000167416
internal_weight=21547.8 14405 13268 7142.79 5191.24 3545.41 1136.98 1951.55 512.626 433.097 1645.83 1028.26 926.712 781.516 1931.19 76.3672 694.716 3032.78 1641.77 1111.07 1909.34 1856.42 1592.99 356.73 12239.8 3628.2 436.456 3191.75 8611.55 6722.77
internal_count=137490 82069 76444 55421 42414 31437 5625 13007 3545 3003 10977 4583 4135 3426 12905 514 3052 27892 16145 5512 12806 12522 10684 2489 71861 19866 2475 17391 51995 39662
is_linear=0
shrinkage=0.03


Tree=82
num_leaves=31
num_cat=0
split_feature=13 29 36 35 29 29 68 17 46 21 19 51 51 39 50 17 74 53 22 36 17 71 21 74 22 53 77 45 56 51
split_gain=73.3808 67.2781 53.3742 41.2258 47.6496 77.7878 72.4429 75.3368 85.3373 45.4561 41.1186 35.6818 45.2087 35.5254 34.9936 34.3141 32.712 53.845 44.6683 54.2692 36.5601 31.9357 30.0965 30.0498 26.9188 25.8223 24.4854 20.7407 18.0646 20.5495
threshold=0.64999999999769809 80.887075726722614 0.22452076366213883 33.848100325124889 84.244844732299597 100.86085209873788 -99.999999924999983 -0.15966386555045545 0.30000032697405138 0.010204081624921925 0.69230769226775157 0.0049999999999493757 0.011363636363248969 34.446903755034434 6.9821428571428585 -1.5749013204668924e-11 -3080949.9999999995 0.018375386918884153 0.79999999997066673 0.010037746122396165 -0.25000000000962169 0.58968314586275228 0.22352941175570931 83539700.000000015 0.63636363632024795 0.021273451226559017 0.058563221855678596 -0.0056200960633872579 74.999999993802092 0.028776244310529293
decision_type=10 2 2 2 2 2 8 8 10 10 8 8 8 2 8 10 2 8 8 2 8 10 8 2 10 10 10 2 10 10
left_child=2 -2 3 13 6 9 10 8 -8 27 24 -7 -13 16 -3 -9 18 22 19 -1 -19 23 -18 -4 -5 -20 -11 -6 29 -23
right_child=1 14 21 4 5 11 7 15 -10 26 -12 12 -14 -15 -16 -17 17 20 25 -21 -22 28 -24 -25 -26 -27 -28 -29 -30 -31
leaf_value=0.0099854582484204708 -0.01561082837377893 -0.00508355019940242 0.01913205134555834 0.0053712760691761417 0.0044337950670208055 0.034193431755985063 0.057770179797676825 -0.0069229878553773569 0.0033530394795274264 0.0092080431371192855 -0.023415048269109378 -0.0057679877260675408 0.00070281876478900374 0.026339873090145974 0.0008711355608525688 0.02668483650639725 -0.00070962729641266861 0.026312756281029616 0.036870222521410922 -0.0099605687091428429 0.0034737310482113484 0.03494559363927021 -0.015462476453774349 0.002986894217741723 0.027420428509384136 0.013272260433135537 0.036176532776653607 -0.024221960599654251 -0.0026783219776658888 0
leaf_weight=434.94474212825298 384.09417247399688 1978.2910757623613 300.23216491192579 682.0363317579031 39.1104926019907 26.438304170966148 26.761720925569534 2822.5631472654641 400.51889292150736 1037.0142415761948 41.300528019666672 1102.2231574356556 8151.403361029923 62.47520487755537 1609.4535469859838 26.613215781748295 294.26302716881037 67.167327433824539 61.47864256799221 169.85846054553986 864.49811869859695 26.276019215583801 215.37230268865824 159.63518196344376 52.97198674082756 134.22415458410978 30.444338656961918 51.927543342113495 241.94743704050779 34.303892910480499
leaf_count=1966 7584 17215 1660 3434 218 170 130 20075 2309 6166 207 8153 46015 293 10383 120 1414 281 281 813 3941 116 1018 757 245 623 173 296 1249 185
internal_value=-1.06784e-05 -0.00369271 0.000822235 0.000469392 -0.000123192 0.000948503 -0.00288381 -0.00483653 0.00689526 0.00827468 0.00534954 3.28081e-05 -6.81514e-05 0.00419581 -0.00241196 -0.00659876 0.00356589 0.000861124 0.00842488 0.00437149 0.00514995 0.00858067 -0.00696814 0.0135527 0.00699953 0.0208504 0.0100131 -0.0119643 0.000993154 0.0155106
internal_weight=21529.8 3971.84 17558 16795.6 14491.3 10438.6 4052.77 3276.46 427.281 1158.5 776.309 9280.06 9253.63 2304.28 3587.74 2849.18 2241.81 1441.3 800.506 604.803 931.665 762.395 509.635 459.867 735.008 195.703 1067.46 91.038 302.527 60.5799
internal_count=137490 35182 102308 98341 87711 61191 26520 22634 2439 6853 3886 54338 54168 10630 27598 20195 10337 6654 3683 2779 4222 3967 2432 2417 3679 904 6339 514 1550 301
is_linear=0
shrinkage=0.03


Tree=83
num_leaves=31
num_cat=0
split_feature=13 29 53 0 86 73 20 49 49 40 18 45 55 16 64 40 82 8 62 69 61 64 47 87 22 40 40 61 51 16
split_gain=69.358 100.476 64.8223 43.6819 41.3355 40.6754 40.2899 35.4395 31.8576 30.5918 30.1445 36.609 67.5014 33.5888 40.3739 36.6773 31.2492 26.1589 25.1122 24.8601 24.7345 23.9779 30.1782 23.1968 36.8697 23.1235 23.0549 30.55 22.5394 21.808
threshold=0.24999999995109379 83.478459332926548 0.01856556008460809 0.006379601554709958 14.500000000000002 13.879612403687213 -0.074074074074212667 0.012276785714157834 0.0060997496191420985 0.083092361321564182 0.047619047616102923 0.07976276668931094 1.0000000180025095e-35 0.49999989209570483 0.11722719476735073 0.13017651785757225 -0.0063683068588492684 0.018749999999912115 -0.89833507643957933 0.0012911021820045867 -0.026281254316894594 -0.64458721310817146 0.027093596058762954 2.5000000000000004 0.87179487178555781 0.01718809935962751 -0.0070568386456106294 0.040000013793945362 0.013130252100821029 0.15317232125675681
decision_type=10 2 8 10 2 2 8 8 8 2 8 2 10 10 2 2 10 8 2 10 8 2 10 2 10 2 2 8 10 10
left_child=2 18 3 5 23 6 -1 9 -5 26 21 13 -13 15 -15 -12 -14 29 -2 -8 -11 -9 28 -3 -25 -10 27 -4 -23 -7
right_child=1 4 7 8 -6 17 19 10 25 20 11 12 16 14 -16 -17 -18 -19 -20 -21 -22 22 -24 24 -26 -27 -28 -29 -30 -31
leaf_value=0.00045572727574989705 0.00074954343284311322 -0.00064905483228780089 0.0068220134590238173 0.023999438851092628 0.0036971975449755865 -0.0067238493298213756 -0.0011520478220871226 -0.00015797496936188968 -0.015632320064100695 0.046020138647769243 0.0024420315845526306 -0.012110376869184501 0.020586874858909403 -0.012286831991242801 -0.00031082087171988048 0.038310476928562119 0.0057335295727171101 0.0031562615638025737 -0.01391863775641424 -0.011308676968185037 0.015668156664582624 0.020952710974319153 0.0173268342491254 -0.0058443601461430818 0.0062896519046309112 -0.0032793970951678752 -0.0033532301379346264 0.037043055422827958 0.0022318324265185939 0.00071058964282671468
leaf_weight=1194.6538433581591 121.77622585743666 3733.1428333669901 191.90952235460281 25.245054848492146 1352.6064524129033 483.01240862160921 332.82035123184323 265.86065602302551 291.00823851302266 27.249877080321312 769.5308864787221 182.80037200450897 140.61429488658905 383.95639189332724 742.79022128134966 25.570547372102737 1320.2929570823908 3552.0216100364923 742.06018367037177 626.78222797438502 195.89174676686525 67.776667758822441 318.2153647840023 2021.7472616508603 252.57520209997892 258.51373370736837 154.20457571744919 34.986031517386436 370.99425945803523 1330.8440412059426
leaf_count=6930 1432 25664 908 154 8840 2853 2339 1258 2094 118 3669 818 637 2022 3703 120 6405 20516 10707 5263 938 335 1593 14214 1483 1475 778 151 1923 8150
internal_value=-1.02077e-05 -0.00217549 0.00132977 -0.000348174 -0.00103828 0.000261152 -0.0032196 0.00394567 -0.0083123 0.0107719 0.00304393 0.00173941 0.00502532 -0.00107054 -0.00440177 0.00364601 0.00717834 0.00165948 -0.0118489 -0.00779403 0.0195769 0.00758231 0.0103013 -0.00210543 -0.00449333 -0.00984305 0.00557086 0.0116372 0.00517153 -0.00127009
internal_weight=21511.5 8223.91 13287.5 8094.9 7360.07 7520.13 2154.26 5192.64 574.767 604.242 4588.4 3565.56 1643.71 1921.85 1126.75 795.101 1460.91 5365.88 863.836 959.603 223.142 1022.85 756.986 6007.47 2274.32 549.522 381.1 226.896 438.771 1813.86
internal_count=137490 62340 75150 49774 50201 46051 14532 25376 3723 2893 22483 17374 7860 9514 5725 3789 7042 31519 12139 7602 1056 5109 3851 41361 15697 3569 1837 1059 2258 11003
is_linear=0
shrinkage=0.03


Tree=84
num_leaves=31
num_cat=0
split_feature=13 67 29 57 5 20 51 77 83 83 21 44 51 74 77 29 29 34 21 38 45 68 77 77 29 15 19 89 28 33
split_gain=67.3745 51.4516 47.2393 42.5859 40.7433 46.6207 35.0291 47.3704 40.5857 34.6977 42.2255 41.1818 38.2161 35.0244 33.4278 47.0744 42.6082 41.8071 35.0977 73.6012 34.486 33.2828 33.0789 31.2337 31.0625 25.9094 29.1404 24.8566 27.1412 23.0527
threshold=0.93749999997363298 91.666666643750034 66.840941777333711 38.46153839940829 -0.066602067183462496 -0.20833333333369922 0.0076530612242620274 -0.028195286895102704 -0.0026135676151624108 0.00058572885936606191 0.15151515148898079 -0.1089282177091082 0.010687190560952808 -2943449.9999999995 0.00037853860377636521 85.87489492574116 90.931361696281613 -0.02970113672103086 -1.5268120101552537e-11 -0.007646272696753941 0.042789451637665017 -66.666666658777771 0.0010333580412280562 -0.0025991552252293518 56.244716484218706 -1.2158052342670087e-12 0.53333333332681498 -0.78656609248549325 0.093749999999572772 12.217140212135201
decision_type=10 10 2 8 10 10 8 8 8 8 8 2 10 2 10 2 2 2 8 2 2 10 10 10 2 10 10 2 10 2
left_child=1 4 -2 -3 5 21 7 -6 -9 11 12 -5 -11 23 18 17 -17 -16 19 -8 -20 29 -10 -12 -15 26 -7 -4 -29 -1
right_child=2 3 27 9 6 25 14 8 22 10 13 -13 -14 24 15 16 -18 -19 20 -21 -22 -23 -24 -25 -26 -27 -28 28 -30 -31
leaf_value=0.01718940585424952 -0.018906758194936247 0.02921613123658556 -0.0057948702173933131 0.0207438354960757 -0.035580770361353597 0.019782896854228078 0.0065205937017440542 0.029680359703599026 -0.0092877812255377674 0.05445154159521793 0.032365319977692104 -0.0044150490661303571 0.0060232467035193507 -0.0033545293035302502 0.0088007651264990685 0.014158373222502685 -0.00087347668486895255 -0.0078828672302176488 -0.00035588703894773473 0.058812387201263069 0.0045846788249385801 0.015610147334326085 0.0070159553544567321 0.0094223170768471115 0.0076906373759178769 0.0053489673100830578 -0.0070378911802222504 -0.0076736247706663541 0.0052284387513578589 -0.0015210666887122369
leaf_weight=60.879745662212372 196.22901662811637 63.247131012380123 1423.0463005043566 64.806718714535236 46.930869769304991 266.83656816184521 251.62994658946991 28.532432287931442 588.27025064453483 30.578022837638855 69.282959617674351 529.45434469357133 28.188706807792187 394.42720416933298 148.36040523648262 175.1356203109026 4645.9199102222919 1423.5365447588265 5674.5914340391755 25.88517290353775 1637.3982884213328 120.60816763341427 137.2898652292788 231.81998870521784 543.57303660362959 572.9312524497509 41.507638499140739 212.84275803714991 466.30225016176701 1395.2056024819613
leaf_count=303 4391 283 13611 291 310 1211 1362 133 5661 153 340 2838 156 1828 744 1025 27235 9231 35370 179 8904 614 1009 1225 2677 3039 184 2219 3975 6989
internal_value=-9.92346e-06 0.000571184 -0.00486288 0.00518178 4.7846e-05 0.00362373 -0.000546698 -0.00664402 -0.00479444 0.0043618 0.00710953 -0.00163609 0.0317615 0.00591328 -0.000196732 -0.001795 -0.000323966 -0.00630171 0.00114922 0.0116025 0.000750536 0.00053133 -0.00619326 0.014801 0.00304435 0.00914608 0.0161516 -0.00354217 0.00117521 -0.000725452
internal_weight=21495.2 19196.8 2298.42 1955.38 17241.4 2457.97 14783.5 801.023 754.093 1892.13 1297.87 594.261 58.7667 1239.1 13982.5 6392.95 4821.06 1571.9 7589.5 277.515 7311.99 1576.69 725.56 301.103 938 881.275 308.344 2102.19 679.145 1456.09
internal_count=137490 113294 24196 9791 103503 12340 91163 7113 6803 9508 6379 3129 309 6070 84050 38235 28260 9975 45815 1541 44274 7906 6670 1565 4505 4434 1395 19805 6194 7292
is_linear=0
shrinkage=0.03


Tree=85
num_leaves=31
num_cat=0
split_feature=13 29 55 7 42 50 51 18 23 38 32 77 22 17 29 29 37 74 21 54 83 31 48 76 54 29 37 53 59 7
split_gain=64.34 60.6293 46.7209 37.7875 32.5549 32.5077 31.1837 39.5862 41.0487 51.3193 41.4518 33.0177 35.6539 33.8341 29.7776 77.3712 58.8304 23.4459 30.3657 24.8152 32.7686 29.3744 27.9308 22.8265 22.3646 26.5828 18.8331 17.1557 16.9376 21.9346
threshold=0.62499999998730482 80.887075726722614 90.71920757878928 -0.052631578954135332 0.077068690313152458 6.9821428571428585 0.0065610545076010959 -1.7095214133178157e-11 0.39763818469760803 -0.011730440874885116 -0.010366938983312366 -0.019094321412272137 0.7499999999886261 -0.15555555556962955 84.244844732299597 100.86085209873788 36.637003005992362 -146389599.99999997 0.7204301075130074 1.2054927788298684 -0.0070054642971594814 12.190843731209918 0.25000000000000006 0.0023648462027127475 1.3120607787082281 233.79913624361481 19.132801203299504 0.043100946241597632 -0.003824105758825413 -0.0050761421357674022
decision_type=10 2 8 10 2 8 8 8 10 2 2 8 10 8 2 2 2 2 8 8 8 2 8 8 8 2 2 10 10 10
left_child=2 27 3 4 -1 -3 11 8 10 -10 -8 -5 13 -13 16 -16 -9 18 -4 20 -19 -22 23 -21 -24 -26 -23 -2 -7 -30
right_child=1 5 17 6 -6 28 7 14 9 -11 -12 12 -14 -15 15 -17 -18 19 -20 22 21 26 24 -25 25 -27 -28 -29 29 -31
leaf_value=0.015519506654308349 -0.016730842997586329 -0.0048575172663792889 -0.0016102860814706087 -0.029526229907265073 -0.0086567416435950062 -0.0036173870354252089 0.0094418446169195619 0.0026891695982929329 0.0079431937101004206 0.06654930095599966 -0.0067871086317261792 0.039603628474308261 0.02129086223941681 -0.0078891501094928655 0.0082929283270032506 -0.00012959161348600559 -0.0049645262374021018 0.029963878057364515 0.02990348075584455 0.013044850175507652 -0.024031892180995884 0.01224681655626172 0.018756295901179453 0.048180619657195091 -0.0022091575536996853 0.013934105289496262 0.00052945459147582974 0.0084444972159642296 -0.010448966394889972 0.0042207346589394146
leaf_weight=245.5564841479063 345.67752942815423 1972.080728828907 43.446246013045311 50.763973746448755 62.052408203482628 521.46199593693018 511.70718564838171 1394.1471035555005 34.20386691391468 21.657117486000061 194.67999456077814 12.866873621940611 43.585719577968121 512.33850791305304 1103.763535246253 8799.6754493303597 2564.6095652803779 35.413984432816505 72.798856928944588 44.308619521558285 39.530342042446136 139.49723994731903 111.48830668628216 27.112609721720219 255.23521679639816 141.97783491015434 1024.378503665328 25.447505187243223 99.655744791030884 1028.6628251522779
leaf_count=1126 7280 17255 227 309 273 3581 2448 6462 179 130 1282 61 219 5083 6497 51709 16518 151 445 206 201 648 575 121 1223 680 5250 306 668 6377
internal_value=-9.51264e-06 -0.00344516 0.000774973 0.00022762 0.0106206 -0.00225872 1.70204e-05 0.00029669 0.00694826 0.0314881 0.00496164 -0.00656953 -0.00446718 -0.00664688 -6.93215e-05 0.000809559 -0.00226838 0.00516969 0.0181864 0.00432663 0.00192255 0.00107066 0.00944309 0.0269055 0.00693753 0.00357398 0.00194573 -0.0149785 0.000847016 0.00291431
internal_weight=21479.8 3992.99 17486.8 15551.6 307.609 3621.86 15244 14624.4 762.248 55.861 706.387 619.555 568.791 525.205 13862.2 9903.44 3958.76 1935.19 116.245 1818.94 1238.82 1203.41 580.123 71.4212 508.701 397.213 1163.88 371.125 1649.78 1128.32
internal_count=137490 35467 102023 92296 1399 27881 90897 85225 4039 309 3730 5672 5363 5144 81186 58206 22980 9727 672 9055 6250 6099 2805 327 2478 1903 5898 7586 10626 7045
is_linear=0
shrinkage=0.03


Tree=86
num_leaves=31
num_cat=0
split_feature=45 36 62 30 72 37 51 74 35 45 37 77 51 55 82 22 37 18 52 18 46 77 29 35 51 49 34 23 36 64
split_gain=62.0971 63.3981 65.98 51.1461 52.0463 49.8163 46.9092 48.5782 39.0759 66.0512 101.015 62.4959 50.513 38.7926 49.5896 38.7454 38.4441 35.5693 33.6643 41.1833 45.0439 33.5932 44.5045 54.8975 48.9107 47.0968 40.1024 32.8313 32.7705 29.3567
threshold=0.082089963185971851 -0.020482830344061117 -4.6689052624060413e-10 -9.983730508977827e-11 188122400.00000003 9.191644492568571 0.02521008403318092 -146389599.99999997 50.482382154641435 -0.010182135600374452 50.198870885874477 -0.0070940188507554605 0.011224489795704571 1.0000000180025095e-35 -0.0058154535187757983 0.22467839114059598 85.781590441976817 0.083333333313020966 0.017192962408492198 -2.4695023803644741e-11 0.20000021798270093 0.021421077897451301 25.007209953031964 266.06117736038033 0.008851595264637217 0.019163763066007339 -2.0000001654807417e-11 0.65500970944441794 0.003298698498794606 0.46623964984931604
decision_type=2 2 2 2 2 2 10 2 2 2 2 10 8 10 10 8 2 8 10 10 10 10 2 2 10 10 2 10 2 2
left_child=1 5 3 8 -5 -1 7 -2 9 10 -3 -11 -10 17 -15 -16 -14 -9 19 -7 -21 22 25 26 -25 28 -24 -27 -4 -22
right_child=6 2 21 4 -6 18 -8 13 12 11 -12 -13 16 14 15 -17 -18 -19 -20 20 29 -23 23 24 -26 27 -28 -29 -30 -31
leaf_value=0.029754150922017872 0.022533284348460251 0.0003400627755518741 0.0364790138935637 -0.011122084681978887 -0.00060654269380189729 -0.01352836647430878 3.461938785466937e-05 0.010511294892844577 -0.013519656535656755 0.034074705052546644 0.058381875248712967 -0.012556203287281733 -0.009131745325225522 0.027237112240410085 -0.029051191859986204 0.0058747816964802926 0.00201326661771308 -0.011701175926683249 0.0041411483804056305 0.027474722661159693 -0.0014128318149223087 -0.006498057397879382 0.0025791713869346496 0.015370523545994446 0.0017248531627452161 0.012103166648647102 -0.0044333393741185093 -0.016794942467929359 0.011162852723131302 0.0081951485098574472
leaf_weight=55.846341006457806 148.69109240174294 59.025079924613237 55.427680745720863 1591.1941203996539 578.17472262308002 206.82703699544072 2394.3892331458628 91.758444495499134 350.98062913864851 31.28417020663619 48.899268858134747 129.03142585605383 373.96206680685282 97.08470381051302 28.04259367287159 1808.5316300354898 1081.874417245388 214.78297774493694 2401.6038446687162 52.924699828028679 2310.4866487458348 722.31700729951262 999.00569149851799 269.81407687067986 1870.5095602124929 59.021900579333305 2755.0993659980595 85.15653458237648 264.77679759263992 325.63941868394613
leaf_count=358 815 359 229 14511 4071 1076 13400 438 2934 188 349 929 2980 432 148 9148 7078 999 12866 275 14645 4730 6758 1822 11178 252 20961 455 1163 1943
internal_value=-9.09479e-06 -0.000873428 -0.00214511 -0.00510229 -0.00832246 0.0018163 0.00300369 0.00597707 -0.00173194 0.00892883 0.0269602 -0.00328318 -0.00332036 0.00486727 0.0064396 0.00532435 -0.000851807 -0.0050299 0.00151565 -0.000661359 0.000331846 -0.000371688 0.000324665 -0.000379939 0.00345283 0.00925628 -0.00256625 -0.00494246 0.0156544 -0.000222167
internal_weight=21462.2 16678.9 11325.6 4244.43 2169.37 5353.33 4783.28 2388.89 2075.06 268.24 107.924 160.316 1806.82 2240.2 1933.66 1836.57 1455.84 306.541 5297.48 2895.88 2689.05 7081.13 6358.81 5894.43 2140.32 464.383 3754.11 144.178 320.204 2636.13
internal_count=137490 112110 80947 33399 18582 31163 25380 11980 14817 1825 708 1117 12992 11165 9728 9296 10058 1437 30805 17939 16863 47548 42818 40719 13000 2099 27719 707 1392 16588
is_linear=0
shrinkage=0.03


Tree=87
num_leaves=31
num_cat=0
split_feature=22 17 72 28 63 74 74 76 12 0 31 55 47 74 33 74 62 83 74 52 52 52 31 55 8 74 62 14 74 14
split_gain=60.2852 62.8898 58.3713 71.8756 43.6847 48.3818 57.0417 42.5268 42.328 42.8138 38.575 36.9641 34.7434 37.9272 52.1524 54.8209 37.6639 44.3564 35.0765 39.9981 34.2395 33.7917 30.8932 30.1964 28.6493 26.1124 25.9367 25.224 24.6261 23.6582
threshold=0.88157894736436127 -0.065693430662049065 4125314200.0000005 0.053097345132621196 -0.091144196390980564 24286850.000000004 -8158749.9999999991 0.10810761849481164 0.066815476190476203 -0.037625981730542317 88.551002675423533 99.999999984944509 0.012987012986521057 13092900.000000002 40.887659168929304 -1434749.9999999998 9.2397570184398337 0.0020154209305964757 228164850.00000003 0.0078378534242024862 0.0085043365440054287 0.0055937428439623363 6925.9977037081362 35.714285711011918 0.017458871290536592 950225950.00000012 0.2811067260084848 -0.22654985841451566 430650450.00000006 -0.033898305097026731
decision_type=10 10 2 8 2 2 2 10 10 8 2 10 10 2 2 2 2 10 2 10 10 10 2 10 10 2 2 8 2 10
left_child=1 8 4 -4 5 6 20 -6 9 -1 28 22 13 14 15 -2 -16 -18 19 -15 -3 -12 27 -5 -10 -26 -14 -11 -7 -8
right_child=12 2 3 23 7 10 29 -9 24 11 21 -13 26 18 16 -17 17 -19 -20 -21 -22 -23 -24 -25 25 -27 -28 -29 -30 -31
leaf_value=0.010206331286903491 0.03106054374122165 -0.010068186895856984 0.048490231177697629 -0.0096229593302139763 -0.0016362975487835675 -0.020631062097470572 -0.007741385195685375 -0.018415483320247009 0.0023007972625205008 -0.007305415438205445 0.032359062172147422 0.022527830130180101 -0.015943371255214459 0.066406855451649344 -0.013764449593834485 0.00017898262088025409 -0.013199851764932007 0.027878574183905731 0.0013911936829787304 0.022332209633926379 0.010045335643655375 0.0012166896386703503 -0.014597033458391797 0.0051338300168610419 -0.0043580170955299508 0.0035419850199371115 0.003112985066868767 0.0017842320837511247 0.0057539881532768233 -0.01820713679413306
leaf_weight=532.02412381023169 110.29765033721924 150.39788824692369 30.862715419381857 149.52935989946127 3951.0163439475 116.97845705971122 285.56728339195251 139.85746889561415 1161.2018581852317 284.57641607522964 32.913865938782692 72.909617528319359 66.170317873358727 21.820019166916609 140.05315559729934 97.062218174338341 40.036835186183453 55.02062176913023 55.037580922245979 115.28369792550802 152.29797895997763 421.31709722429514 108.70433373004198 727.74379811808467 2631.644540168345 438.2172035574913 1480.4153428599238 7202.4663812965155 42.876151036471128 631.91547691076994
leaf_count=2365 538 1302 205 931 30066 1199 2200 979 8313 1374 262 360 495 120 815 459 233 310 327 615 1186 3178 600 4381 18074 2788 7788 39696 428 5903
internal_value=-8.89064e-06 -0.000544311 -0.00285613 0.0042213 -0.00394191 -0.00778835 -0.0112427 -0.00221503 0.000726297 0.00198377 -0.000912569 0.00141168 0.00471682 0.0106234 0.00575708 0.01669 -0.00390251 0.0105884 0.0217263 0.0297985 4.15792e-05 0.003546 0.00120565 0.00260706 -0.00171014 -0.00322854 0.00228595 0.00143741 -0.0135436 -0.0149649
internal_weight=21446.2 19265 6833.27 908.136 5925.14 1834.26 1220.18 4090.87 12431.7 8200.68 614.086 7668.66 2181.2 634.612 442.47 207.36 235.111 95.0575 192.141 137.104 302.696 454.231 7595.75 877.273 4231.06 3069.86 1546.59 7487.04 159.855 917.483
internal_count=137490 125790 52220 5517 46703 15658 10591 31045 73570 44395 5067 42030 11700 3417 2355 997 1358 543 1062 735 2488 3440 41670 5312 29175 20862 8283 41070 1627 8103
is_linear=0
shrinkage=0.03


Tree=88
num_leaves=31
num_cat=0
split_feature=13 29 36 15 71 85 86 0 21 50 86 50 71 74 52 74 47 49 48 72 7 67 56 51 71 78 50 38 51 8
split_gain=58.5364 56.9536 43.1667 34.1671 33.7427 38.4987 39.2684 37.6793 34.2155 37.7644 31.3853 29.4467 29.1189 26.1928 25.9744 36.6946 36.1375 25.798 24.2612 21.805 21.5889 20.2646 18.0861 18.39 17.1546 16.6697 16.2516 23.4239 16.1177 23.0178
threshold=0.62499999998730482 80.887075726722614 0.22452076366213883 -1.0555556428926137e-10 0.4311796536498777 0.02630022339895894 13.500000000000002 -0.0081190947044605926 0.098901098894859776 2.5071428843906953 14.500000000000002 6.9821428571428585 0.58968314586275228 83539700.000000015 0.013490532307835462 8770250.0000000019 0.035467983400069673 0.012276785714157834 1.0730078560965404 412926200.00000006 -0.052631578954135332 18.623380975657188 74.999999993802092 0.028776244310529293 1.0000000180025095e-35 2.5099963885522958 0.33928571428571436 -0.035002470470405438 0.0082706766917238841 0.011904761904655614
decision_type=10 2 2 8 10 10 2 10 10 8 2 8 10 2 10 2 10 10 8 2 8 10 10 10 8 10 10 2 10 10
left_child=2 25 3 26 7 14 19 10 9 -9 20 28 13 24 15 -6 -16 -10 -12 -7 -5 -8 23 -14 -4 -2 27 -1 -3 -30
right_child=1 11 12 4 5 6 21 8 17 -11 18 -13 22 -15 16 -17 -18 -19 -20 -21 -22 -23 -24 -25 -26 -27 -28 -29 29 -31
leaf_value=0.032979664154018429 -0.016122696712163223 -0.019820302541991044 0.0055924274713806919 0.011073860171692426 -0.0032094084249215966 0.00071195479864021439 -0.0029731597716325161 -0.0066681091462540048 0.0059398879868764916 -0.00065596062912315941 -0.0067080305180096441 0.00079878375552866086 0.033401933822994015 0.0027203059029220402 0.007501795066003708 0.0063350341025145444 -0.0039053119027873929 -0.0010136510067489503 0.010721789801774292 -0.0059353322990891542 -0.00056833323186068687 0.0049710214204566625 -0.0032519064857478813 0.00022101691456070228 0.022243506442545313 0.012006934710062589 -0.0010610376093151447 0.0043763618219530495 0.00048884726849443365 -0.0064948036473329732
leaf_weight=60.673977561295033 344.33114199340343 60.142363950610161 76.830837436020374 155.21166834980249 842.45879173278809 722.12016028165817 379.60978325456381 2070.032396838069 590.683654114604 1724.8710034117103 82.665037676692009 1650.5590887889266 26.230410173535347 158.417864844203 1932.2922775894403 634.6553048491478 286.06224036216736 2546.4414320290089 512.11231508851051 1148.7936984598637 1737.9863878488541 1197.0622169002891 236.86902996897697 34.001676142215729 215.12366082519293 19.238757763057947 41.657204508781433 45.311547860503197 638.98470145836473 1260.6448434069753
leaf_count=366 7242 736 411 670 5863 4440 2135 15192 3067 10436 468 10626 116 752 9235 4277 1362 13846 2726 6761 9909 6901 1230 183 1247 344 240 190 6075 10444
internal_value=-8.70614e-06 -0.00329456 0.000739208 0.000423292 0.000294585 0.00184956 -0.000429915 -0.000884286 -0.00202114 -0.00393713 0.00228158 -0.00215181 0.0077879 0.0125889 0.0039765 0.000890929 0.00602837 0.000296138 0.00828708 -0.00336905 0.000389897 0.00305576 0.000482241 0.0150294 0.0179059 -0.0145971 0.0147427 0.0209343 -0.00463753 -0.00414509
internal_weight=21432.1 3973.9 17458.2 16710.7 16563.1 7143.05 3447.59 9420 6932.03 3794.9 2487.98 3610.33 747.473 450.372 3695.47 1477.11 2218.35 3137.13 594.777 1870.91 1893.2 1576.67 297.101 60.2321 291.954 363.57 147.643 105.986 1959.77 1899.63
internal_count=137490 35467 102023 98084 97288 40974 20237 56314 42541 25628 13773 27881 3939 2410 20737 10140 10597 16913 3194 11201 10579 9036 1529 299 1658 7586 796 556 17255 16519
is_linear=0
shrinkage=0.03


Tree=89
num_leaves=31
num_cat=0
split_feature=13 33 36 50 7 71 31 45 32 62 86 45 71 76 42 12 74 52 77 68 21 70 74 8 49 74 77 40 73 20
split_gain=55.2218 52.5276 40.7912 32.4535 32.3817 33.5988 36.4599 33.3035 36.2618 43.3887 32.7763 28.5792 27.629 27.3057 27.1299 26.5958 25.0373 22.2168 21.4188 29.3056 24.0242 19.8811 19.4017 17.0755 23.5555 25.3766 19.1604 21.7996 18.9502 23.0249
threshold=0.62499999998730482 67.285113373146643 0.22452076366213883 6.9821428571428585 -0.052631578954135332 0.43768228336607129 42.56912335354928 -9.1497872891033158e-05 -5.8590851786943777e-07 0.20859595423711144 13.500000000000002 -0.0048394685328858591 0.58968314586275228 -0.037195620775096486 0.077068690313152458 0.21913109756097562 83539700.000000015 0.00466780866288406 0.024897818656712381 -99.999999999652758 0.12745098038386685 2.8620937675430063 -1100199.9999999998 0.011904761904655614 0.0092024539876877209 832450.00000000012 0.0044233900759544581 -0.12816131168372322 18.41750872840155 -0.0069930069971733668
decision_type=10 2 2 8 8 10 2 2 2 2 2 2 10 10 2 10 2 10 10 8 10 10 2 10 10 2 10 2 2 10
left_child=2 21 4 23 14 7 13 8 11 -10 15 -6 16 -7 -1 -8 -4 -12 19 -9 -20 -2 -15 24 25 -3 27 -26 29 -25
right_child=1 3 12 -5 5 6 10 18 9 -11 17 -13 -14 22 -16 -17 -18 -19 20 -21 -22 -23 -24 28 26 -27 -28 -29 -30 -31
leaf_value=0.014309261892438944 -0.021083089889830361 -0.026796160837897966 0.017505489871269934 0.00077476785808901043 0.00020194179941203301 -0.0093944614594080062 0.00081185540473581203 -0.026253371399025057 -0.01047565833448591 0.00035834460727343875 -0.011637586847886943 -0.009556686150747876 0.00047075192633585475 0.013049210029631912 -0.0091093389576268093 -0.0051416843455199821 0.0026390241817050514 0.0034621976089700261 -0.013863928738451116 0.0015081669231149818 -0.00024796213339815961 0.0045767043694507062 0.0046379216221656798 -0.011371335246257252 0.034041709125759094 0.0055374556224958606 0.012562267273448511 -0.0024591172847171399 -0.0033397230274892181 0.018412977528193278
leaf_weight=248.04622657597065 188.59111836180091 58.48499646037817 289.75832719355822 1653.1285897605121 2425.9256238639355 85.443725019693375 1783.1044933050871 33.468886628746986 960.85312288627028 507.71165122836828 89.311543095856905 302.85666050389409 297.15565869212151 426.190414249897 53.325993359088898 1085.1336446627975 158.42884148657322 2981.3207900077105 182.46731388196349 4626.9504323750734 321.49047996848822 31.133535817265511 592.74722501635551 659.25797576084733 14.194518454372881 33.843759052455425 108.59563818946481 471.76443198695779 721.30780689045787 23.270367287099361
leaf_count=1141 4321 737 1658 10654 14469 387 10696 163 7155 3164 887 1978 1529 1894 232 6938 752 16938 1139 26429 1726 522 2748 7216 114 340 974 4513 5907 169
internal_value=-8.482e-06 -0.00320477 0.00071742 -0.0023647 0.000410654 0.000231144 0.00179642 -0.000946227 -0.0029308 -0.00673039 0.00086454 -0.000883135 0.00757957 0.00679961 0.0101391 -0.00144049 0.0122746 0.00301839 0.000666409 0.00130256 -0.00520151 -0.0174294 0.00816839 -0.0048477 -0.000964684 -0.0149796 0.00122816 -0.00131908 -0.00674344 -0.010326
internal_weight=21415.3 3963.57 17451.7 3743.85 16706.3 16405 7043.25 9361.72 4197.35 1468.56 5938.87 2728.78 745.343 1104.38 301.372 2868.24 448.187 3070.63 5164.38 4660.42 503.958 219.725 1018.94 2090.72 686.883 92.3288 594.555 485.959 1403.84 682.528
internal_count=137490 35467 102023 30624 98084 96711 40488 56223 26766 10319 35459 16447 3939 5029 1373 17634 2410 17825 29457 26592 2865 4843 4642 19970 6678 1077 5601 4627 13292 7385
is_linear=0
shrinkage=0.03


Tree=90
num_leaves=31
num_cat=0
split_feature=28 20 74 37 45 51 42 30 31 17 14 28 6 77 74 18 66 21 8 17 52 19 4 39 90 83 21 74 28 83
split_gain=52.8046 39.569 38.1795 88.1961 72.5691 82.2477 127.018 82.3924 71.5291 67.0385 63.1204 62.7859 64.9055 58.166 55.0494 50.3504 46.1973 46.0406 45.3566 41.6686 31.4275 30.9929 54.4254 35.2645 30.8461 35.6264 30.7403 30.5403 29.1898 27.8667
threshold=0.13363062132509931 -0.033613445379572442 9652850.0000000019 170.37810516690885 -0.01142770338521548 0.013888888888310186 -0.0054679319477657353 -9.983730508977827e-11 248.77285088097068 -0.031914893618823541 -0.074074074081790106 0.12102542715576768 0.027793871507660554 -0.0002209974613746661 -8158749.9999999991 0.12499999995898449 30.769230767455625 0.049999999992968787 0.019607843136966552 -0.028901734106010876 0.0076880422627701407 0.36285403049885601 0.14315852923447861 9.1626210294976875 1.0000000180025095e-35 -0.00047095258229904824 0.14285714283990938 138660600.00000003 0.086354836396479451 0.00017361061852638415
decision_type=8 10 2 2 2 10 2 2 2 10 10 10 10 10 2 10 10 10 10 10 10 10 10 2 2 10 10 2 10 10
left_child=2 21 10 4 5 6 -4 -8 11 -10 -1 12 27 28 -12 16 18 -18 -16 -15 -3 22 23 -2 29 -26 -17 -5 -11 -7
right_child=1 20 3 8 -6 24 7 -9 9 13 14 -13 -14 19 15 26 17 -19 -20 -21 -22 -23 -24 -25 25 -27 -28 -29 -30 -31
leaf_value=0.0098910830154914677 0.024877966368825458 0.035154888416824827 -0.0070213801727122332 0.053154349598382757 -0.0075727377305042538 -0.0020755477160882361 0.080865906424465103 0.019780902865615693 -0.0014579347254522145 0.065394005163126392 -0.00048940902496864337 -0.022284966345693075 -0.0027592714349240063 0.045701557465416535 -0.0062009848838263442 0.04357753098892423 -0.018386076215253028 -0.0070269375693291529 0.013716032048035594 0.0036879115233639909 0.0047588131050322275 -0.0010198299138004059 0.027400181198103803 0.0014228530984620803 -0.0065846103468908219 0.017780946230961457 0.00017461768210348639 0.021948344525851204 0.02353706350972264 -0.023309217045347448
leaf_weight=268.40540159866214 57.260093383491039 30.249579809606075 63.992062348872423 74.44378462433815 1323.2500916384161 238.58425517752767 38.068290323019028 42.553551770746708 683.30311603099108 25.249713957309723 1398.9281938709319 22.475223980844021 40.01089234650135 22.914508625864983 761.51557766646147 25.009301982820034 614.29580618813634 678.54902739077806 117.92899721115828 194.89861696958542 1679.0035210140049 6359.070169903338 73.749044559895992 6150.0893549732864 91.952707316726446 128.02422811836004 34.074524134397507 49.330308452248573 40.311638720333576 71.792023740708828
leaf_count=1411 335 151 518 549 11648 1951 254 453 4423 169 10204 143 268 154 6083 122 6420 5431 760 1276 8600 37024 385 35574 766 1069 175 336 227 611
internal_value=-8.48582e-06 0.00103592 -0.00213455 0.000320284 -0.00349066 0.00450704 0.024479 0.0492983 0.00692513 0.00362998 -0.00411903 0.0239 0.0303527 0.015871 -0.00515813 -0.00808225 -0.00882908 -0.0124366 -0.00351426 0.00831023 0.00531874 0.000456163 0.00195088 0.00164367 -0.000968994 0.0075986 0.0190159 0.0410168 0.0404428 -0.00705575
internal_weight=21399.3 14349.4 7049.86 3151.16 1998.22 674.967 144.614 80.6218 1152.94 966.678 3898.71 186.26 163.785 283.374 3630.3 2231.37 2172.29 1292.84 879.445 217.813 1709.25 12640.2 6281.1 6207.35 530.353 219.977 59.0838 123.774 65.5614 310.376
internal_count=137490 82069 55421 24815 17270 5622 1225 707 7545 6249 30606 1296 1153 1826 29195 18991 18694 11851 6843 1430 8751 73318 36294 35909 4397 1835 297 885 396 2562
is_linear=0
shrinkage=0.03


Tree=91
num_leaves=31
num_cat=0
split_feature=13 29 8 3 7 21 45 86 21 32 62 15 50 74 37 47 24 17 67 20 24 47 59 43 16 11 74 74 36 75
split_gain=52.0459 81.1946 67.73 53.2804 52.3826 45.0041 39.0304 38.1694 36.4606 37.5571 42.3085 35.2842 33.451 32.9282 30.5782 37.689 29.0897 30.3258 28.3629 27.6262 27.4719 27.0253 26.4516 31.3895 25.8221 24.5938 24.0041 23.9559 23.531 23.2697
threshold=0.068965517239595736 81.83692366968512 0.019607843137198839 0.043018057503506298 -3.9230785287003294e-11 0.19999999997709098 0.073775222960973066 14.500000000000002 0.097593152712163636 -5.8590851786943777e-07 0.79235473206185258 0.099999999917500096 4.2247145516531814 14578800.000000002 28.904471399369587 0.013880855986110717 0.20083280612385673 -0.011560693645903562 76.21557806650236 -0.15740740741325868 0.033189839182153451 0.0062747548212652151 1.0000000180025095e-35 -0.011215543661080072 0.58333333331145842 0.12500003367661935 -146389599.99999997 -276199.99999999994 -0.034877068592434494 0.00096984076592046195
decision_type=10 2 10 8 10 8 2 2 10 2 2 10 10 2 2 10 10 10 8 8 8 8 8 2 10 10 2 2 2 10
left_child=2 19 3 4 5 16 18 25 9 20 -11 -8 13 27 29 -16 17 -1 24 -2 -6 -7 23 -9 -5 -3 -13 -4 -20 -10
right_child=1 7 12 6 8 21 11 22 14 10 -12 26 -14 -15 15 -17 -18 -19 28 -21 -22 -23 -24 -25 -26 -27 -28 -29 -30 -31
leaf_value=0.003263848279913177 -0.0024047672956159943 -0.0039178096161223861 0.012561753751880993 0.0034332053621428083 0.0046614289442613354 -0.016059410048015737 0.026117383339337344 0.0088376832996421729 -0.016101578678752768 -0.010476501958140911 0.0042683341203593479 0.022981635801782765 0.00093819568847942772 0.0071421073421515146 0.0070324996073181699 -0.00094058568777920237 0.014178295646154764 0.027904716837709585 0.031818961847617871 -0.014319010173025162 -0.0032446483314591411 -0.00067645158000589358 0.007817427630496282 -0.0042752061303902118 -0.015366306757832142 -0.00023878068397914859 0.0057558798739254236 0.030759010644701469 0.0030571560322204508 0.0096920153578514481
leaf_weight=1817.5781267210841 253.24169685691595 2833.4331380575895 158.27759183943272 113.96199072152376 492.70084191858768 115.91886124759912 102.98237760365009 235.71295249089599 150.24201478809118 1053.0614510960877 209.14994888007641 80.345953345298767 372.25684931129217 472.9310169890523 802.63751228153706 1585.8497570902109 284.12681449949741 45.156912267208099 25.724585294723511 575.28760518878698 1985.8677292838693 855.59372894465923 689.9931014329195 535.96048102527857 152.78425810486078 3870.2881447300315 724.80933487415314 113.78876129537821 638.55242377519608 38.873962230980396
leaf_count=9700 3086 21808 873 519 3836 550 458 1457 743 9461 1308 491 1859 2499 4239 8264 1363 231 109 8820 11751 4066 4393 3616 822 23943 3486 626 2929 184
internal_value=-8.20442e-06 -0.00174546 0.00125234 0.00055362 -0.000356643 0.00282399 0.00522347 -0.000836477 -0.00192708 -0.00381856 -0.00802945 0.00964527 0.00829476 0.0119604 0.000817201 0.00173929 0.00524809 0.00387746 0.000901428 -0.0106883 -0.00167059 -0.00252962 0.0035539 -0.000259647 -0.00734056 -0.00179458 0.00750492 0.0202683 0.00422164 -0.0107607
internal_weight=21387.1 8993.92 12393.2 11275.9 9436.76 3118.37 1839.16 8165.39 6318.38 3740.78 1262.21 908.138 1117.25 744.997 2577.6 2388.49 2146.86 1862.74 931.023 828.529 2478.57 971.513 1461.67 771.673 266.746 6703.72 805.155 272.066 664.277 189.116
internal_count=137490 67123 70367 64510 55696 15910 8814 55217 39786 26356 10769 4435 5857 3998 13430 12503 11294 9931 4379 11906 15587 4616 9466 5073 1341 45751 3977 1499 3038 927
is_linear=0
shrinkage=0.03


Tree=92
num_leaves=31
num_cat=0
split_feature=13 29 22 20 74 74 0 74 29 19 77 47 82 72 21 40 7 81 20 50 34 74 24 21 50 1 69 23 50 82
split_gain=49.5154 50.0148 36.6105 45.4773 50.2678 90.6231 44.9113 37.0472 35.2067 33.42 32.6052 28.1725 31.1049 28.7563 27.4604 27.2479 27.108 27.0395 26.1683 25.7206 24.5289 40.8816 22.7318 21.8619 38.7292 25.2075 21.4466 20.4904 19.0938 17.6693
threshold=0.62499999998730482 80.887075726722614 0.666666666625926 -0.088983050848499931 73892350.000000015 88782350.000000015 -0.019223378466268589 113293250.00000001 37.006874905194401 0.33333333332732301 -0.010040836151081327 0.035036759035189831 -0.0058154535187757983 2240350.0000000005 0.56012737954513425 0.0058041938031170312 -0.071428571478316313 -0.0012304791756711077 -0.074074074074212667 6.9821428571428585 0.10799863810811917 33285750.000000004 0.38977656305844677 0.56012737954513425 0.2678571428571429 0.0063391601366284975 1.0004114744014214 0.36956270117474127 3.0843862806047717 0.023688787874103005
decision_type=10 2 10 10 2 2 10 2 2 10 10 10 10 2 10 2 8 10 10 8 2 2 10 8 8 10 10 10 10 8
left_child=2 -2 3 16 6 18 -5 -7 10 -4 -8 12 -11 26 -13 -15 22 -9 -6 -3 23 29 -1 25 -25 -18 -14 -10 -16 -22
right_child=1 19 9 4 5 7 8 17 27 11 -12 14 13 15 28 -17 20 -19 -20 -21 21 -23 -24 24 -26 -27 -28 -29 -30 -31
leaf_value=0.017540526607558275 -0.013857880221209217 -0.0043256146188392066 0.022292307235064125 0.0086907050992298101 0.066116732338075704 -0.023273423869459096 -0.02109237767417204 -0.0068130852315467097 -0.0048073058282401358 0.026531418164512734 0.012516782447697883 -0.0086226331872411369 0.00045469306335496531 0.018383251894040411 0.021230932051390112 0.0044869032877717869 0.0017835204204646629 0.0070373349051055965 0.020426271599456369 0.00076492852242321396 0.011634970359698679 -0.018618165901685611 -0.012569711539301986 -0.016924585417589514 -0.0012344459600257553 -0.0025836929139741471 -0.015852171374481545 -0.011348290111421064 0.00051001306358113745 0.036217856027455447
leaf_weight=140.58114157617092 349.78193516284227 1942.5518206506968 79.202302917838097 174.7215697914362 22.498398587107658 52.908267349004745 31.183640994131565 183.46310546994209 789.19690068811178 52.841906949877739 133.74729476869106 351.62549858540297 862.76046405732632 133.83579333126545 44.053436197340488 2276.2857375666499 7050.0620437599719 404.74064386636019 24.713409882038832 1651.0304242148995 73.522889293730259 28.775281570851803 25.978648230433464 155.87608624994755 1462.3171888627112 1429.4932789392769 78.226072777062654 961.09865141659975 362.17954212427139 41.909884683787823
leaf_count=686 7586 17255 413 1005 127 427 183 1155 6492 234 693 1965 4816 802 199 11981 39084 2741 238 10626 346 143 114 901 8155 8409 404 8188 1891 231
internal_value=-8.00601e-06 -0.00304345 0.000678782 -0.000100832 -0.00351033 0.00351476 -0.00582605 0.000526294 -0.00715579 0.00310304 0.00605537 0.00273186 0.00389669 0.00353107 -0.00249428 0.00526713 0.000809204 0.00270801 0.0431817 -0.00198643 0.000613019 0.0128561 0.0127793 0.000436619 -0.00275721 0.00104672 -0.000913133 -0.00840514 0.00281105 0.0208204
internal_weight=21371.2 3943.36 17427.8 13186.8 2778.27 688.324 2089.95 641.112 1915.23 4241.01 164.931 4161.81 3403.95 3351.11 757.858 2410.12 10408.5 588.204 47.2118 3593.58 10242 144.208 166.56 10097.7 1618.19 8479.56 940.987 1750.3 406.233 115.433
internal_count=137490 35467 102023 79318 21249 4688 16561 4323 15556 22705 876 22292 18237 18003 4055 12783 58069 3896 365 27881 57269 720 800 56549 9056 47493 5220 14680 2090 577
is_linear=0
shrinkage=0.03


Tree=93
num_leaves=31
num_cat=0
split_feature=55 36 39 22 30 70 49 83 77 83 87 31 77 74 35 17 39 28 37 50 50 20 87 50 66 82 31 83 75 52
split_gain=48.1946 40.9142 54.4545 49.4598 44.4183 58.7194 41.107 50.9101 46.1995 48.9586 45.7002 44.4568 40.7764 48.854 47.6153 41.782 36.6366 34.8125 37.2567 33.8373 30.6342 30.4788 27.7597 41.7093 31.7934 27.6001 26.9698 24.4602 24.3828 23.6802
threshold=90.71920757878928 -0.024442661004612894 13.708679282450506 0.666666666625926 -9.983730508977827e-11 0.90843209103884937 0.0090586022319799793 0.0049190699139351384 0.0007733293048558025 0.00062902973065509353 3.5000000000000004 179.42635115333681 0.00054166442399449909 9652850.0000000019 50.67147416952546 -0.03809523810210879 968.8920429741122 0.2555555555537809 31.285942262855528 3.2190257481166298 0.33928571428571436 -0.29653714026704509 2.5000000000000004 0.23214285714285718 87.499999991441413 -0.00052651124818863459 25.020324810993298 -0.0070054642971594814 0.0031099568825905849 0.010614750894317853
decision_type=8 2 2 10 2 10 8 10 10 10 2 2 10 2 2 10 2 10 2 8 10 10 2 10 10 10 2 8 10 10
left_child=1 2 20 4 12 17 7 8 26 -10 -8 28 13 15 -15 -3 -13 19 -19 -6 -1 -14 23 -4 29 -24 -5 -2 -12 -25
right_child=27 3 22 6 5 -7 10 -9 9 -11 11 16 21 14 -16 -17 -18 18 -20 -21 -22 -23 25 24 -26 -27 -28 -29 -30 -31
leaf_value=0.02848378940516625 0.024596774279840736 0.00052820989778484806 -0.011656168148805549 0.035113131233998646 -0.011698921260875423 0.00030837728730473424 -0.00093943500462221989 -0.024976752402523505 -0.00095725542596834725 0.042096137590721193 -0.0078248504039515852 0.022606278119344549 -0.014397016726227247 0.024852814738826286 0.0042395438940100606 -0.011490503578646803 0.0035797128030464059 0.026255599553182563 -0.0024879262448675252 -0.0043940827941705857 -0.000319113734434116 -0.0026005387270739075 -0.003309509391998049 -0.0023058929571346336 0.030916165432374184 0.0059840389545989265 -0.00044212006462197249 0.0036099042530521081 0.010896968788539763 0.0045604806907874502
leaf_weight=103.61735072731972 50.205175567418337 1380.9122838377953 167.43298143148422 21.65112791955471 1425.3846317380667 1312.0026462189853 3201.0896353386343 28.939098447561264 32.586422547698021 85.130221791565418 180.35515247657895 213.87337573617697 215.39585100486875 109.71178977936506 1153.7366292774677 319.66934454441071 159.58825043588877 44.693368077278137 361.66686572879553 957.12361743301153 48.37332446873188 2244.4339777231216 1599.2357414737344 549.54514277353883 37.113740749657154 349.49212455749512 124.8678368665278 2266.7421759590507 94.575254317373037 2519.4395484663546
leaf_count=578 229 8507 804 94 14424 10257 19100 138 234 454 1154 1252 1433 686 7696 2823 863 199 2467 6669 273 14511 9045 3403 184 1945 836 12466 597 14169
internal_value=-7.86365e-06 -0.00050517 0.00171201 -0.00137728 -0.00256751 -0.00492334 0.00135849 0.012168 0.0163262 0.0302451 0.000531517 0.00778844 -0.000785172 0.00158357 0.00605011 -0.00173469 0.0145151 -0.00738487 0.000722747 -0.00876869 0.0193551 -0.00364015 0.00119434 0.00288193 0.00367006 -0.00163902 0.00499396 0.00407637 -0.00135758 0.00332963
internal_weight=21358.6 19041.6 5374.25 13667.4 9524.73 4100.87 4142.66 293.175 264.236 117.717 3849.48 648.392 5423.86 2964.03 1263.45 1700.58 373.462 2788.87 406.36 2382.51 151.991 2459.83 5222.26 3273.53 3106.1 1948.73 146.519 2316.95 274.93 3068.98
internal_count=137490 124795 30401 94394 69672 34016 24722 1756 1618 688 22966 3866 35656 19712 8382 11330 2115 23759 2666 21093 851 15944 29550 18560 17756 10990 930 12695 1751 17572
is_linear=0
shrinkage=0.03


Tree=94
num_leaves=31
num_cat=0
split_feature=13 29 8 3 7 83 86 45 65 0 45 30 55 70 3 50 74 49 83 74 29 59 43 74 35 87 87 40 49 84
split_gain=46.6535 74.7862 62.8484 47.6539 47.3693 43.7548 35.8552 35.8074 40.8665 34.599 33.2347 39.3871 36.5861 34.301 31.2486 31.0632 30.8581 30.5556 28.6773 28.282 26.071 24.6567 29.2272 24.0198 26.1418 23.8368 27.5755 38.2178 27.962 23.2986
threshold=0.068965517239595736 81.83692366968512 0.019607843137198839 0.043018057503506298 -3.9230785287003294e-11 0.005119651258465416 14.500000000000002 0.073775222960973066 -0.00222886016660049 -0.066281701391200196 0.053194740527789171 0.001547303349957563 71.428571396428595 0.72714313360011051 -0.07823658003400534 4.2247145516531814 14578800.000000002 0.00691244239616471 -0.0041432258712426695 69937500.000000015 12.130312476856242 1.0000000180025095e-35 -0.011215543661080072 102945400.00000001 3866.7014810068617 2.5000000000000004 3.5000000000000004 0.13017651785757225 0.018433179723254547 -0.0086937860740008404
decision_type=10 2 10 8 10 10 2 2 2 10 2 2 10 8 10 10 2 8 10 2 2 8 2 2 2 2 2 2 8 10
left_child=2 -2 3 4 5 9 25 17 -9 -1 11 19 -13 14 -12 16 -4 -5 -19 -6 -20 22 -8 24 -10 -3 -27 -28 -29 -15
right_child=1 6 15 7 10 -7 21 8 23 -11 13 12 -14 29 -16 -17 -18 18 20 -21 -22 -23 -24 -25 -26 26 27 28 -30 -31
leaf_value=0.017324046087544964 -0.01030911815753649 -0.00031913642480959947 0.019465964867425051 0.023603643723877299 -0.0029615241693733757 -0.0096579642434653015 0.00851996931296292 0.027123895189493995 0.010857709098886561 0.0029002513248547897 -0.014018374209571813 -0.011060177993926465 -0.00023207248876109637 -0.00048769491394652046 0.0012490620740444754 0.00086065621912228781 0.006807199063974631 0.0082175073617440485 -0.023445497213906343 0.0033223681979380731 -0.0019682663760302479 0.0075677146388903266 -0.0041188642005977405 -0.0030066542379292714 -0.019696411275576028 -0.0067576389046685847 -0.0033994356081767877 0.039166904278175471 0.0064583973329399337 0.015297763913110149
leaf_weight=157.57273481041193 815.96298983320594 4156.1903583742678 274.6101510822773 49.00534950196743 2633.8932918943465 238.08769142627716 236.89053794741631 100.6172077357769 607.09206143766642 2721.9269964918494 135.76611641049385 870.42036289721727 415.28951945528388 127.26171384751797 1022.2249929606915 372.63534031063318 475.10741889476776 244.04261082410812 54.833716712892056 852.08976916968822 581.5199146270752 692.58479317650199 533.92349519208074 172.28576278686523 25.332087218761444 1430.9233667738736 862.08159417286515 25.581574991345406 215.42324164137244 244.99883486330509
leaf_count=751 11906 28373 1499 218 18277 1082 1457 434 3125 14077 641 6130 2496 583 5234 1859 2499 1069 327 5289 2765 4393 3616 762 114 9852 6122 142 1262 1136
internal_value=-7.68463e-06 -0.0016552 0.00118609 0.000510378 -0.000351041 0.00267275 -0.000787637 0.00493233 0.00917559 0.00369634 -0.00184758 -0.00308143 -0.00756789 0.00199739 -0.000548897 0.00795257 0.0114677 0.000790352 -0.000501436 -0.00142416 -0.00385752 0.00346381 -0.00022474 0.00689681 0.00959995 -0.00171841 -0.00401125 -0.000443013 0.0100902 0.00990643
internal_weight=21346.2 8969.56 12376.6 11254.3 9419.53 3117.59 8153.6 1834.73 905.327 2879.5 6301.94 4771.69 1285.71 1530.25 1157.99 1122.35 749.718 929.402 880.396 3485.98 636.354 1463.4 770.814 804.71 632.424 6690.2 2534.01 1103.09 241.005 372.261
internal_count=137490 67123 70367 64510 55696 15910 55217 8814 4435 14828 39786 32192 8626 7594 5875 5857 3998 4379 4161 23566 3092 9466 5073 4001 3239 45751 17378 7526 1404 1719
is_linear=0
shrinkage=0.03


Tree=95
num_leaves=31
num_cat=0
split_feature=13 29 36 15 71 85 86 1 45 50 26 15 47 52 50 71 68 64 72 86 71 5 53 17 28 1 59 59 72 2
split_gain=44.8102 45.7483 32.9464 27.6001 27.9325 33.2806 34.1844 31.7072 32.9567 30.052 25.9138 25.4299 24.1467 29.4598 23.5426 22.4771 21.5271 20.456 20.0629 19.5552 17.4998 18.1309 16.7637 16.3965 18.1935 16.0933 15.9084 15.0115 20.7706 16.9001
threshold=0.62499999998730482 80.887075726722614 0.22452076366213883 -1.0555556428926137e-10 0.4311796536498777 0.02630022339895894 13.500000000000002 -0.0081206605808816206 0.053194740527789171 2.799304280962263 0.16971087016913405 -2.4695023803644741e-11 0.044372294372168324 0.013490532307835462 6.9821428571428585 0.58968314586275228 -28.571428568367342 -21.237711704981447 412926200.00000006 14.500000000000002 1.0000000180025095e-35 0.307886557886558 0.043100946241597632 -0.10055865922164563 0.28421052631572225 -0.018854252119223421 -0.0095192786914956012 -0.003824105758825413 3243650.0000000005 -0.0098452931951853433
decision_type=10 2 2 8 10 10 2 10 2 8 10 10 10 10 8 10 10 2 2 2 8 10 10 10 10 10 10 10 2 10
left_child=2 22 3 23 7 12 18 17 9 -9 -4 -10 13 -6 -3 16 -12 -5 -7 -19 -18 -22 -2 24 -1 -14 -8 28 29 -16
right_child=1 14 10 4 5 6 26 8 11 -11 15 -13 25 -15 27 -17 20 19 -20 -21 21 -23 -24 -25 -26 -27 -28 -29 -30 -31
leaf_value=0.032032516853683891 -0.015233266460147421 -0.0041470303043018106 0.036946599071121224 -0.012757564564411121 0.00088292114135772126 0.00071001948648669456 -8.9301815510658424e-05 -0.0052973191803084661 -0.014863315392084723 -0.00043075034189642912 -0.010689981631884995 0.0025777285774420404 0.0048721197525040403 0.0064287176151108525 0.031575801990695755 -0.00062096299542532807 0.00138263188646484 0.00053622787822141726 -0.0056766439871393567 0.0058766233712526702 0.022569646740750945 0.0071223921646554134 0.01013219049469341 0.0026646489651313311 -0.00068657383201984896 -0.016107228675600941 0.0059263567637591894 0.0026667731157282199 -0.0058745979281700951 0.00085100100243685767
leaf_weight=54.23209835588932 316.94586816430092 1932.7583320885897 23.948455341160297 84.91235063970089 1474.3620367348194 720.94225315004587 825.01078287512064 2776.892784267664 78.171195104718208 1941.9798351675272 39.325228080153465 1504.165167696774 50.815763235092163 2080.7451559267938 23.742522537708282 291.04804266989231 97.880846701562405 2129.2275942340493 1141.9270795658231 868.95330161973834 164.91792698949575 119.71344400942326 24.494623616337776 68.238992497324944 20.849983684718609 89.545147337019444 757.44564584642649 1132.1273692399263 448.9495901465416 46.963712602853775
leaf_count=371 7280 17255 119 430 10139 4440 4637 19317 358 11597 208 7898 230 9921 166 1508 516 12023 6761 4691 948 640 306 310 115 447 4399 7045 3070 345
internal_value=-7.58495e-06 -0.00290243 0.000645342 0.000370526 0.000256246 0.0016702 -0.000450144 -0.000819422 -0.00203931 -0.00329571 0.00684914 0.00170536 0.00364743 0.00413052 -0.00190006 0.00578351 0.0102004 0.00167266 -0.0032043 0.00208646 0.0123782 0.0161309 -0.0133805 0.0134334 0.0230175 -0.00850998 0.00279013 0.000728228 -0.00348635 0.0115064
internal_weight=21331.2 3925.98 17405.3 16668.4 16525.1 7140.79 3445.33 9384.3 6301.21 4718.87 736.834 1582.34 3695.47 3555.11 3584.54 712.885 421.837 3083.09 1862.87 2998.18 382.512 284.631 341.44 143.321 75.0821 140.361 1582.46 1651.78 519.656 70.7062
internal_count=137490 35467 102023 98084 97288 40974 20237 56314 39170 30914 3939 8256 20737 20060 27881 3820 2312 17144 11201 16714 2104 1588 7586 796 486 677 9036 10626 3581 511
is_linear=0
shrinkage=0.03


Tree=96
num_leaves=31
num_cat=0
split_feature=28 74 31 45 51 42 31 17 34 82 74 2 18 39 28 48 28 22 20 29 51 21 43 66 63 15 66 26 57 40
split_gain=42.9125 47.4882 80.0187 84.875 78.7882 112.526 71.6045 79.2823 65.6846 57.7821 53.6638 76.2216 42.4104 40.7977 42.5535 111.754 43.9639 40.6351 39.769 36.3182 35.7567 34.7024 34.482 34.2883 41.4179 34.1687 33.2872 33.237 33.1728 32.836
threshold=0.11764705882286884 9652850.0000000019 170.58979709922411 -0.01142770338521548 0.013888888888310186 -0.0054679319477657353 248.77285088097068 -0.031914893618823541 -0.00012622444087961868 0.0017218766422694464 -5993149.9999999991 -0.019607822144930395 0.11111111101851857 118.04616522032397 0.059999999999100009 12.035714285714286 0.054545454544710749 0.31818181817097113 -0.20833333333369922 185.2253149522796 0.023268398268133862 0.038461538444896422 -0.0034451785706025024 29.999999999713641 10.526456515004169 -1.0555556428926137e-10 99.999999952272717 0.11108116201837046 37.499999970468757 0.053727972347950133
decision_type=8 2 2 2 10 2 2 10 2 10 2 10 10 2 10 10 10 8 8 2 10 10 2 10 2 8 10 10 8 2
left_child=1 10 3 4 5 -3 9 -8 -7 19 13 -12 23 20 15 16 -15 -9 -5 22 27 -19 -4 24 -13 -2 -27 -1 -28 -21
right_child=25 2 6 18 -6 8 7 17 -10 -11 11 12 -14 14 -16 -17 -18 21 -20 29 -22 -23 -24 -25 -26 26 28 -29 -30 -31
leaf_value=0.0089235527391053997 0.020742549786915299 -0.0056691369110861266 0.056665296982599096 0.040298143424266984 -0.00024574156669653242 0.083106881486242359 -0.0027709380101393604 0.056227800617884585 0.026408059847592466 -0.0091593737255950929 0.00828238299764383 -0.0068429867170541692 0.02358512279243884 -0.012638507357309857 -0.006259258075131946 0.051305273994936389 0.033449182411607617 -0.025236062478705235 -0.0087100348698570269 0.071398768189986625 -0.015727476432082325 0.017614654950594277 0.0063626700963675441 -0.014567688371830692 0.038526466390343288 0.00025618520962043822 0.031387363193036345 0.046116535276760663 0.0042156900148181287 0.028057232505374556
leaf_weight=317.54181176796556 76.001399971544743 57.146504253149033 15.195807956159113 14.121762156486509 379.91105546429753 30.714998066425323 510.2351243570447 21.956213027238846 47.842940859496593 33.987602353096008 225.58359762653708 601.60165186971426 31.60414419695735 101.44918398559093 811.98748716711998 43.161177113652229 21.762770012021065 17.657862029969692 1058.3210221864283 32.491521030664444 48.740127943456173 199.60366828739643 52.614610746502876 955.25213672220707 17.668978698551655 14056.046129666269 40.684986542910337 22.366381019353867 1439.1208489239216 34.34256624430418
leaf_count=2585 494 477 115 110 3313 189 3398 157 493 221 1361 5183 173 989 5738 287 185 143 9916 223 339 1258 418 9545 119 82174 188 115 7379 205
internal_value=-7.34788e-06 -0.00223394 0.000857214 -0.003217 0.00677358 0.0263045 0.00790369 0.00390949 0.0493801 0.0255098 -0.00465625 -0.00801169 -0.0103058 -0.000155402 -0.00342408 0.0103499 -0.00427019 0.0181231 -0.00802497 0.0342862 0.00805294 0.0140186 0.0183384 -0.0110025 -0.00548365 0.000806188 0.000707138 0.0115078 0.00498545 0.049914
internal_weight=21316.7 5704.86 2506.14 1588.06 515.615 135.704 918.085 749.453 78.5579 168.632 3198.72 1831.71 1606.13 1367.01 978.361 166.373 123.212 239.218 1072.44 134.645 388.648 217.262 67.8104 1574.52 619.271 15611.9 15535.9 339.908 1479.81 66.8341
internal_count=137490 47255 20636 14498 4472 1159 6138 4956 682 1182 26619 16381 15020 10238 7199 1461 1174 1558 10026 961 3039 1401 533 14847 5302 90235 89741 2700 7567 428
is_linear=0
shrinkage=0.03


Tree=97
num_leaves=31
num_cat=0
split_feature=13 33 57 28 35 29 29 34 28 28 28 20 39 75 38 38 51 26 74 20 17 50 31 45 70 8 31 17 74 75
split_gain=41.7536 43.8967 31.5805 31.9036 31.5492 41.4121 57.7489 54.2621 40.9195 36.6075 35.4691 34.9009 35.3657 33.7503 42.9605 30.645 55.9516 48.2488 27.4531 46.6339 29.402 25.5801 24.8245 20.2275 19.8973 16.6893 23.3121 21.4534 18.9644 18.1996
threshold=0.62499999998730482 67.285113373146643 99.999999894302007 0.59848484848212824 33.848100325124889 84.244844732299597 100.86085209873788 -0.011687104757226006 0.042674796747825976 0.059999999999100009 0.042674796747825976 -2.8991531397792866e-11 34.446903755034434 0.021644332236367945 1.0000000180025095e-35 -0.00011738508363556831 0.011471861471809329 0.10236220472380496 -77478699.999999985 -0.15623185249747321 -1.5749013204668924e-11 6.9821428571428585 77.925119099899788 0.04824058383347974 2.8620937675430063 0.011904761904655614 92.692908287433468 -0.04444444444754108 2334550.0000000005 0.024299193790892893
decision_type=10 2 10 10 2 2 2 2 10 10 8 10 2 10 2 2 10 10 2 10 10 8 2 2 10 10 2 8 2 10
left_child=2 24 4 -4 11 7 8 10 -7 -10 -6 12 13 14 -1 16 -8 -17 19 -9 -20 25 -12 -15 -2 26 -3 -28 -29 -27
right_child=1 21 3 -5 5 6 15 18 9 -11 22 -13 -14 23 -16 17 -18 -19 20 -21 -22 -23 -24 -25 -26 29 27 28 -30 -31
leaf_value=0.0053500704762713021 -0.020152952308487796 0.013222836065030677 0.026709014543935296 -0.0069075508383876676 0.035062002966081113 -0.026199529003336042 -0.0090303893971151357 0.037648558449484698 0.03757884381820132 0.0071268902282656818 0.0028148628833393522 0.025896936840464117 0.025139148978216428 0.0079039740456861955 -0.0032243024856622193 0.0051603453748145216 -9.6047912581772693e-05 -0.00074326170904704379 -0.006322665126863798 -0.0038918777225127837 0.017360691404847941 0.00072021095839898516 -0.0087289756893119165 0.030613462219926637 0.0060499631730494916 -0.0076386845747560316 0.0028699774413512933 -0.017966784483347511 -0.0021112201280932869 0.001950074687927244
leaf_weight=1169.2051593214273 174.85139887034893 95.548852644860744 79.564723588526249 36.420759111642838 27.579153195023537 31.183888778090477 757.79219820722938 34.683082021772861 35.809398978948593 1132.7375478893518 1286.940617389977 61.190200202167034 62.866198025643826 103.05954559892416 953.869314648211 2185.7173635549843 3745.9773120284081 2893.8161800280213 2424.4949670955539 75.571489341557026 47.111692242324352 1653.3470825180411 191.68707654625177 53.96849650144577 29.959498215466738 1170.0516007170081 300.3531283326447 114.77103872597218 166.12368978559971 209.12719710171223
leaf_count=5445 4321 960 539 204 172 200 5749 199 276 6540 6890 323 293 479 4560 13285 21565 15330 17937 453 226 10654 1118 240 522 11660 2732 1417 1569 1632
internal_value=-6.86793e-06 -0.00280604 0.000623076 0.0161586 0.000517668 1.89178e-06 0.000976871 -0.00256867 0.00717902 0.00809397 0.00195425 0.00370546 0.00311382 0.00249447 0.0014966 0.000199444 -0.00160165 0.00179698 -0.00520815 0.00936959 -0.00586318 -0.00205626 0.00131142 0.0158722 -0.0162947 -0.00428973 -0.000425411 -0.002693 -0.00864106 -0.00618219
internal_weight=21305.4 3914.13 17391.2 115.985 17275.3 14871.1 10783 4088.07 1199.73 1168.55 1506.21 2404.16 2342.97 2280.1 2123.07 9583.3 4503.77 5079.53 2581.86 110.255 2471.61 3709.32 1478.63 157.028 204.811 2055.98 676.797 581.248 280.895 1379.18
internal_count=137490 35467 102023 743 101280 89940 62945 26995 7016 6816 8180 11340 11017 10724 10005 55929 27314 28615 18815 652 18163 30624 8008 719 4843 19970 6678 5718 2986 13292
is_linear=0
shrinkage=0.03


Tree=98
num_leaves=31
num_cat=0
split_feature=45 1 71 68 43 55 30 3 74 27 12 18 46 74 39 49 43 35 74 83 14 45 83 49 74 74 50 21 31 29
split_gain=40.2711 51.0254 37.2751 34.7114 46.8581 36.1079 39.8669 34.3456 41.8506 35.5316 31.449 30.5204 27.207 40.8715 39.5897 30.6515 33.3565 28.0026 33.7438 38.8243 33.4032 24.3291 24.2534 22.7775 21.6429 22.0898 21.5966 21.5238 20.9135 27.1675
threshold=0.082089963185971851 -0.019607822144930395 0.42439875972202862 -57.142843940731815 -0.050244701191062606 66.666666533333412 0.0034246217369771075 -0.0059866454935433291 -158904599.99999997 0.23529411763667826 0.21913109756097562 0.22556390976890731 0.30000032697405138 -407899.99999999994 50.829640958298121 0.0090586022319799793 -1.8496876327822596e-06 266.06117736038033 19705700.000000004 -0.0019376567148753692 -0.043478260881695034 -0.013150658804731539 -0.00014217961053743081 0.022045855378984586 1128383312.0000002 169051000.00000003 4.8622011457170764 0.34003205128150155 38.691790205953758 56.244716484218706
decision_type=2 10 8 10 2 10 2 10 2 10 10 10 8 2 2 8 2 2 2 10 8 2 10 10 2 2 10 10 2 2
left_child=1 10 3 24 -5 6 -6 -2 27 -10 11 23 13 15 -15 16 -4 -14 19 -19 -20 -17 -7 -1 25 -3 -25 -9 -11 -30
right_child=7 2 12 4 5 22 -8 8 9 28 -12 -13 17 14 -16 21 -18 18 20 -21 -22 -23 -24 26 -26 -27 -28 -29 29 -31
leaf_value=0.0031749924202664286 -0.00065856000876547487 -0.00018669200854514969 0.011761227912980635 0.013356706696796915 -0.0049858632631874303 -0.0060498116027942013 -0.013362977028796299 0.045714415363255732 0.015275736313653778 0.010519102403727422 -0.0029452307962611239 -0.010622475683880616 -0.0022891411819321249 -0.0031381875229020547 0.030104419343372942 0.017555813379681963 0.041194204884101915 0.0071295277386800209 -0.00091671224317032304 -0.0030947697722204038 0.010409270232366437 -0.0054598545648759092 0.0024703203010375059 0.013768038959314985 0.0084840917528514522 -0.0063033201969569892 0.0028195267881103285 0.014735593366062765 -0.0077594012631359583 0.0029338792514628001
leaf_weight=927.17470775172114 1935.5179125256836 2718.8880748897791 86.129211273044348 120.47418256476521 1526.2156796529889 549.62728933990002 771.07749382406473 26.471454232931137 221.35158441960812 276.77690433710814 533.69526801258326 100.45880386605859 3420.3866446614265 391.09168765321374 34.12950799241662 74.572857189923525 58.838693514466286 437.29456785321236 373.38072624802589 1406.5530893839896 625.66462959349155 90.193414963781834 661.01929212734103 502.7515421397984 211.58139316365123 659.83257448300719 241.14017578214407 85.39748227596283 238.52146331965923 1986.9249071292579
leaf_count=4696 10279 17992 508 616 12700 3949 6898 135 1182 1301 3474 505 25386 2566 246 344 309 2445 2197 9101 3711 406 4444 2527 1422 4458 1210 491 1099 10893
internal_value=-6.64814e-06 -0.000707888 -0.00137941 -0.00289176 -0.00496087 -0.00559443 -0.00780351 0.0024208 0.00452337 0.00377869 0.00343107 0.00535428 0.000180356 0.00563715 -0.000398628 0.0139077 0.0239282 -0.000460282 0.00173906 -0.000665757 0.00617664 0.00498196 -0.0013971 0.00632232 -0.000799059 -0.00138361 0.0102315 0.0224327 0.00275475 0.00178346
internal_weight=21293.1 16522.2 14217 7218.72 3628.41 3507.94 2297.29 4770.96 2835.44 2723.57 2305.22 1771.53 6998.24 734.955 425.221 309.734 144.968 6263.28 2842.89 1843.85 999.045 164.766 1210.65 1671.07 3590.3 3378.72 743.892 111.869 2502.22 2225.45
internal_count=137490 112110 99698 52479 28607 27991 19598 25380 15101 14475 12412 8938 47219 4379 2812 1567 817 42840 17454 11546 5908 750 8393 8433 23872 22450 3737 626 13293 11992
is_linear=0
shrinkage=0.03


Tree=99
num_leaves=31
num_cat=0
split_feature=22 17 76 71 87 47 74 74 74 44 37 5 57 43 77 48 17 55 83 77 74 0 26 62 76 17 68 16 13 74
split_gain=40.1771 56.7607 47.4364 41.4594 40.6836 36.689 39.5656 44.7281 39.0574 44.7472 42.1062 41.42 35.4045 31.6696 37.1231 29.6778 30.8011 29.0606 28.1032 41.8436 27.9647 27.5017 26.7906 26.3808 28.696 26.3416 40.8844 34.6841 25.5615 23.3985
threshold=0.76666666664750016 -0.065088757397970973 0.12609586095150113 0.82374000820270332 2.5000000000000004 0.012880562060810749 14578800.000000002 413754250.00000006 -32012799.999999996 0.038118885346235427 32.871667071659807 -0.02027024822917772 52.631578889196682 0.0044066161574509719 -0.071818377116804083 0.29285730634416857 -0.23723381138896024 99.999999943910282 7.593141967607265e-05 -0.0034201940476250733 -870199.99999999988 -0.0081190947044605926 0.083333333332600318 1.7096377716925988 0.0085392378824786612 -0.10975609756911807 -18.918918918535422 0.66666666649277795 0.076923076922662745 7393900.0000000009
decision_type=10 10 10 10 2 10 2 2 2 2 2 10 10 2 8 8 8 10 10 10 2 10 8 2 10 8 10 10 10 2
left_child=1 4 3 21 12 6 8 -8 -2 18 20 -12 13 25 -15 16 -6 -17 -10 -20 -11 28 -16 29 -25 26 -1 -27 -3 -23
right_child=5 2 -4 -5 15 -7 7 -9 9 10 11 -13 -14 14 22 17 -18 -19 19 -21 -22 23 -24 24 -26 27 -28 -29 -30 -31
leaf_value=0.0028955379061396062 0.019080304146206904 0.0043161391066046818 -0.022888490442838732 0.00087673460318291301 0.036172828692895981 0.0010696120731224922 0.021758276285496026 -0.012544105817972892 -0.013613387288492328 0.026395773125827013 0.024021396149566623 -0.014842222405195761 -0.0020831370271030729 -0.026730612298900013 0.019511597245388514 -0.002626894275198167 0.0038540995852309181 0.024049221349205278 0.058500139839751643 0.01178283955504102 -0.0056268292422561993 -0.010011599729347504 0.0064518137419578587 0.0044229564943064417 -0.011970593401707657 0.00073778789598416181 0.017612981533721372 -0.011866226726696218 -0.010393054191323709 -0.0040208715899058981
leaf_weight=2523.9620449766517 122.81360416486859 480.41277369111776 106.59802571311593 1842.6640402898192 27.722364500164986 2905.3220886290073 249.72233883664012 38.833407111465931 29.002761911600828 52.109416723251343 26.333047352731228 257.47544172406197 1560.3130130954087 26.456287190318108 169.25818467885256 4208.8878046646714 361.3916178047657 36.065164394676685 19.215183582156897 126.96543843671679 44.851088479161263 1272.9936439357698 858.4563109241426 380.20646946132183 127.4792712032795 1793.4201351255178 181.33504913002253 219.63220947608352 135.43063427507877 1096.0036923512816
leaf_count=14396 728 3059 809 13937 122 16321 1438 271 202 258 130 1375 9475 142 1018 25563 1764 189 100 806 221 11819 4822 2383 803 11625 950 1433 971 10360
internal_value=-6.39204e-06 -0.000621363 -0.00316143 -0.0027625 0.000533615 0.00275676 0.00781461 0.0171042 0.00384168 0.000441768 -0.00532496 -0.0111541 0.00192425 0.00300814 0.00770789 -0.00166619 0.00625115 -0.00239394 0.0129521 0.0182999 0.0116462 -0.00468313 0.00862247 -0.00591467 0.000285218 0.00195608 0.00388929 -0.000641081 0.00106496 -0.00724415
internal_weight=21281.3 17408.7 5441.79 5335.19 11966.9 3872.64 967.322 288.556 678.766 555.952 380.769 283.808 7332.83 5772.52 1054.17 4634.07 389.114 4244.95 175.183 146.181 96.9605 3492.53 1027.71 2876.68 507.686 4718.35 2705.3 2013.05 615.843 2369
internal_count=137490 115640 44141 43332 71499 21850 5529 1709 3820 3092 1984 1505 43861 34386 5982 27638 1886 25752 1108 906 479 29395 5840 25365 3186 28404 15346 13058 4030 22179
is_linear=0
shrinkage=0.03


Tree=100
num_leaves=31
num_cat=0
split_feature=13 31 8 21 38 30 42 39 49 17 83 59 26 24 86 49 68 77 83 21 74 20 45 46 16 46 74 86 90 90
split_gain=38.7802 62.8838 58.0609 41.5682 45.1799 56.8046 57.6789 46.0619 44.9943 45.0718 41.7056 42.5518 34.0573 37.7109 32.4469 32.2304 29.9181 29.0147 28.1641 29.417 27.9161 26.8376 25.5587 25.3362 29.628 25.0287 29.9394 23.282 22.8497 26.3168
threshold=0.068965517239595736 82.797151005232479 0.019607843137198839 0.086466165412635312 0.14917273803685663 0.00089183230318512507 -0.049957143243623651 9.1626210294976875 0.012276785714157834 -0.075471698120475814 3.7698445714683712e-05 -0.017839462517680368 0.11403508771854802 0.050793448334142663 14.500000000000002 0.022689075630051906 -99.999999998229939 0.014555094446967532 -0.0062258339758738202 0.75999999994720024 -8957699.9999999981 -0.19298245615096951 -0.099779034991277535 1.7420959472656252 0.90697674417813701 4.7591639927455365 14578800.000000002 14.500000000000002 -1.0000000180025095e-35 -0.76942088429381317
decision_type=10 2 10 10 2 2 2 2 10 10 10 10 10 10 2 8 10 10 10 10 2 10 2 10 10 8 2 2 2 2
left_child=2 23 3 4 5 7 22 -1 9 12 -11 -12 13 -5 28 -9 -10 -6 -18 -20 -8 -14 -7 -2 27 26 -4 -25 29 -3
right_child=1 14 25 8 17 6 20 15 16 10 11 -13 21 -15 -16 -17 18 -19 19 -21 -22 -23 -24 24 -26 -27 -28 -29 -30 -31
leaf_value=0.025602368050925698 -0.014646463965006582 -0.00035614291445060312 0.018655958979364767 -0.0060125206827070735 0.022695705159721729 -0.0087738182668510023 0.0025883319930009312 -0.0020224286949112008 -0.01542009337416385 -0.0089794256031489276 -0.012112183798503474 0.010004455308673096 -0.017592869289718198 0.030444370825235642 0.0033480533151284703 0.0044013994599154055 0.01667130174023582 -0.0058923274882809384 -0.00028564434410179127 0.0063520970790232308 -0.012137108156501675 0.013471648122494411 0.022934157378889951 -0.0091388148670486745 0.031229092315003645 0.0011841179326948132 0.0061937516412085038 0.010160337773474698 -0.00022118904971390741 -0.006556502739421247
leaf_weight=59.859156481921673 411.26863233745098 1094.2032606974244 271.98723103106022 29.673390090465546 110.43344896286726 32.415676981210709 133.04191184043884 3369.4086301699281 98.384094774723053 178.7407643198967 88.687180928885937 616.35886982828379 34.278217867016792 164.89645230025053 1457.5599925145507 887.04664754867554 102.73754140734673 44.092871144413948 3518.1448041349649 723.48344036191702 864.27893969789147 85.075726479291916 72.494641169905663 337.52343659847975 19.262192793190479 371.95091647654772 483.81623169034719 66.469596821814775 4131.0071004927158 1412.4663385637105
leaf_count=382 7522 7474 1478 161 568 150 903 22822 470 1021 446 3118 153 771 9399 4417 446 199 17895 3572 6315 370 331 3808 205 1844 2535 754 28188 9773
internal_value=-6.23075e-06 -0.00151216 0.0010832 0.000430061 -0.00140704 -0.00186479 -0.00794003 -0.000311218 0.00224567 0.00740395 0.00392192 0.00720496 0.0171538 0.0248668 -0.000702927 -0.000682277 0.000853039 0.0145336 0.00122572 0.000847061 -0.0101691 0.00445301 0.0131182 -0.00934826 -0.00417065 0.00756877 0.0107012 -0.00593884 -0.0015933 -0.00385236
internal_weight=21271 8929.76 12341.3 11213.5 5573.07 5418.55 1102.23 4316.31 5640.46 1197.71 883.787 705.046 313.924 194.57 8095.24 4256.46 4442.75 154.526 4344.37 4241.63 997.321 119.354 104.91 834.524 423.255 1127.75 755.803 403.993 6637.68 2506.67
internal_count=137490 67123 70367 64510 36087 35320 7699 27621 28423 6040 4585 3564 1455 932 54834 27239 22383 767 21913 21467 7218 523 481 12289 4767 5857 4013 4562 45435 17247
is_linear=0
shrinkage=0.03


Tree=101
num_leaves=31
num_cat=0
split_feature=13 33 57 74 0 22 19 20 38 74 16 47 43 87 47 73 89 70 44 68 51 16 61 52 82 2 14 0 67 38
split_gain=37.2299 40.3026 28.046 29.2303 24.0079 26.0185 32.1086 31.6172 40.4106 31.8363 31.7736 25.0115 30.8962 24.5209 29.2376 23.2549 22.1752 19.1236 18.8486 18.2334 17.9301 18.2209 20.321 19.025 18.7086 17.9248 16.3706 15.9824 14.2787 14.0337
threshold=0.62499999998730482 67.285113373146643 99.999999894302007 55949400.000000007 -0.058741373644429822 0.666666666625926 0.33333333332732301 -0.088983050848499931 0.14917273803685663 73892350.000000015 0.99999999988194455 0.035036759035189831 0.18629914702788755 2.5000000000000004 0.012698412698295121 20.41226443810719 -0.78656609248549325 3.3300442119547409 0.44352204903200415 -99.999999998229939 0.031084656084531367 0.35294117645501738 -0.080743041177823813 0.0078378534242024862 0.0013081500978623969 -0.023239611574979221 -0.22654985841451566 -0.00708717577803225 20.175438595684607 0.1243901694775489
decision_type=10 2 10 2 8 10 10 8 2 2 10 10 2 2 10 2 2 10 2 10 8 10 10 10 10 10 8 10 10 2
left_child=2 17 4 -4 26 7 27 13 9 -9 -10 12 -8 19 -15 16 -3 -2 -13 -6 21 22 -17 -23 -25 -18 -1 -7 -29 -27
right_child=1 15 3 -5 5 6 11 8 10 -11 -12 18 -14 14 -16 20 25 -19 -20 -21 -22 23 -24 24 -26 29 -28 28 -30 -31
leaf_value=-0.0039221135537750394 -0.01935276913368765 -0.0061700542245251974 0.026424312560109724 -0.0053266925182416033 -0.0099209710892814943 0.0018576413952065909 0.0035455537829037279 -0.0044525941889606655 0.021800260367449451 0.0022546847578732592 -0.006812452744726351 -0.0059285575689345437 -0.017484958101754676 0.0040183217476061992 -0.0027974573494612379 0.016964684252460779 0.020178670395614981 0.0081404811375825389 0.0050027448871475784 0.0022125916978962901 -0.0052804609837204114 -0.0078108290071245484 -0.0084828393758888242 0.011881270882655443 0.0023607224792448122 -0.0024667605017563614 0.010965891990201721 0.046627474153857297 0.014678551607125175 0.0088187702187621717
leaf_weight=83.59622136503458 173.14511697739363 1392.2358642295003 73.861266016960144 39.395557209849358 112.85589229315519 26.298992939293385 3224.3049440905452 3165.545012768358 104.94424769282341 795.9458638690412 51.324337765574455 531.89116578549147 63.099317938089371 720.92628569528461 2626.1038779914379 32.190093882381916 36.316677216440439 25.464411593973637 192.37698312848806 5184.8151586800814 302.69156949594617 92.268112536519766 188.01293358951807 331.35177190974355 424.85233568400145 784.45592082291842 310.62183781713247 25.233984060585499 27.528730936348438 112.44474504143
leaf_count=391 4405 13553 508 235 564 136 17225 23025 531 5339 245 2921 309 4041 14747 208 283 438 976 29052 1899 676 1351 2260 2536 7211 1506 123 149 647
internal_value=-6.14681e-06 -0.00265642 0.000588473 0.0154037 0.000490126 0.000318525 0.00240034 -0.000348657 -0.002512 -0.00310398 0.0124002 0.00202355 0.00313578 0.00068164 -0.00132773 -0.00194595 -0.00377288 -0.0157896 -0.003018 0.00195172 0.00115031 0.00297779 -0.00468939 0.00497436 0.00654656 -0.000190628 0.00779928 0.0212173 0.0305971 -0.0010403
internal_weight=21256.1 3895.43 17360.7 113.257 17247.4 16853.2 4090.73 12762.5 4117.76 3961.49 156.269 4011.67 3287.4 8644.7 3347.03 3696.82 2325.45 198.61 724.268 5297.67 1371.37 1068.68 220.203 848.472 756.204 933.217 394.218 79.0617 52.7627 896.901
internal_count=137490 35467 102023 743 101280 99383 21839 77544 29140 28364 776 21431 17534 48404 18788 30624 21694 4843 3897 29616 8930 7031 1559 5472 4796 8141 1897 408 272 7858
is_linear=0
shrinkage=0.03


Tree=102
num_leaves=31
num_cat=0
split_feature=13 35 86 0 3 34 62 72 51 74 26 39 31 14 74 52 72 49 28 6 59 43 47 49 83 35 28 18 34 87
split_gain=35.329 58.792 44.176 34.553 30.8835 32.4181 49.4729 39.2866 30.5334 61.0558 33.5311 27.939 27.7381 27.5415 26.9214 33.1498 27.9737 26.9256 31.9529 25.4704 25.0003 39.0134 24.2084 22.8263 22.5128 22.0697 21.5881 20.4191 20.4144 19.4814
threshold=0.068965517239595736 61.061571075996916 14.500000000000002 -0.037625981730542317 0.043018057503506298 -0.00012622444087961868 -4.6689052624060413e-10 1066200.0000000002 0.0076530612242620274 73892350.000000015 0.094999999999643772 9.4267269838024976 84.386000267643794 -0.22654985841451566 -16212499.999999998 0.025696172226633323 232464300.00000003 0.0076282940360054815 0.24999999998854169 0.037756813417190734 1.0000000180025095e-35 -0.011215543661080072 0.018472906403821453 0.0079365079364756494 0.00067402129178071105 24.221704686451577 0.55072463767700908 0.19444444441956024 0.17561212686384445 2.5000000000000004
decision_type=10 2 2 8 8 2 2 2 8 2 10 2 2 8 2 10 2 8 8 10 8 2 10 8 10 2 8 10 2 2
left_child=3 -2 12 27 5 8 19 25 9 10 -5 -6 28 26 15 -13 -17 -16 -19 24 21 -4 -21 -15 -7 -8 -10 -1 -3 -14
right_child=1 2 20 4 11 6 7 -9 13 -11 -12 14 29 23 17 16 -18 18 -20 22 -22 -23 -24 -25 -26 -27 -28 -29 -30 -31
leaf_value=0.011391795786694324 -0.015454029836820787 -0.009451678247946016 0.009653569279509536 -0.012169544687168859 -0.015144313701659719 -0.012074428470812306 0.0063629568584410183 0.0017856144217376683 0.003434903886344686 0.041438171253308898 0.012957547752574069 -0.0083981158008310918 -0.0002196991419104138 0.0093946061654507813 0.021619836941203889 0.025378472714807285 -0.0026373263068207335 -0.0039795856962153162 0.0055449488283398716 0.033388492669977572 0.0075983004300502234 -0.0044206282809782782 -0.0099106246484475906 0.0017696903043100728 0.016542590677024401 -0.0079619780889597282 -0.014529790912133692 -0.0020352353220286566 0.033166817776505118 -0.0035913563574038322
leaf_weight=435.08255482465029 260.73950609564781 518.96140152029693 256.76224059984088 365.78679262846708 63.63403857499361 627.78800537064672 111.00815299153328 1962.3490443229675 95.601802870631218 21.858874209225178 54.013671681284904 46.28595270216465 4094.5847156494856 377.70071937516332 69.325841248035431 155.02652341872454 39.916957959532738 457.05732617527246 1027.4142128899693 22.649014241993427 729.84065225347877 566.55922112613916 22.003549724817276 5351.1798606142402 24.826528258621693 711.70313074067235 159.07827380299568 132.20585459470749 9.3290816172957403 2475.5046801753342
leaf_count=1940 4704 6763 1689 2638 363 5266 518 11140 444 152 249 222 27857 2226 309 878 188 2180 4882 115 4883 4119 126 29828 137 5233 748 585 71 17037
internal_value=-5.98763e-06 -0.00144516 -0.00102088 0.00103376 0.000684468 1.83045e-05 -0.00231199 -0.000520462 0.0012819 -0.00631988 -0.00890633 0.00423191 -0.00202394 0.00184447 0.00492852 0.0142373 0.0196424 0.00347316 0.00260969 -0.00945253 0.0035598 -2.14027e-05 0.0122365 0.00227447 -0.0109576 -0.0060201 -0.00778741 0.00825929 -0.00863217 -0.0014909
internal_weight=21245.8 8912.28 8651.54 12333.5 11766.2 9907.55 3482.33 2785.06 6425.22 441.659 419.8 1858.66 7098.38 5983.56 1795.03 241.229 194.943 1553.8 1484.47 697.267 1553.16 823.321 44.6526 5728.88 652.615 822.711 254.68 567.288 528.29 6570.09
internal_count=137490 67123 62419 70367 67842 58820 22535 16891 36285 3039 2887 9022 51728 33246 8659 1288 1066 7371 7062 5644 10691 5808 241 32054 5403 5751 1192 2525 6834 44894
is_linear=0
shrinkage=0.03


Tree=103
num_leaves=31
num_cat=0
split_feature=22 17 76 71 87 49 65 72 28 47 74 74 74 57 50 50 20 43 19 31 45 20 15 50 53 49 48 28 1 6
split_gain=34.303 49.9776 45.5025 38.4628 35.7672 40.4685 49.3484 36.8791 36.6098 33.2206 37.2012 41.5635 36.0384 32.9766 34.3939 52.2274 33.0527 32.0969 31.6317 39.3412 43.3547 42.6523 28.3493 27.3969 35.0377 27.1886 32.4728 32.1163 26.9168 26.6319
threshold=0.76666666664750016 -0.065088757397970973 0.12609586095150113 0.82374000820270332 2.5000000000000004 0.016121420485638454 0.0025327388336076843 1039294900.0000001 0.25999999999610007 0.012880562060810749 14578800.000000002 413754250.00000006 -32012799.999999996 52.631578889196682 0.23214285714285718 0.44642857142857145 -0.33333333335370363 0.0060666699548430634 0.62499999994140631 41.131709217968144 0.005239725473812463 -0.032786885257793601 -1.1696310586728485e-11 6.9821428571428585 0.012739422017314409 0.014233937458843802 141.25000000000003 0.2425373134327001 -0.016119408730464243 0.0294117749603563
decision_type=10 10 10 10 2 10 2 2 10 10 2 2 2 10 8 8 8 2 10 2 2 10 10 10 10 10 10 10 10 8
left_child=1 4 3 -3 13 6 8 -8 -6 10 12 -12 -2 14 -1 16 -16 -17 -14 21 -21 -20 -10 -11 25 -25 27 -27 -7 -30
right_child=9 2 -4 -5 5 28 7 -9 22 23 11 -13 18 -15 15 17 -18 -19 19 20 -22 -23 -24 24 -26 26 -28 -29 29 -31
leaf_value=-0.0076834539941061887 0.018186334378625182 -0.0044378004140797518 -0.022451414510287246 0.00092775200318111922 -0.0016783565561658792 0.00067148814728742426 0.010413888400008666 0.045055321550632674 -0.00047922121551861923 -0.0017990116083442592 0.020820731380107135 -0.012319769108414301 0.029278577536123281 -0.0020624002673900366 -0.013894448279454122 0.0014008653674837479 0.015543549958417786 0.0077447668517258393 -0.014271280004972265 0.016622505952064541 -0.01402986537920586 0.015144846162655398 0.02851088965376421 -0.0097501194701604676 0.00088799701263946832 0.024641661223472878 -0.015481729940987919 0.0055756223340484726 -0.0069651924283902289 0.0010062953749921286
leaf_weight=264.8546005114913 122.1046268157661 3466.7037872392684 104.8222757615149 1838.9432689361274 1031.891388496384 1003.8669793866575 203.79541072994471 31.335899077355862 54.191047072410583 1539.5615624189377 250.46316043660045 38.601026654243469 30.836490616202354 1557.4773440286517 36.542153686285019 4194.6837650779635 414.99297063052654 865.68543061986566 58.517422400414944 49.080792466178536 243.10823008790612 173.44970875233412 67.362651325762272 47.525824435055256 955.98017915338278 195.71226739138365 29.573143407702446 135.47778932750225 1743.7794168163091 480.1266907453537
leaf_count=1295 728 29395 809 13937 6142 5441 1051 178 236 9181 1438 271 188 9475 162 25976 2000 4953 289 386 1387 842 350 267 4983 1031 156 703 11219 3021
internal_value=-5.86212e-06 -0.000575369 -0.00296737 -0.0025777 0.000507484 -0.00156066 0.00271931 0.0152145 0.000158579 0.0025477 0.00736382 0.0163577 0.00350132 0.00180967 0.00285432 0.00336252 0.0131291 0.00248804 0.000238158 -0.0015171 -0.00883163 0.00768187 0.0156636 0.000942263 0.00403701 0.0113827 0.0141942 0.0168917 -0.00340309 -0.00524317
internal_weight=21231 17361.1 5410.47 5305.65 11950.6 4616.35 1388.58 235.131 1153.45 3869.99 966.161 289.064 677.097 7334.24 5776.76 5511.9 451.535 5060.37 554.993 524.156 292.189 231.967 121.554 2903.83 1364.27 408.289 360.763 331.19 3227.77 2223.91
internal_count=137490 115640 44141 43332 71499 27638 7957 1229 6728 21850 5529 1709 3820 43861 34386 33091 2162 30929 3092 2904 1773 1131 586 16321 7140 2157 1890 1734 19681 14240
is_linear=0
shrinkage=0.03


Tree=104
num_leaves=31
num_cat=0
split_feature=13 33 57 28 35 29 29 16 14 75 57 66 18 14 38 28 75 18 14 57 76 38 77 51 55 83 43 26 70 34
split_gain=33.9546 37.0052 25.5149 30.7678 24.5207 37.9018 54.4361 49.0979 44.5032 41.613 39.1094 44.5534 34.7847 33.3339 34.2214 34.0986 32.4018 34.2517 31.0025 28.6955 27.5526 29.3106 27.1749 24.3812 22.0507 22.8956 21.6847 18.9104 18.6824 18.4054
threshold=0.62499999998730482 67.285113373146643 99.999999894302007 0.59848484848212824 33.848100325124889 84.244844732299597 100.86085209873788 0.095238095234693898 -0.01149425288208483 -0.029987084397156038 35.999999969760012 83.33333331854169 0.011111111102685147 -2.985728331239556e-11 1.0000000180025095e-35 0.076923076922378375 0.027519454446176327 0.079999999982000039 -1.6529944080190259e-11 42.105263132040641 0.24618354603796341 -0.00011738508363556831 0.0035616796110732886 0.0062911101204242642 63.63636360467563 -0.0010507863092988892 0.0057971950229387401 0.23749999999777346 2.8620937675430063 0.068997695038755316
decision_type=10 2 10 10 2 2 2 8 8 10 8 10 10 10 2 8 10 8 10 8 10 2 8 10 10 8 2 8 10 2
left_child=2 28 4 -4 13 7 8 9 12 22 11 -9 -7 14 15 -1 17 -16 -12 -17 21 -8 -6 -11 25 -3 -27 -18 -2 -15
right_child=1 24 3 -5 5 6 20 10 -10 23 18 -13 -14 29 16 19 27 -19 -20 -21 -22 -23 -24 -25 -26 26 -28 -29 -30 -31
leaf_value=-0.026236811558586912 -0.019276009986340804 0.0014300511142502437 0.025599310240361682 -0.0078801712528346352 0.033672745878417357 -0.0056606382526907537 -0.0014106326716691762 0.0027947088236481852 -0.011289201012800568 -0.0064856113605032753 -0.0062170054878761287 0.045766317592739171 0.010754496650868214 0.040885098202444972 0.017757602421336172 0.0012520152640120264 0.022553457491540359 -0.0048561530449602866 0.011365921490123866 0.010575450155500423 -0.015393307545034105 0.0019322104625046934 0.0033889761332187161 0.0035062188278628587 0.00099305590661013837 -0.0085866755758264406 -0.001667602702848251 -0.0060513098807322835 0.0063144179331244997 0.012190231394174772
leaf_weight=28.133842349052429 163.44182113558054 570.43566906824708 75.387558333575726 35.767072558403015 59.501123026013374 131.22679626196623 4465.9178390577435 176.83285322040319 108.40549548342824 299.07389863580465 2544.4837046526372 23.815468147397041 962.70675469189882 25.971396073698997 63.742475293576717 518.95544324070215 72.592928424477577 870.08283762633801 92.561610333621502 697.41655275225639 100.04037175700068 5004.702857170254 48.556109361350536 819.90240938216448 1461.2459322959185 923.94747758284211 732.20040302723646 28.287098377943039 29.730651389807463 87.889981180429459
leaf_count=171 4321 4681 539 204 300 739 27170 1036 677 3772 16492 112 5600 122 321 2334 338 4161 474 3304 593 28166 251 4558 10797 9356 5790 130 522 459
internal_value=-5.76103e-06 -0.00254208 0.00056179 0.0148254 0.000468747 1.39671e-05 0.00094553 -0.0024539 0.00695946 0.00255716 -0.0046219 0.00811167 0.00877925 0.00328608 0.00248871 0.00583914 -0.00153991 -0.003292 -0.00559462 0.00660444 0.000189052 0.000355577 0.0202479 0.000829572 -0.00186852 -0.00374744 -0.00553234 0.0145225 -0.0153098 0.0190605
internal_weight=21223 3881 17342 111.155 17230.8 14837.7 10773 4064.73 1202.34 1227.03 2837.69 200.648 1093.93 2393.07 2279.21 1244.51 1034.71 933.825 2637.05 1216.37 9570.66 9470.62 108.057 1118.98 3687.83 2226.58 1656.15 100.88 193.172 113.861
internal_count=137490 35467 102023 743 101280 89940 62945 26995 7016 8881 18114 1148 6339 11340 10759 5809 4950 4482 16966 5638 55929 55336 551 8330 30624 19827 15146 468 4843 581
is_linear=0
shrinkage=0.03


Tree=105
num_leaves=31
num_cat=0
split_feature=20 26 83 5 20 86 0 12 84 39 35 83 70 67 0 21 43 24 39 22 29 77 57 15 83 36 21 24 66 37
split_gain=32.2826 44.4762 38.4206 29.5144 50.2831 35.2216 47.1882 37.5159 32.0617 29.1217 27.6133 27.2181 26.7124 26.6507 25.5259 24.0222 29.3372 22.531 21.8702 21.482 19.0846 17.9391 17.3886 16.7336 15.9918 23.0297 29.9492 15.8964 50.0621 34.0135
threshold=-0.0069930069971733668 0.019607843136966552 -0.00025391401486937358 -0.074014528998451831 -0.20833333333369922 14.500000000000002 0.012051650920559378 0.33333357281173026 -0.0062110891392511683 14.651303382962052 3866.7014810068617 -0.0056528210253455882 0.68936256992846501 1.0000000180025095e-35 -0.0066852388436585133 0.016759776532052743 -0.011768073670979427 0.49575506249077178 2407.7071807668635 0.95869664113827568 83.478459332926548 -0.0013537100837078522 57.142856971428579 0.028985507235192224 -0.0027917551262959107 -0.031116334281142573 0.078124999987365676 2.3905558492264676e-08 85.714285705102057 50.003082790248108
decision_type=10 8 8 10 10 2 10 10 8 2 2 10 8 8 10 10 2 10 2 8 2 10 8 8 10 2 10 10 10 2
left_child=1 2 15 4 9 7 8 11 23 -3 18 17 -8 22 -10 16 -1 -5 27 -13 -9 -17 -11 -7 -6 26 -26 -2 29 -29
right_child=10 3 -4 5 24 6 12 20 14 13 -12 19 -14 -15 -16 21 -18 -19 -20 -21 -22 -23 -24 -25 25 -27 -28 28 -30 -31
leaf_value=-0.0110676633472568 -0.0072755438912669758 0.017373260084879025 -0.021711396327612452 0.0046834606501554221 -0.014411659228827985 0.010940330358801639 -0.014023287905572737 -0.011404983080244863 0.0050332569717549246 -0.0059114427706978287 -0.021141413403347364 -0.0005655954235764852 -0.00034405833548714463 0.0014670134384347725 -0.0013108238270109888 -0.032377456065735444 0.039479711666454302 0.033525292919611781 0.030058474727649671 -0.0071472462750869666 -0.0035772819515643706 0.013805361998785548 -0.029945579553827966 0.0040100611884661807 0.0085974667924050719 0.0046683986076154023 0.026222822950360134 0.074225586133302518 0.004319403141880675 0.01862314236241476
leaf_weight=16.52104889601469 90.89237392693758 81.057821296155453 156.82212040945888 499.99263195693493 23.103043306618929 400.96698990464211 253.79815354011953 314.71306140348315 788.43386877700686 351.32725356519222 35.388218097388744 8398.189708897844 260.18842836841941 1044.8753512464464 2059.2694359850138 19.099838519468907 24.791651722043753 24.721624113619328 30.550551503896713 470.53167504817247 2561.1179482676089 11.307277625426648 28.567673370242119 1452.6166625916958 219.96363304182887 327.60832665860653 144.84092766419053 13.394635442644356 1071.1948855444789 35.908595137298107
leaf_count=111 1429 408 2122 2741 122 2547 1999 5014 4324 1562 184 53294 1763 5694 13386 216 197 147 139 2933 18821 124 134 8156 1182 1662 730 112 5800 437
internal_value=-5.58954e-06 -0.000302081 -0.0134315 -0.000148985 0.00310732 -0.000563012 0.00150175 -0.00144097 0.00244615 -3.48974e-06 0.00461582 -0.000522543 -0.00711858 -0.00100568 0.000445737 0.00468173 0.019411 0.00610922 0.00536859 -0.000915891 -0.00443861 -0.0152155 -0.00780053 0.00551592 0.00964919 0.010476 0.0156561 0.00471917 0.00570045 0.034964
internal_weight=21211.8 19934.4 228.542 19705.9 2221.34 17484.5 5215.27 12269.3 4701.29 1505.83 1277.33 9393.44 513.987 1424.77 2847.7 71.7198 41.3127 524.714 1241.94 8868.72 2875.83 30.4071 379.895 1853.58 715.516 692.413 364.805 1211.39 1120.5 49.3032
internal_count=137490 129389 2770 126619 11494 115125 32175 82950 28413 7798 8101 59115 3762 7390 17710 648 308 2888 7917 56227 23835 340 1696 10703 3696 3574 1912 7778 6349 549
is_linear=0
shrinkage=0.03


Tree=106
num_leaves=31
num_cat=0
split_feature=55 13 85 8 20 60 67 0 72 31 77 7 20 24 50 89 72 71 35 35 26 72 56 31 24 21 74 71 75 62
split_gain=31.2246 39.0155 31.8477 28.7802 28.1919 26.2428 26.677 33.4818 42.6763 42.416 31.8967 28.6081 26.2949 53.3235 29.2875 24.7806 22.7313 22.4458 21.5824 45.9798 23.123 22.3129 21.7042 19.9927 19.6798 19.0363 17.4989 17.4801 22.1003 19.9711
threshold=74.999999986145852 0.75862068964601681 0.039473824178049906 0.011904761904655614 -0.088983050848499931 0.0087146383140307444 19.999999996000014 -0.030763164280514451 79513700.000000015 32.901939979109478 0.001083633859935595 0.024674446129027253 -0.22400000000465595 0.21735403102906134 0.12500000000000003 -0.78656609248549325 551659000.00000012 0.57272279265490844 3737.211931452282 2592.4550173214398 0.096385542167803762 182550.00000000003 91.489361685776387 447.62082432997499 0.068934139342085768 0.49243349490070637 66446550.000000007 0.42439875972202862 -1.0000000180025095e-35 0.17006279005845928
decision_type=8 10 10 10 8 10 8 10 2 2 10 10 10 10 8 2 2 8 2 2 10 2 10 2 10 8 2 8 10 2
left_child=1 5 18 4 -3 6 11 16 9 -9 -10 12 14 -14 -1 17 -8 -5 19 21 -21 -2 26 -4 -17 -13 -20 29 -29 -7
right_child=2 3 23 15 -6 27 7 8 10 -11 -12 25 13 -15 -16 24 -18 -19 22 20 -22 -23 -24 -25 -26 -27 -28 28 -30 -31
leaf_value=-0.025051822365822665 -0.0016151058537348115 0.00632697886855247 -0.010699073572651246 -0.01632741803696305 -0.004866344262352198 -0.0082727368129524338 0.012252727887044247 0.0085021566529485185 0.0070622001411513903 -0.0017784867153517081 0.00015279332594549314 0.0066453985165133324 -0.00094494227926241706 0.014722549707490342 -0.0038466308204536024 -0.0082778491582824933 -0.0054718193547046868 -0.0059264929638420975 -0.0055020139668419451 0.044633568268471306 0.014234325232730199 0.0046434543917733481 -0.028623608624633416 0.0039143174950684182 0.0037255523640547213 0.03524552307228928 0.019263413663865157 -0.0034401240843310917 0.0026815049845870034 -0.0018879583997506489
leaf_weight=60.293512269854546 650.84809142164886 354.31863706931472 250.13612188026309 344.42881174758077 469.88002207502723 684.06450411677361 412.01151652634144 403.07213485240936 1529.4768358692527 3399.067309524864 992.03517458960414 87.467610992491245 2698.8601335249841 209.76418429613113 1404.5338696427643 234.29106560721993 76.456964008510113 413.34908614680171 170.3721274882555 29.982392519712448 91.131662726402283 2395.4536416716874 30.479763686656952 125.78826300799847 256.17505574412644 27.004437483847141 29.186689853668213 1006.0310130678117 1121.1408772207797 1244.3440665714443
leaf_count=429 3654 3081 1765 4966 4765 4507 1997 1926 9109 22560 5880 444 17534 1037 7290 3182 393 4437 974 151 452 13585 144 725 2314 125 151 5752 6630 7531
internal_value=-5.47373e-06 -0.000541353 0.00246828 -0.00440405 -4.89225e-05 -1.95823e-05 0.000723215 0.00190639 0.00132051 -0.000685878 0.00434617 -0.00107206 -0.00146151 0.000188607 -0.004738 -0.00727495 0.00946677 -0.0106732 0.00338591 0.00403113 0.0220883 0.00330523 -0.00546427 -0.00580391 -0.00200743 0.0136651 -0.00178697 -0.00208964 -0.000212523 -0.0041575
internal_weight=21201.4 17428.1 3773.38 2072.44 824.199 15355.6 11300 6812.12 6323.65 3802.14 2521.51 4487.92 4373.45 2908.62 1464.83 1248.24 488.468 757.778 3397.45 3167.42 121.114 3046.3 230.039 375.924 490.466 114.472 199.559 4055.58 2127.17 1928.41
internal_count=137490 115889 21601 22745 7846 93144 68724 41865 39475 24486 14989 26859 26290 18571 7719 14899 2390 9403 19111 17842 603 17239 1269 2490 5496 569 1125 24420 12382 12038
is_linear=0
shrinkage=0.03


Tree=107
num_leaves=31
num_cat=0
split_feature=22 17 76 71 90 49 65 28 72 29 57 50 50 74 75 45 36 49 18 44 60 41 26 77 38 1 1 74 37 74
split_gain=30.095 44.3861 43.3142 35.3716 33.5811 37.8272 45.6888 34.0414 33.3992 31.0021 32.5919 34.7159 43.4104 27.5579 30.5505 28.053 37.8867 35.5991 44.9123 29.2269 36.484 26.5918 26.0493 25.3854 35.2539 27.276 25.1867 26.509 34.3827 31.8434
threshold=0.76666666664750016 -0.065088757397970973 0.12609586095150113 0.82374000820270332 -1.0000000180025095e-35 0.016121420485638454 0.0025327388336076843 0.25999999999610007 1039294900.0000001 6928.3718934414419 52.631578889196682 0.23214285714285718 0.44642857142857145 -56167949.999999993 0.025862174797911908 0.099293939582854054 0.083286554481833988 0.0078031212484983075 0.23459164292458637 0.32008587540663097 0.020000006896972681 0.064414529613885066 0.20810383439723432 0.0030996990527112742 0.14917273803685663 -0.016119408730464243 -0.0097995565100483222 29108600.000000004 84.769950979935345 -8158749.9999999991
decision_type=10 10 10 10 2 10 2 10 2 2 10 8 8 2 10 2 2 10 10 2 10 2 10 10 2 10 10 2 2 2
left_child=1 4 3 26 5 6 7 -1 -8 10 11 -6 -13 -2 15 17 19 18 -15 20 -17 -18 -16 24 25 -7 -3 29 -29 -28
right_child=13 2 -4 -5 9 23 8 -9 -10 -11 -12 12 -14 14 22 16 21 -19 -20 -21 -22 -23 -24 -25 -26 -27 27 28 -30 -31
leaf_value=-0.0016417972410649143 0.010006337869713788 0.0011447205404158845 -0.021981482838836205 0.00093807016752080088 -0.0075205757840661417 0.0029575130677377804 0.0099870192726326367 0.015038080248753428 0.042616381789212329 -0.011397569304275454 -0.0018594551807731535 0.01249995252575169 0.0027858762001094547 0.018528742659586549 0.01197549779201044 0.024023779411849914 -0.0053686024587043446 -0.0044117334762221313 -0.022193149367576919 -0.0069308590387745948 0.0035086379018261712 0.0046236593521650415 0.00017165774937650662 -0.0073873792748900581 0.018849752750651389 -0.0044117270564540201 -0.0015360636172358595 -0.010775195311049675 0.0018489005793016263 -0.010215067901064454
leaf_weight=1030.0642100609839 383.84819190204144 641.11013310775161 102.96796815656126 1837.1603314708918 263.86262535303831 637.57123969122767 204.31983373314142 122.28300991654396 32.112935852259398 157.09787658601999 1524.4998927656561 451.38318994641304 4934.1830748189241 125.99480769783258 411.68084258399904 176.66831737756729 438.70510516315699 1285.798556720838 29.212188199162483 65.327248893678188 140.48601518571377 525.93727626651525 285.03281819075346 963.32463583908975 72.605941124260426 1544.6987010668963 545.88253784924746 263.22334393672645 730.75632153451443 1264.2982855923474
leaf_count=6142 2191 4387 809 13937 1295 3431 1051 586 178 902 9306 2162 30196 720 2270 909 2208 8104 130 333 715 2766 1504 5965 396 9889 4325 3263 5387 12033
internal_value=-5.4707e-06 -0.000539893 -0.00280062 -0.00242208 0.000479852 -0.00152674 0.00260892 0.000137115 0.0145923 0.00174128 0.00203097 0.00308148 0.00360277 0.00238633 0.00154352 0.000137426 0.00324952 -0.00277007 0.0107521 0.011226 0.0149855 7.5366e-05 0.00715789 -0.00331262 -0.00156798 -0.00225699 -0.00421448 -0.00544078 -0.00149864 -0.00760176
internal_weight=21192.1 17323.4 5385.4 5282.43 11938 4606.98 1388.78 1152.35 236.433 7331.03 7173.93 5649.43 5385.57 3868.69 3484.84 2788.13 1347.12 1441.01 155.207 382.482 317.154 964.642 696.714 3218.2 2254.88 2182.27 3445.27 2804.16 993.98 1810.18
internal_count=137490 115640 44141 43332 71499 27638 7957 6728 1229 43861 42959 33653 32358 21850 19659 15885 6931 8954 850 1957 1624 4974 3774 19681 13716 13320 29395 25008 8650 16358
is_linear=0
shrinkage=0.03


Tree=108
num_leaves=31
num_cat=0
split_feature=13 8 35 86 21 49 38 30 28 39 17 44 83 45 74 26 52 49 50 68 51 39 74 83 18 52 29 28 20 59
split_gain=29.7934 54.2249 52.5177 39.6266 33.4079 40.1092 39.4358 52.6553 63.0918 41.3432 39.1611 37.9866 37.3634 38.4334 33.596 31.6831 47.0372 28.632 27.0376 26.9682 26.6408 49.6409 26.3574 26.0345 29.8904 25.6928 25.3163 24.9619 24.687 22.4703
threshold=0.068965517239595736 0.019607843137198839 61.061571075996916 14.500000000000002 0.086466165412635312 0.012276785714157834 0.14917273803685663 0.00089183230318512507 0.28947368420735231 9.1626210294976875 -0.075471698120475814 -0.14685700660187065 -4.5224317755783741e-05 -0.057624667936861766 -8957699.9999999981 0.11403508771854802 0.0098824631156350946 0.022689075630051906 4.1573948178972531 -99.999999998229939 0.018907563024885693 65.659883378174342 14578800.000000002 -0.0062258339758738202 -4.2572445568822552e-11 0.04573144427923477 83.478459332926548 0.55072463767700908 -0.19298245615096951 1.0000000180025095e-35
decision_type=10 10 2 2 10 10 2 2 10 2 10 2 10 2 2 10 10 8 10 10 8 2 2 10 10 10 2 10 10 8
left_child=1 4 -2 26 6 10 7 9 14 -1 15 -10 -12 -14 -9 16 -6 -11 22 27 21 -8 -3 25 -25 -21 -4 -7 -17 -5
right_child=2 18 3 29 5 19 20 8 11 17 12 -13 13 -15 -16 28 -18 -19 -20 23 -22 -23 -24 24 -26 -27 -28 -29 -30 -31
leaf_value=0.024682304681470962 -0.014800992793725683 0.017817900446817535 -0.0085533465553665027 -5.7492219943091237e-06 -0.010778610238679249 0.00058719150345611917 0.02085841926890598 0.0042834523374136709 -0.0076918650429401341 -0.0018873005544880052 -0.0095273519109386889 0.035277346459080698 0.041197085475893604 0.0050660569807792219 -0.011767642137899884 -0.017549062873656568 0.02947217188236079 0.0041717052192563105 0.00066059463871120103 0.0032919401245339766 0.023935100617575839 -0.032531684810727601 0.0061637853357740784 0.030224965959115651 0.00039834343394377464 0.033774377997049174 -0.0014042041175018995 -0.029564257405294097 0.012223666504062529 0.0072094579564185787
leaf_weight=57.933342397212982 252.07579472847283 278.09192618727684 477.45377510227263 822.28494500741363 30.30903284996748 47.773698925971985 36.523115620017052 134.58305731788278 29.780048474669456 3351.6333771906793 159.85175288468599 46.263620957732201 26.612484805285931 694.56404919922352 879.75227177515626 34.25287452340126 166.38714972883463 886.65684224665165 379.45715741813183 61.315829142928123 90.561849974095821 25.909316048026085 474.950917288661 29.462567545473576 4204.7766099721193 41.462187021970749 6593.1130615025759 49.687352940440178 85.619761005043983 733.91463713720441
leaf_count=382 4704 1490 6491 5808 162 230 181 907 138 22822 916 217 124 3545 6437 153 770 4417 1887 268 466 120 2480 158 21309 178 45237 240 370 4883
internal_value=-5.47475e-06 0.000950093 -0.00132998 -0.000934339 0.000315434 0.0019425 -0.0013383 -0.00176643 -0.0076509 -0.00027082 0.00681195 0.0185295 0.00354731 0.0064587 -0.00963289 0.0158484 0.0232316 -0.000618354 0.00720231 0.000625514 0.0136291 -0.00141462 0.0104894 0.000978407 0.000613678 0.0158249 -0.00188853 -0.0148982 0.00361667 0.00339751
internal_weight=21183 12304.2 8878.84 8626.77 11171.7 5632.08 5539.6 5386.6 1090.38 4296.22 1197.6 76.0437 881.028 721.177 1014.34 316.569 196.696 4238.29 1132.5 4434.48 152.994 62.4324 753.043 4337.02 4234.24 102.778 7070.57 97.4611 119.873 1556.2
internal_count=137490 70367 67123 62419 64510 28423 36087 35320 7699 27621 6040 355 4585 3669 7344 1455 932 27239 5857 22383 767 301 3970 21913 21467 446 51728 470 523 10691
is_linear=0
shrinkage=0.03


Tree=109
num_leaves=31
num_cat=0
split_feature=13 33 57 28 35 29 29 16 21 50 24 57 68 21 14 38 5 28 45 14 57 76 38 45 50 71 70 74 49 75
split_gain=28.7366 32.8053 23.1542 29.0742 20.3466 34.7647 51.2286 46.1533 43.9771 42.0156 37.8737 36.0338 36.7075 36.309 31.7327 32.1276 32.4039 31.7194 31.3478 27.6985 26.2064 25.5867 26.8906 21.391 20.291 19.4956 18.0764 17.7085 29.6487 22.63
threshold=0.62499999998730482 67.285113373146643 99.999999894302007 0.59848484848212824 33.848100325124889 84.244844732299597 100.86085209873788 0.095238095234693898 0.010204081624921925 0.30357142857142866 0.032022966707718363 35.999999969760012 -16.666666665187496 0.056179775271998474 -2.985728331239556e-11 1.0000000180025095e-35 -0.068928399094317236 0.076923076922378375 0.0032002871577356822 -0.01149425288208483 42.105263132040641 0.24618354603796341 -0.00011738508363556831 -0.0056200960633872579 11.625000000000002 4.4634304215333698 3.3300442119547409 6175300.0000000009 0.011904761904315478 0.022911662705024542
decision_type=10 2 10 10 2 2 2 8 10 10 10 8 10 8 10 2 10 8 2 10 8 10 2 2 8 10 10 2 10 10
left_child=2 26 4 -4 14 7 8 9 23 25 -11 12 -9 -13 15 17 -17 -1 -18 -10 -19 22 -8 -7 27 -6 -2 -3 -29 -30
right_child=1 24 3 -5 5 6 21 11 19 10 -12 13 -14 -15 -16 16 18 20 -20 -21 -22 -23 -24 -25 -26 -27 -28 28 29 -31
leaf_value=-0.025710673666530584 -0.018313259387271734 -0.0073935748133206712 0.024970478968696724 -0.0077204130060406096 -0.0079683256302772974 0.0035099336782618549 -0.0013644893026598622 0.0027991919002016024 0.0097503801717836579 0.028127208103739809 0.0042410187283348907 -0.012026708671966462 0.041084848797566145 -0.0035191188734961399 0.018424497631362328 -0.01801108217541722 -0.0076682305036976121 0.0010859678383359011 0.003948128410187368 -0.0078630972153589922 0.010007484905360317 -0.014933460958382 0.0018383799625947726 -0.025464067107688202 0.0013343929496501586 0.023396561453496428 0.0086855329150486004 0.011415696627353618 -0.004319513664202251 0.0062209084679343742
leaf_weight=27.681444108486176 160.56904406473041 691.88681818917394 73.209181502461433 35.783959060907364 330.60760425776243 39.462396793067455 4459.13826905936 176.25302428752184 1027.8752973675728 63.625810265541077 812.42680671066046 580.10440859943628 24.91654347628355 2040.3319573774934 113.34053315222263 97.952398136258125 313.99091555923223 517.66500896960497 620.79598589241505 86.236823730170727 695.46469887346029 98.892302632331848 5006.5927482433617 52.520654380321503 1274.6818909980357 17.85168445110321 25.127215098589659 141.13010501861572 1352.970490353182 210.91966557130218
leaf_count=171 4405 7136 539 204 3892 218 27170 1031 5940 433 4378 4491 117 12475 581 422 1591 2334 2937 553 3304 593 28166 305 8050 178 438 1338 12610 1490
internal_value=-5.26216e-06 -0.0023467 0.000516343 0.0142377 0.000428415 1.40465e-05 0.000904911 -0.00235632 0.00672867 0.00250443 0.00600933 -0.00446698 0.0077358 -0.00540752 0.00299831 0.0022202 -0.00168585 0.00547241 3.90126e-05 0.00837851 0.00620701 0.000169598 0.000329263 -0.0130974 -0.00172148 -0.00629055 -0.0146169 -0.00334774 -0.00170083 -0.00289296
internal_weight=21170 3857.29 17312.7 108.993 17203.7 14816.8 10770.7 4046.12 1206.1 1224.51 876.053 2821.61 201.17 2620.44 2386.89 2273.55 1032.74 1240.81 934.787 1114.11 1213.13 9564.62 9465.73 91.9831 3671.59 348.459 185.696 2396.91 1705.02 1563.89
internal_count=137490 35467 102023 743 101280 89940 62945 26995 7016 8881 4811 18114 1148 16966 11340 10759 4950 5809 4528 6493 5638 55929 55336 523 30624 4070 4843 22574 15438 14100
is_linear=0
shrinkage=0.03


Tree=110
num_leaves=31
num_cat=0
split_feature=20 28 13 39 35 76 74 39 24 74 64 33 72 8 21 21 64 62 81 77 18 39 18 23 37 51 44 77 74 21
split_gain=28.1681 40.8934 29.3574 28.1136 25.4703 23.6591 23.3228 21.2958 41.493 34.6794 36.6915 34.8571 20.4006 22.2671 32.2776 20.7044 18.2435 27.4381 17.8349 31.3158 18.0121 42.2305 25.2096 17.382 17.134 14.8126 14.7911 14.7233 17.2073 17.0324
threshold=-0.0069930069971733668 0.019803921568379398 0.62499999998730482 70.803436536285943 3866.7014810068617 0.189768214815321 655527450.00000012 51.325777935547258 0.038890638877530422 -2017749.9999999998 2.1384385183240174e-10 36.22662706528191 7051252050.000001 0.017857142857009994 0.21428571422066325 0.42180094786547923 0.1497452842814658 1.312913506832402 0.024370819578753079 -0.0023201672586676521 -1.7095214133178157e-11 50.829640958298121 0.0078740157452539278 0.36956270117474127 956.83285261649473 0.034717338309516503 0.639203155336174 -0.10392178491518005 1170150.0000000002 0.018691588783761429
decision_type=10 8 10 2 2 10 2 2 10 2 2 2 2 10 10 8 2 2 10 10 8 2 8 10 2 10 2 10 2 10
left_child=1 -1 5 -4 6 18 7 9 -9 10 -2 -12 13 14 -5 23 -11 -18 20 -20 21 -3 -22 -14 27 -21 -8 28 -7 -29
right_child=4 2 3 12 -6 24 26 8 -10 16 11 -13 15 -15 -16 -17 17 -19 19 25 22 -23 -24 -25 -26 -27 -28 29 -30 -31
leaf_value=-0.027324135474148113 0.045998421740882818 0.0010235360688593553 -0.013164645614347244 -0.0022005347698188281 -0.020443969636178994 0.028746106095538682 -0.019155531044693332 0.047877186778758372 0.0088417969239104107 -0.008413457779056558 0.015336614242723401 -0.012128162634755413 -0.0039807499310590766 -0.0056405903321826711 0.010549539965918208 -0.0065244346458917012 0.017031924505912271 -0.0040945899064504009 0.033471687906996533 0.011674188676052327 -0.0050002401985512791 0.015792093426979032 0.00040386938225121365 0.010343092927327768 -0.026852299131612196 -0.0096223897472148771 0.0088388546061399179 -0.031998094438358687 -0.0086307746473301295 -0.0050860588626719218
leaf_weight=49.204206965863705 24.686066351830959 812.43094605952501 214.30036464706063 1243.3281635567546 35.300845228135586 20.972723171114922 54.755719516426325 25.058918125927448 448.24606662988663 215.45859744027257 151.72075811773539 56.190137039870024 100.6688564568758 1434.2858700677752 207.64582903310657 141.19514075666666 86.129031550139189 150.43980975449085 38.937888458371162 68.666261538863182 821.67781642824411 221.08356285840273 13950.76378781721 304.33692672476172 39.936267234385014 49.788625977933407 23.559340879321098 24.896856468170881 21.485984466969967 121.57933863252401
leaf_count=860 159 4701 5193 12410 184 116 310 212 2485 2204 824 475 673 11585 1452 815 391 753 230 343 4825 1350 81470 1838 228 272 104 173 124 731
internal_value=-5.26543e-06 -0.000282276 -0.000213679 -0.00264553 0.00432168 0.00033381 0.00504724 0.00612257 0.0110114 0.00272723 0.0121154 0.00787708 -0.00198408 -0.00299104 -0.000367823 0.00332541 -0.00211306 0.00362375 0.000471565 0.010489 0.000370966 0.00419785 0.000102759 0.00677431 -0.00922156 0.00269214 -0.010691 -0.00535729 0.00999935 -0.00986665
internal_weight=21158.7 19887.2 19838 3645.76 1271.55 16192.2 1236.24 1157.93 473.305 684.624 232.597 207.911 3431.46 2885.26 1450.97 546.201 452.027 236.569 15963.3 157.393 15806 1033.51 14772.4 405.006 228.871 118.455 78.3151 188.935 42.4587 146.476
internal_count=137490 129389 128529 33966 8101 94563 7917 7503 2697 4806 1458 1299 28773 25447 13862 3326 3348 1144 93191 845 92346 6051 86295 2511 1372 615 414 1144 240 904
is_linear=0
shrinkage=0.03


Tree=111
num_leaves=31
num_cat=0
split_feature=26 45 37 33 77 51 20 38 45 20 86 1 59 53 62 84 77 68 47 21 7 37 84 51 74 44 83 44 78 10
split_gain=27.377 49.2771 53.7325 47.2535 53.4435 30.1759 41.3221 42.8613 28.7536 28.0207 27.4928 58.201 37.6074 32.6493 31.5283 30.7419 27.2359 30.4292 26.9342 32.9269 26.5274 26.4599 25.6233 24.0027 22.248 25.025 21.1021 20.8704 20.6044 19.6323
threshold=0.031249999999715176 -0.04767844862154718 53.841993091852949 6715.6464443524628 -0.0005301310333447408 0.010793019721589138 -0.069767441876690081 -0.0048638574557052219 -0.072643504476067752 -0.1517857142904476 13.500000000000002 0.012836991628765395 0.003189800777354979 0.036495285806764123 10.048641447467277 0.071459057374550342 0.024897818656712381 -99.999999997332864 0.0082101806239383412 0.046511627896836168 0.0069444444418221849 24.132198468365473 -0.067463525518531339 0.014880952380435684 95150.000000000015 -0.013452476814659995 -0.0002284862571493412 0.36038952197761592 0.040165743393953179 0.76923094777677337
decision_type=8 2 2 2 8 10 8 2 2 8 2 10 8 8 2 10 8 10 10 10 10 2 10 8 2 2 10 2 8 8
left_child=1 2 8 4 5 24 -7 -8 -1 -6 13 12 16 15 23 21 17 -12 19 -11 -14 -2 -23 -13 -3 -26 -20 -25 -24 -15
right_child=10 3 -4 -5 9 6 7 -9 -10 18 11 14 20 29 -16 -17 -18 -19 26 -21 -22 22 28 27 25 -27 -28 -29 -30 -31
leaf_value=-0.022740207575430271 0.0054864055939961645 -0.026867964942330569 0.059447584328988869 0.031734393950565265 0.03166203081954716 -0.021612214662128485 0.038164694753874365 -0.016228289759515235 0.026932233769525693 -0.002437535210717213 -0.010962928056088318 0.002947598521344609 0.0064141254453339855 -0.0012912776902085361 0.0062529053253420194 0.0088009093364191868 -0.005121498654244278 0.0022466129531238167 -0.026113367899250492 0.019957167004661956 -0.0040015208459964185 -0.0096667866076299742 -0.00024850712674115124 -0.0090869600013114959 -0.02774192923709845 0.00717637881553533 -0.0056711838616093314 0.013597866814854309 -0.0033026279466929287 0.0050962245261747113
leaf_weight=21.104277830570936 424.21178488433361 193.68919061496854 20.743304783478379 27.939850598573685 20.498317580670118 50.013959866017103 31.034960951656103 21.142816636711359 18.952124439179897 347.47723122313619 161.69718711078167 212.1131075900048 2339.4906580708921 670.98795196413994 217.7140067666769 251.62918481975794 579.54377972893417 4406.9950106944889 62.947728224098682 70.135177694261074 241.87789995782077 391.74969190731645 3881.1044723056257 916.00618230551481 30.582602189853787 43.543826311826706 161.97358665429056 37.051689133048058 4080.1883980911225 1215.2775284089148
leaf_count=157 1896 1950 133 191 168 449 271 321 116 4418 821 1309 13848 4075 1068 1342 3377 26315 562 525 1599 2159 27604 6293 267 391 1610 183 27950 6122
internal_value=-5.21941e-06 -0.00456387 0.0214772 -0.00607781 -0.00713309 -0.0162521 -0.0023186 0.0161771 0.000772094 -0.00202284 0.000250183 0.00146671 0.00248111 -0.000765202 -0.00419876 -0.00151539 0.000998239 0.00177614 -0.00314966 0.00135503 0.00543583 -0.00181245 -0.00218409 -0.00615793 -0.0215293 -0.00736757 -0.0114958 -0.00818858 -0.00181435 0.00282297
internal_weight=21149.4 1121.78 60.7997 1060.98 1033.04 370.007 102.192 52.1778 40.0564 663.032 20027.6 9112.49 7729.6 10915.1 1382.88 9028.88 5148.24 4568.69 642.534 417.612 2581.37 8777.25 8353.04 1165.17 267.816 74.1264 224.921 953.058 7961.29 1886.27
internal_count=137490 11529 406 11123 10932 3649 1041 592 273 7283 125961 54813 45960 71148 8853 60951 30513 27136 7115 4943 15447 59609 57713 7785 2608 658 2172 6476 55554 10197
is_linear=0
shrinkage=0.03


Tree=112
num_leaves=31
num_cat=0
split_feature=45 2 72 74 55 51 82 74 22 56 43 4 15 86 0 13 12 17 28 0 70 45 19 72 22 61 33 6 86 74
split_gain=26.1858 36.8489 39.937 32.9572 33.563 34.4846 45.556 35.8253 33.1386 30.9848 26.8628 43.8807 30.8061 28.4858 52.1066 36.5682 27.4672 25.1083 25.5726 23.7339 29.2641 23.1484 25.8688 22.2988 21.8738 21.1671 20.9317 20.1493 21.6336 19.4319
threshold=0.082089963185971851 -0.038450166037392534 37620800.000000007 4579953250.000001 1.0000000180025095e-35 0.026746031745999061 -0.0058154535187757983 -146389599.99999997 0.22467839114059598 19.999999994866666 -0.053908294054908983 -1.0000000180025095e-35 0.038461538444896422 13.500000000000002 0.0058152541491077745 0.99999999964500019 0.43804824561403516 -0.039831823151322991 0.55072463767700908 -0.0069808240539948043 0.13315704858934491 0.38529443986601669 0.14814814814403296 1774837800.0000002 0.9999999999946948 0.16688089117395036 29.391924938797949 -0.03357606737134216 10.500000000000002 39352100.000000007
decision_type=2 10 2 2 10 10 10 2 8 10 2 10 10 2 10 8 10 8 10 10 8 2 10 2 8 8 2 10 2 2
left_child=1 2 9 4 17 6 -6 -8 -9 -1 11 -3 -13 16 19 23 -12 18 21 -15 -21 22 -2 -16 26 -11 -7 28 -4 -14
right_child=3 10 27 -5 5 24 7 8 -10 25 13 12 29 14 15 -17 -18 -19 -20 20 -22 -23 -24 -25 -26 -27 -28 -29 -30 -31
leaf_value=-0.0006144503438416445 0.013523574052986979 -0.0023846339606383104 -0.0085749159146890942 -0.024121134895850129 0.023888478663425899 0.024950787107794529 0.020500286976691831 -0.025975583000982638 0.0041650602470177777 0.014488207804524297 -0.0015071157710070024 0.042354549066059212 0.016163034738693186 0.0044671917694574115 -0.0039222377718985298 -0.0099873213846647293 -0.0058275790605426137 -0.028086801710736891 -0.014207152612717095 -0.0045052305257357777 0.0016163833323715778 0.028491585691654855 -0.0061828572885735062 0.0088747040546132399 0.012939428390344832 -0.013390552778421704 -0.00094326329525412319 -0.010638072679861664 0.0084726535443630478 -0.0051430026966258046
leaf_weight=211.42547960206866 80.369345769286156 271.94675055891275 102.88739693537354 42.219441846013069 115.91965528577566 27.521313443779945 119.77404973655939 32.385151922702789 1939.8680557794869 474.86001786962152 6228.8184859063476 31.781820248812437 152.66901076957583 1653.5922152996063 358.97136247903109 683.26080436632037 1682.6227292306721 38.528070293366909 133.17587429285049 917.01064343005419 2996.799755372107 24.991606168448925 226.58657143265009 184.77162108570337 113.70666675642133 24.973663702607155 1863.7744751088321 166.70455922558904 187.42461882904172 50.621303766965866
leaf_count=977 386 1463 579 237 509 115 727 176 9914 2340 42699 161 768 9387 3707 4770 15349 195 633 6577 19813 113 1089 1128 588 123 10698 956 1009 304
internal_value=-5.28721e-06 -0.000574533 0.00455719 0.00195329 0.00219239 0.00306802 0.00565363 0.00463087 0.00365571 0.00899958 -0.000969095 0.00581248 0.0152781 -0.00120349 0.00022088 -0.00537226 -0.002427 -0.00511772 -0.00315248 0.00145484 0.000180531 0.00130294 -0.000986281 0.000429147 0.000217794 0.0130653 -0.000551893 -0.00235455 0.00241195 0.0108437
internal_weight=21140 16381.1 1168.28 4758.82 4716.6 4212.95 2207.95 2092.03 1972.25 711.259 15212.9 507.019 235.072 14705.8 6794.41 1227 7911.44 503.651 465.123 5567.4 3913.81 331.948 306.956 543.743 2005 499.834 1891.3 457.017 290.312 203.29
internal_count=137490 112110 5984 25380 25143 22727 11326 10817 10090 3440 106126 2696 1233 103430 45382 9605 58048 2416 2221 35777 26390 1588 1475 4835 11401 2463 10813 2544 1588 1072
is_linear=0
shrinkage=0.03


Tree=113
num_leaves=31
num_cat=0
split_feature=26 45 37 77 35 49 39 20 62 42 77 20 45 13 8 31 24 24 26 18 51 50 86 83 71 19 18 86 2 59
split_gain=25.4389 46.1959 48.7034 44.4499 36.1597 33.8984 33.5891 61.3181 32.1797 30.1883 52.1676 34.6405 27.1529 26.4152 43.1732 40.5815 32.2187 41.8763 33.37 55.791 44.9354 25.2546 24.266 24.2642 23.3847 33.8325 26.5683 21.4715 20.793 19.9101
threshold=0.031249999999715176 -0.04767844862154718 53.841993091852949 -0.0005301310333447408 6696.7226718286338 0.017080745341460191 380.93661464477765 -0.07067962231264506 -0.16826445320220615 -0.001030742112706595 -5.6941627938693246e-05 -0.017391304350389377 -0.072643504476067752 0.068965517239595736 0.019607843137198839 82.797151005232479 0.032744279475414494 0.050385466454948846 0.097142857142662867 -1.418515305218193e-11 0.010952380952326193 4.1573948178972531 14.500000000000002 0.00054515241730575725 3.0001932242695655 0.99999999986607147 -1.1805556532351599e-10 14.500000000000002 0.12504980079681274 -0.0044994432634881667
decision_type=8 2 2 8 2 10 2 8 2 2 10 10 2 10 10 2 8 8 10 8 10 10 2 10 10 10 8 2 10 8
left_child=1 2 12 4 5 -3 8 -8 -5 10 -10 -11 -1 14 16 27 18 -18 19 -2 -21 -16 -17 -9 26 -26 -19 28 -15 -24
right_child=13 3 -4 6 -6 -7 7 23 9 11 -12 -13 -14 15 21 22 17 24 -20 20 -22 -23 29 -25 25 -27 -28 -29 -30 -31
leaf_value=-0.022348624148531226 0.060974759305418472 -0.017681528085811474 0.056128907029603124 -0.02171504352350365 0.031847155158382059 0.030994333982906193 0.056328681699843799 -0.0071966495376051534 0.041543759373754922 -0.013093924169130076 -0.00044173552088449646 0.0059039034771249709 0.025922746028373373 -0.010821482066749832 0.01022749835813576 -0.0011562459290900427 -0.0047168321079010169 0.026498364683600884 -0.022050192311944473 -0.0049995246934319238 0.013877063754783632 0.00061803537740412007 -0.0010611182163153224 0.032628888884831446 0.010939864111196814 -0.0089349174063876428 0.00045736809112476018 0.0034807526066882887 0.019314994950999243 0.0061393244550554636
leaf_weight=20.854291481897235 17.272066451609135 352.82155820541084 21.36901880800724 79.210497993975878 13.884441144764422 12.434470716863869 23.175405777990818 61.329593271017075 35.470653587952256 221.52454154938459 98.170920824632049 140.17681471258402 19.157845333218575 620.77696343697608 705.81145145744085 6396.0646825172007 1349.162043556571 34.424567632377148 31.195370443165302 170.00541469827294 336.77918575704098 378.91717005521059 586.52682558074594 16.664961986243725 410.96576141566038 93.863298803567886 7891.851836476475 130.44912117347121 20.355667982250452 837.38846183568239
leaf_count=157 98 3533 133 743 93 116 165 507 259 2476 1027 2087 116 9497 3611 43498 9134 287 192 1365 2268 1882 3673 117 1915 450 40584 2008 187 5312
internal_value=-5.24008e-06 -0.00441093 0.0206742 -0.00589164 -0.0140992 -0.0159362 -0.001268 0.0145796 -0.00408421 -0.00122074 0.0109054 -0.0057271 0.000759125 0.000240565 0.00118601 -0.00101581 0.000587824 0.000188053 0.00761104 0.00942103 0.00754146 0.00687715 -0.000367329 0.00158016 0.000973765 0.00722824 0.000574173 -0.00757528 -0.0098314 0.00317261
internal_weight=21128.1 1116.25 61.3812 1054.86 379.14 365.256 675.723 101.17 574.553 495.343 133.642 361.701 40.0121 20011.8 11420.2 8591.56 10335.5 9780.27 555.252 524.057 506.785 1084.73 7819.98 77.9946 8431.11 504.829 7926.28 771.582 641.133 1423.92
internal_count=137490 11529 406 11123 3742 3649 7381 789 6592 5849 1286 4563 273 125961 61786 64175 56293 52370 3923 3731 3633 5493 52483 624 43236 2365 40871 11692 9684 8985
is_linear=0
shrinkage=0.03


Tree=114
num_leaves=31
num_cat=0
split_feature=55 13 8 20 20 35 39 87 39 43 53 21 60 51 77 17 74 60 87 68 37 74 84 51 52 49 19 33 77 29
split_gain=24.9596 30.6245 25.9921 26.055 24.2117 29.9105 46.8233 38.1444 27.768 26.4509 26.3863 26.5117 24.0576 30.4081 31.4667 34.5511 32.0188 28.8836 28.792 26.6086 23.4167 23.8329 23.268 25.9118 22.7206 21.5637 20.2366 18.9287 18.8647 18.4055
threshold=74.999999986145852 0.75862068964601681 0.011904761904655614 -0.088983050848499931 -0.035714285740114753 3866.7014810068617 1067.3728356036559 3.5000000000000004 823.80073302382073 -0.063112371631741868 0.017700639873478554 0.4412586263444796 0.0087146383140307444 0.0076530612242620274 -0.019094321412272137 -0.083333333345155455 73892350.000000015 -0.0049628097138071916 2.5000000000000004 -99.999999998229939 557.418196216924 -2017749.9999999998 -0.0081290088836166157 0.018729245173408186 0.022064521310041409 0.023214285714116444 0.87878787876790654 760.44512249126194 -0.0064882419014315523 325.7437759197017
decision_type=8 10 10 8 8 2 2 2 2 2 10 8 10 8 8 10 2 10 2 8 2 2 8 8 10 8 10 2 8 2
left_child=1 12 3 -3 9 6 8 10 20 -2 11 -8 13 14 -1 17 -17 -16 19 28 21 -6 23 -7 -21 -12 -20 -22 -15 -4
right_child=4 2 29 -5 5 22 7 -9 -10 -11 25 -13 -14 18 15 16 -18 -19 26 24 27 -23 -24 -25 -26 -27 -28 -29 -30 -31
leaf_value=-0.025703938371336887 0.016232221669629079 0.0063212359632468344 -0.0092501523383907262 -0.0044690012213296233 0.011143773476133123 -0.031012854962885562 0.035409998494651457 0.041853223947901898 -0.014627946663366748 -0.0012140664890184991 -0.012789194755345467 0.0036078567520890395 -0.0020103099877231 0.012692566082871408 -0.0018006858705950967 -0.009985668799426967 0.015472006795843835 0.022341524919810986 -0.001109887903527841 0.0014393157757195837 0.037684141557714122 0.001488220456287545 0.011007681023939519 0.0016873803100341815 0.0053106001006843319 0.014178396015463814 0.020424326586917053 0.0097060436643793321 -0.013187004752610644 -0.0013811766580710673
leaf_weight=60.744409821927547 81.082330666482449 354.25489397346973 826.4979855325073 464.01391482725739 284.75837150402367 52.974974989891052 58.878454141318798 46.117197304964066 71.454096034169197 1654.7712281290442 50.404921792447567 39.712073996663094 4042.4188646897674 29.41537568718195 112.64215692877769 445.29643211886287 48.404948517680168 72.472596533596516 3978.3487513139844 4343.7583019882441 30.042207837104797 1188.5923392176628 33.982951924204826 36.14983706176281 1991.3554781265557 54.461005724966526 38.656939625740051 78.162143029272556 152.6355033069849 397.32471209764481
leaf_count=408 407 3081 12110 4765 1719 295 298 234 395 9963 258 195 24420 142 563 4850 580 422 23524 27066 156 6616 197 180 10185 272 222 416 762 2789
internal_value=-4.9887e-06 -0.000485251 -0.00393528 0.000200792 0.00221 0.00443731 0.00536683 0.0174564 0.00353027 -0.00038854 0.011734 0.0227951 -2.48378e-05 0.000686942 -0.00518849 -0.00331313 -0.00745738 0.00770415 0.00110017 0.00233151 0.00436127 0.0033627 -0.00983138 -0.0178445 0.00265732 0.00118943 -0.000896879 0.0177754 -0.00894256 -0.00670108
internal_weight=21119.8 17358.2 2042.09 818.269 3761.54 2025.69 1902.58 249.574 1653.01 1735.85 203.456 98.5905 15316.1 11273.7 739.561 678.816 493.701 185.115 10534.2 6517.16 1581.56 1473.35 123.108 89.1248 6335.11 104.866 4017.01 108.204 182.051 1223.82
internal_count=137490 115889 22745 7846 21601 11231 10559 1257 9302 10370 1023 493 93144 68724 6823 6415 5430 985 61901 38155 8907 8335 672 475 37251 530 23746 572 904 14899
is_linear=0
shrinkage=0.03


Tree=115
num_leaves=31
num_cat=0
split_feature=22 20 74 74 81 0 90 33 49 83 75 76 29 36 40 77 77 19 41 36 18 57 74 18 47 36 39 22 20 50
split_gain=24.7437 47.5545 41.5129 82.2803 37.872 36.5051 36.1929 47.1697 37.838 54.7843 37.3423 34.212 34.0112 38.5764 45.1242 31.6252 44.3909 34.2127 30.7462 27.7268 26.6175 26.2752 25.1033 27.9404 24.3358 22.2414 39.6556 29.9165 29.0309 28.766
threshold=0.666666666625926 -0.088983050848499931 73892350.000000015 86676050.000000015 -0.0012649221361198655 -0.019223378466268589 -0.76942088429381317 178.16309037620388 0.0090586022319799793 0.0058103969417253164 0.0031099568825905849 -1.0000000180025095e-35 37.006874905194401 0.0040494450505703669 0.011023798967982558 0.0007733293048558025 0.0066156359629290073 0.60606060605647405 0.0032249402980448765 0.26393616253282376 0.045171006605162274 94.399641501473567 113293250.00000001 0.051428571424065324 0.016483516483252327 -0.018692120883450177 13.708679282450506 1.0000000180025095e-35 -0.28963081527125834 0.19642857142857145
decision_type=10 10 2 2 10 10 2 2 10 10 10 10 2 2 2 10 10 8 2 2 10 10 2 10 10 2 2 8 8 10
left_child=1 19 5 11 -5 -3 7 10 9 15 -2 -4 13 20 -15 17 -17 -8 -19 21 -7 25 -6 -24 -12 26 27 -1 -27 -28
right_child=6 2 3 4 22 12 8 -9 -10 -11 24 -13 -14 14 -16 16 -18 18 -20 -21 -22 -23 23 -25 -26 28 29 -29 -30 -31
leaf_value=0.004604860634030602 -0.0062171163853561393 0.0072956810166537652 0.066105615316688057 -0.0096608360788886898 -0.01548142628541432 -6.6165477081192058e-05 0.035357548639215662 0.013786148977285828 -0.00019436975888307827 -0.030281193344010089 0.031051757126078661 0.013132527135742821 -0.0077618503568033532 -0.023595069835699367 0.019072383885119597 0.035641082881943544 0.0018145476807625448 -0.023940619543247086 0.0065513915218209842 0.017474119855426715 0.037162649368761833 -0.033048864000954102 0.012553192024061686 -0.00075677508957245113 0.0045269162148779641 -0.013252783603897464 -0.0090430560448976974 0.031118815826748407 -0.00072705896744201717 0.0015252973166922487
leaf_weight=87.234419032931328 288.54194021597505 178.07803430221975 22.639699894934893 272.74743248522282 54.741907868534327 27.962750837206841 28.066704295575619 470.27541610971093 4169.3554575238377 27.732217222452164 42.574929839000106 21.943676833063364 2153.4853259958327 54.562292128801346 36.277345135807991 94.552571043372154 55.500598564743996 36.46908575668931 143.6517589930445 82.683147199451923 43.5759556889534 20.422232955694199 270.98374804668128 295.83377308025956 111.84231175296009 170.44310082867742 240.62847717106342 68.314877420663834 5872.562699124217 5666.72698539868
leaf_count=550 1756 1024 125 2043 540 184 180 2624 24412 129 251 237 20509 296 178 517 299 262 757 463 218 101 2283 2266 673 1031 1178 364 39348 32692
internal_value=-4.82737e-06 -0.000612269 -0.00373129 0.00164174 -0.000358498 -0.00575512 0.0017319 0.00717963 0.000637761 0.00961163 0.000143684 0.0409585 -0.00676267 0.00643669 -0.00650077 0.0127839 0.0232443 0.00515501 0.000263013 0.0002647 0.0227691 0.00014568 0.00372762 0.00561206 0.0120122 0.000204651 0.00148851 0.0163929 -0.00108298 0.00109284
internal_weight=21110.4 15641.8 3432.83 938.89 894.307 2493.94 5468.56 913.235 4555.33 385.973 442.959 44.5834 2315.86 162.378 90.8396 358.241 150.053 208.188 180.121 12209 71.5387 12126.3 621.559 566.818 154.417 12105.9 6062.9 155.549 6043.01 5907.36
internal_count=137490 105630 29903 7494 7132 22409 31860 5304 26556 2144 2680 362 21385 876 474 2015 816 1199 1019 75727 402 75264 5089 4549 924 75163 34784 914 40379 33870
is_linear=0
shrinkage=0.03


Tree=116
num_leaves=31
num_cat=0
split_feature=45 40 74 51 39 74 50 77 26 45 45 57 31 43 77 21 26 74 76 21 19 39 50 76 48 77 64 29 28 50
split_gain=23.9995 49.0224 47.5391 67.7493 74.5334 44.5966 40.6904 38.6557 38.2874 51.8516 61.2935 50.9788 36.6942 35.7692 34.8894 33.5252 39.306 32.3373 44.8891 35.854 31.0723 30.0244 48.4637 35.0155 29.2719 28.6239 38.3577 28.4052 26.981 27.4404
threshold=-9.1497872891033158e-05 -0.042237367316461875 73892350.000000015 0.012175324675117142 50.616174066431533 203955750.00000003 2.397439139229911 0.012270086243652337 0.037234042553072666 -0.04767844862154718 -0.072643504476067752 41.946317392036953 86.067775516676178 -0.016550304573575144 4.5947014352156032e-05 0.24999999998508518 0.12651831817051393 276861750.00000006 -0.0069191364195196675 0.076923076912557523 0.21052631578744233 27.401520081235898 0.30357142857142866 -0.037195620775096486 141.25000000000003 0.044448439800342833 -11.272645780119909 9027.7906411869135 0.10752688171956297 4.3593564714704245
decision_type=2 2 2 8 2 2 10 8 10 2 2 10 2 2 10 10 10 2 8 10 10 2 10 10 10 10 2 2 10 10
left_child=1 7 15 4 -4 -6 -7 8 9 10 13 -12 -5 -1 -11 -3 -17 18 -14 -19 -9 23 -23 -10 25 27 -27 -2 -28 -30
right_child=24 2 3 12 5 6 -8 20 21 14 11 -13 17 -15 -16 16 -18 19 -20 -21 -22 22 -24 -25 -26 26 28 -29 29 -31
leaf_value=0.02948984911236268 0.0013920260789296881 -0.0062202487983758267 -0.016243578696058986 -0.010008571699687697 0.059163018354341158 0.052107324935694817 -0.0035469482378649437 0.00039783918715441353 -0.020505375954925509 -0.0062332156787329703 0.015260822557903172 0.075901069056388479 0.037145909016397541 -0.026322963726719304 0.037649986899312551 0.023900567392711802 -0.0021273127938791284 -0.00076025921417221479 -0.0068064668978422048 0.019557630228595871 -0.016911670398914634 -0.018547177700850702 0.00084182003417737931 0.011324640683706101 -0.0087054410663164623 0.024146309758713888 -0.02386113210404852 0.029380813691003514 0.001128641254993331 -0.01150118289181316
leaf_weight=20.245838783681393 11063.21555406414 2959.0240969602019 31.747960302978754 268.21422874927521 41.713980427011847 17.554657131433487 32.025770604610443 183.80681742727757 32.898027636110783 99.040679596364498 21.676706902682781 31.019870005548 21.543035335838795 19.111755907535553 18.477454464882612 70.735525708645582 190.82692446187139 146.48629231750965 287.3907061740756 165.7544554322958 187.84107105433941 118.83637519925833 3642.9001613594592 379.99044148623943 279.80579300969839 38.49600138515234 69.447920724749565 31.744839131832123 362.10676018148661 268.76834359765053
leaf_count=113 67730 24739 449 2678 272 151 223 1042 157 776 139 209 144 164 141 399 1007 1088 1888 1055 1167 595 23170 1823 1499 205 629 192 2111 1535
internal_value=-4.68864e-06 -0.00117922 -0.00352729 0.00213931 0.0229102 0.0365871 0.0167395 0.000910387 0.00169905 0.0141818 0.0309126 0.0517614 -0.000753374 0.00233254 0.000900713 -0.0053097 0.00496432 0.00324773 -0.00362187 0.010044 -0.00836472 0.00106843 0.000223742 0.00873783 0.000866648 0.00109395 -0.00461886 0.00147502 -0.00623651 -0.00425691
internal_weight=21102.4 8988.86 4233.02 1012.43 123.042 91.2944 49.5804 4755.85 4384.2 209.572 92.0542 52.6966 889.389 39.3576 117.518 3220.59 261.562 621.174 308.934 312.241 371.648 4174.63 3761.74 412.888 12113.6 11833.8 738.819 11095 700.323 630.875
internal_count=137490 63589 34093 7948 1095 646 374 29496 27287 1542 625 348 6853 277 917 26145 1406 4175 2032 2143 2209 25745 23765 1980 73901 72402 4480 67922 4275 3646
is_linear=0
shrinkage=0.03


Tree=117
num_leaves=31
num_cat=0
split_feature=20 28 5 20 88 1 72 13 46 66 8 39 85 61 77 3 74 39 62 39 24 74 64 33 54 90 75 15 40 70
split_gain=23.4792 38.1925 24.4708 45.7967 29.4744 47.5593 33.0323 28.999 26.0438 25.8739 29.9255 24.4721 23.2308 27.3265 22.9096 22.2084 20.1096 20.3323 18.3379 17.0309 37.5684 31.3138 35.0828 32.6198 29.1583 26.6182 18.9351 16.8525 19.1359 16.7078
threshold=-0.0069930069971733668 0.019803921568379398 -0.074014528998451831 -0.20833333333369922 -0.60355339059327329 0.0053523682200152809 523975300.00000006 0.94444444440509268 1.1571431841169086 99.999999990291684 0.011904761904655614 14.651303382962052 0.087326793258091853 -0.11533305836254897 0.0059139234957825302 0.024793397262361853 655527450.00000012 3551.4802717540865 1.8780278630704574 51.325777935547258 0.038890638877530422 -2017749.9999999998 2.1384385183240174e-10 36.22662706528191 0.99586136930665226 1.0000000180025095e-35 0.12005614720652473 0.0052083333294067344 -0.02377099993254372 0.68936256992846501
decision_type=10 8 10 10 2 10 2 10 10 10 10 2 10 10 10 10 2 2 2 2 10 2 2 2 10 2 10 8 2 8
left_child=1 -1 3 11 5 8 29 12 15 10 -9 -3 13 -6 -10 -4 17 19 -11 21 -21 22 -2 -24 26 -26 -23 28 -13 -7
right_child=16 2 4 -5 7 6 -8 9 14 18 -12 27 -14 -15 -16 -17 -18 -19 -20 20 -22 24 23 -25 25 -27 -28 -29 -30 -31
leaf_value=-0.026997802883836488 0.044695632537513047 0.015941430837482822 -0.0037364148140499607 0.0090121415384660578 0.0080695720231172396 -0.0097250673948714537 0.0027920786957544123 -0.0017052948904815574 0.0056141761008083177 0.025128461899329806 -0.010488051907582854 -0.0012166413139444944 -0.0048275228305108405 -0.00065195755862918435 -0.00058934045185614727 0.01049148404601152 -0.010708507078874094 -0.019512246440683261 -0.0042786504799222939 0.044298485540917115 0.0078099839199200875 -0.010351272380780914 0.014569015948965714 -0.012142698124594785 0.016671779399129394 -0.0064320737125206136 0.024539887313338855 0.0013333901048218398 -0.01340530275681655 -0.00051206962934407217
leaf_weight=46.956910990178585 24.52316434122622 79.013233408331871 710.07737068273127 716.23745154216886 333.90212434530258 613.14883415587246 472.7719536498189 678.12862573936582 2411.5884148534387 40.659311316907406 721.82320821471512 334.21636274456978 1168.0822935961187 9331.1509038731456 687.40491738542914 113.60749644227326 77.876307606697083 28.85403548181057 34.480033323168755 26.033115781843662 452.72350233606994 252.4064946193248 149.68092103302479 55.625727400183678 106.88561769574881 75.890103677287698 13.835809666663407 911.86401921510696 177.19350166618824 250.12813073024154
leaf_count=860 159 408 4753 3696 1672 4482 2666 6660 14500 300 10352 1499 7434 57700 3956 537 414 154 223 212 2515 2312 824 475 558 412 66 5085 806 1800
internal_value=-4.58327e-06 -0.000257502 -0.000192527 0.00277537 -0.000567649 0.00131187 -0.00357386 -0.00137096 0.00297718 -0.00531613 -0.00624013 -0.000200126 -0.000833054 -0.000349538 0.00423743 -0.00176004 0.00395742 0.00493079 0.0117157 0.00555895 0.00988855 0.00249104 0.0114736 0.00729343 -0.00211531 0.00707973 -0.00844182 -0.0011089 -0.00546355 -0.00706282
internal_weight=21096.8 19832.4 19785.5 2218.52 17567 5258.73 1336.05 12308.2 3922.68 1475.09 1399.95 1502.29 10833.1 9665.05 3098.99 823.685 1264.33 1186.46 75.1393 1157.6 478.757 678.848 229.83 205.307 449.018 182.776 266.242 1423.27 511.41 863.277
internal_count=137490 129389 128529 11494 117035 32694 8948 84341 23746 17535 17012 7798 66806 59372 18456 5290 8101 7687 523 7533 2727 4806 1458 1299 3348 970 2378 7390 2305 6282
is_linear=0
shrinkage=0.03


Tree=118
num_leaves=31
num_cat=0
split_feature=45 1 74 55 8 71 66 43 55 30 18 72 18 49 64 29 39 44 17 74 77 88 20 74 74 22 74 87 35 7
split_gain=22.4536 34.9239 31.2237 31.0765 31.4133 28.4174 28.1497 36.4141 34.317 31.1167 26.0151 25.4643 27.4771 24.6597 42.0369 39.3794 40.0219 32.0422 31.4703 23.1192 22.8709 21.9935 20.7914 20.565 20.2652 23.5266 21.6189 19.5478 19.4249 24.201
threshold=0.082089963185971851 -0.019607822144930395 4579953250.000001 1.0000000180025095e-35 0.021126760563324493 0.42439875972202862 44.444444439185197 -0.050244701191062606 66.666666533333412 0.0035419817330818453 0.083333333313020966 432346250.00000006 0.22556390976890731 0.018159806295168671 0.071177055879796947 5717.9574297965619 2608.830003939504 0.011833367747912773 -0.1153846154101331 -158904599.99999997 -0.0023201672586676521 0.37940952255126054 -0.2831469744114502 -43997749.999999993 1128383312.0000002 0.79999999988000015 169051000.00000003 2.5000000000000004 3737.211931452282 -0.0065359477172881588
decision_type=2 10 2 10 10 8 10 2 10 2 8 2 10 10 2 2 2 2 8 2 10 2 10 2 2 10 2 2 2 10
left_child=1 11 3 10 19 6 24 -8 9 -9 -2 12 -1 14 17 16 -16 20 -19 -5 -7 -13 -10 -17 25 26 -3 -15 29 -21
right_child=2 5 -4 4 -6 13 7 8 22 -11 -12 21 -14 27 15 23 -18 18 -20 28 -22 -23 -24 -25 -26 -27 -28 -29 -30 -31
leaf_value=0.0054497791430436213 0.0047344749553529008 -0.00035337849421027947 -0.023726725853663838 0.018271467835140734 -0.00066766102390148534 -0.0076877322619503885 0.011973663452076955 -0.004633743081304615 -0.016589663395797299 -0.012407617130298034 -0.0097703267931052509 0.001628415838083292 -0.010996782581031258 3.2709984533714884e-05 0.0055799448814332327 0.0026129606529110773 0.023971697101948387 0.026974566618093814 0.0026974360832333292 -0.0028197019046467295 -0.00026605270895368896 -0.011368279967654268 1.2737028793738043e-05 -0.017539026425859763 0.0083455068532602584 0.019486090619360841 -0.0064214507011927675 -0.005008898645004198 -0.0050377447818301746 0.006068452347405817
leaf_weight=1699.9401228670031 164.77437819167972 2854.0078291110694 41.694964580237865 108.84485964477062 1462.4151519462466 621.90143758431077 116.36825086548924 1302.0034122094512 71.244872411713004 722.1459388397634 337.36311728879809 325.13541194796562 95.590849407017231 1928.6400237940252 1393.481323113665 87.564395435154438 114.6049532815814 51.102060198783875 631.64438910409808 315.4668647646904 936.47693549282849 181.77485097572207 1119.3734959326684 93.039516068994999 211.57285099476576 47.834672693163157 647.88107206299901 1077.5742916744202 188.77071984112263 2135.7826458998024
leaf_count=9035 795 20158 237 612 8683 4115 594 10465 484 6746 1621 1781 519 12851 9250 526 619 263 4149 1552 7577 1077 7897 631 1422 282 4431 7238 932 10948
internal_value=-4.50721e-06 -0.000532916 0.00180935 0.00204087 0.00288266 -0.00109515 -0.00243031 -0.00443836 -0.00503692 -0.00741343 -0.00500472 0.00289037 0.00456689 0.000269843 0.00183455 0.00540775 0.00699455 -0.000857744 0.00455571 0.0047721 -0.00323277 -0.00303942 -0.000991297 -0.00779139 -0.000650409 -0.00118963 -0.0014784 -0.00177452 0.00420769 0.00492267
internal_weight=21086 16330.9 4755.11 4713.42 4211.28 14028.5 7092.43 3331.14 3214.77 2024.15 502.137 2302.44 1795.53 6936.03 3929.82 1688.69 1508.09 2241.12 682.746 2748.87 1558.38 506.91 1190.62 180.604 3761.3 3549.72 3501.89 3006.21 2640.02 2451.25
internal_count=137490 112110 25380 25143 22727 99698 52479 26186 25592 17211 2416 12412 9554 47219 27130 11026 9869 16104 4412 14044 11692 2858 8381 1157 26293 24871 24589 20089 13432 12500
is_linear=0
shrinkage=0.03


Tree=119
num_leaves=31
num_cat=0
split_feature=26 77 74 17 74 24 20 31 26 45 83 86 0 84 12 86 29 72 83 22 20 45 83 53 15 14 54 83 65 20
split_gain=21.5257 43.2532 37.0452 32.3857 30.012 39.17 41.7735 23.4918 33.0662 66.0401 35.9515 23.5981 49.4182 32.8529 30.7321 26.7518 23.8825 23.4664 23.9523 22.7866 24.9716 22.3162 27.5888 22.0078 31.5809 32.5426 21.1487 19.6918 19.0085 18.9937
threshold=0.031249999999715176 -0.0019785289625997493 -56167949.999999993 -0.13793103448758906 43350.000000000007 0.020922270792608725 -0.03931357637254667 7713.0826444125305 0.08235294117574396 0.053194740527789171 -0.0017185537369046185 13.500000000000002 0.012051650920559378 0.011628053521139494 0.20000017242449533 15.500000000000002 436.12851714244363 14571400.000000002 0.0034767922923811018 0.8749999999753908 -0.0052565789476236571 -0.04767844862154718 -0.00050149143752212558 0.040655781409087093 0.14523295904830649 -2.2474633265545659e-11 0.79012972205496534 -0.00088831274550504392 -0.015119711678806207 -0.12327174259399247
decision_type=8 8 2 8 2 10 10 2 10 2 10 2 10 10 10 2 2 2 10 10 8 2 8 8 8 10 10 10 2 10
left_child=1 4 -3 -4 27 -6 -7 11 9 10 -9 14 13 16 23 -14 26 28 -19 21 -21 29 -23 24 -2 -26 -13 -1 -15 -5
right_child=7 2 3 19 5 6 -8 8 -10 -11 -12 12 15 17 -16 -17 -18 18 -20 20 -22 22 -24 -25 25 -27 -28 -29 -30 -31
leaf_value=-0.0037859638015689191 0.00058774821489951336 0.023348666081185618 0.04055062680302924 -0.0042399260231736971 0.044384158764839365 -0.022507213485623109 0.027879914849655268 0.026836999637812088 -0.018733873118034754 0.051381596247018053 -0.015330019638335001 5.9209445863013205e-05 -0.0012954380152042982 -0.019005892830902923 -0.0028853829462140738 -0.011869626098902934 0.0068437361000047384 -0.00016224410230865889 0.0096282676563623319 0.047055156732709415 -0.005296009241958422 -0.023380552439070012 -0.0035376023126180854 0.004143819022163416 -0.0032700083607443966 -0.020409618766462009 0.0043738139474915338 -0.027473208695228547 -0.0033228776435590087 0.038451650856384544
leaf_weight=42.215678112581372 5173.0557305719703 52.715826746076345 14.48653135076165 17.272312585264444 13.734483761712907 54.500700520351529 19.217709532007575 21.795258849859238 138.40127538144588 19.760192796587944 89.30415154248476 1923.8423599489033 616.03471969813108 76.120880514383316 3562.7158893346786 330.91264210268855 1442.6028613224626 1412.952871048823 266.3353982232511 15.623925752937792 15.644820267334582 69.1806804779917 636.65192849189043 1247.1392904035747 618.99347444623709 118.15545352548361 2184.7670353502035 132.75905158556998 730.7228580173105 18.789614200592041
leaf_count=318 32541 350 69 145 116 528 228 124 769 105 571 11595 4938 347 27373 1899 7904 8292 1389 99 171 604 7365 6488 3314 553 13460 1416 4299 120
internal_value=-4.60196e-06 -0.00408301 -0.000753394 -0.00239786 -0.0146907 -0.00028852 -0.00913427 0.00022062 -0.00856373 0.00223028 -0.00686541 0.00034124 0.00147531 0.00223941 -0.000608977 -0.0050024 0.00352287 -0.000625462 0.00139355 -0.00325779 0.0214167 -0.00432922 -0.00551704 0.000523977 -0.000239927 -0.00604526 0.00235475 -0.0218293 -0.00482789 0.0183604
internal_weight=21076.4 1102.79 840.366 787.65 262.428 87.4529 73.7184 19973.6 269.261 130.86 111.099 19704.4 8984.29 8037.34 10720.1 946.947 5551.21 2486.13 1679.29 773.163 31.2687 741.895 705.833 7157.34 5910.2 737.149 4108.61 174.975 806.844 36.0619
internal_count=137490 11529 8923 8573 2606 872 756 125961 1569 800 695 124392 54123 47286 70269 6837 32959 14327 9681 8504 270 8234 7969 42896 36408 3867 25055 1734 4646 265
is_linear=0
shrinkage=0.03


Tree=120
num_leaves=31
num_cat=0
split_feature=45 44 1 74 33 26 26 19 74 43 14 24 51 15 67 68 52 82 74 74 14 68 43 83 48 43 65 29 5 75
split_gain=21.2272 41.8049 44.9218 44.5084 49.3265 42.2756 41.3624 40.1451 35.9893 44.1325 54.1942 44.1932 36.295 39.0686 33.2754 32.2435 31.4975 33.4014 32.3597 72.8613 44.0804 29.7443 27.8762 31.2063 26.3654 26.2901 25.6091 25.0579 25.5899 27.4984
threshold=-9.1497872891033158e-05 -0.041489290613823719 -0.028552018633540396 9187300.0000000019 85.027147651584244 0.056910569105344054 0.10309278350435754 0.16666666664583335 -43997749.999999993 -1.8496876327822596e-06 -0.074074074081790106 0.020922270792608725 0.0089285714285663401 0.013513513503241483 99.999999908333336 -99.999999924999983 0.0095087377631417249 -0.0002627628951204374 -194799.99999999997 -22419449.999999996 -0.021052631586675859 -66.666666661666653 -0.0031580416332115386 -0.00070405335596657561 141.25000000000003 -0.0074308331996991708 0.0018785686628966351 9027.7906411869135 -0.066602067183462496 0.033372160168801131
decision_type=2 2 8 2 2 10 10 10 2 2 8 8 10 10 10 8 8 10 2 2 10 10 2 8 10 2 2 2 10 10
left_child=1 5 -3 8 15 16 7 -6 12 10 -10 -11 -4 -14 -7 -5 17 26 19 -18 -21 -19 23 -20 27 -23 -1 28 -2 -30
right_child=24 2 3 4 6 14 -8 -9 9 11 -12 -13 13 -15 -16 -17 18 21 22 20 -22 25 -24 -25 -26 -27 -28 -29 29 -31
leaf_value=-0.010712560626936618 0.0046406147359462991 0.0087879984780925274 0.022139776502703212 0.0096877426997373801 -0.0075354088911958415 -0.00074832800361923234 -0.0059937174677420742 0.0095113184020561778 0.0078729084198511223 0.029306418059289789 -0.013123487646593442 -0.0037681496693588528 -0.018571208172480699 0.0032522279422595381 0.014742435391431491 -0.0098166283859849584 -0.0040101645397606807 0.034372770422400056 0.01424211086749406 0.060417569347870806 0.016027837356129448 -0.0073909250433313841 0.042552739413808764 -0.0162280359147501 -0.0083063210361608852 0.019763252787466254 0.021020837596604863 0.026794103301824603 -0.00010668862898019995 0.0049332863763854448
leaf_weight=162.62250364013016 1481.7586066536605 267.86105392687023 62.980187520384789 87.779045976698399 148.73745074123144 3619.9436970278621 316.97682543098927 732.39086749404669 120.60192260704935 37.522764386609197 1242.8697287626565 644.00174926966429 97.592050738632679 292.65533339418471 128.25125432386994 541.91009616479278 45.496653040871024 39.85715588927269 66.787893598899245 50.663972750306129 34.892432877793908 70.134864265099168 15.22192128933966 53.617538111284375 277.6085591763258 57.437120210379362 25.612364016473293 32.886428132653236 9226.7908768039197 1088.19983612746
leaf_count=1194 7577 1397 411 479 977 22259 1938 5465 665 446 11061 4650 629 2053 582 6023 306 263 494 309 302 514 117 459 1499 438 158 197 58276 6352
internal_value=-4.54724e-06 -0.00111119 -0.00310931 -0.00384853 -0.000288802 0.000988571 0.00328188 0.00662509 -0.00645059 -0.0081452 -0.0112597 -0.00190249 0.00119008 -0.00223117 -0.000213693 -0.0070819 0.00822299 0.00235551 0.015999 0.026582 0.0427431 0.0120735 0.00563134 0.000626886 0.000814609 0.00487007 -0.00629061 0.00102959 0.000955245 0.000425149
internal_weight=21071.7 8964.42 4593.88 4326.02 1827.79 4370.54 1198.11 881.128 2498.22 2045 1363.47 681.525 453.228 390.247 3748.19 629.689 622.344 355.664 266.68 131.053 85.5564 167.429 135.627 120.405 12107.2 127.572 188.235 11829.6 11796.7 10315
internal_count=137490 63589 36194 34797 14882 27395 8380 6442 19915 16822 11726 5096 3093 2682 22841 6502 4554 2567 1987 917 611 1215 1070 953 73901 952 1352 72402 72205 64628
is_linear=0
shrinkage=0.03


Tree=121
num_leaves=31
num_cat=0
split_feature=20 28 76 13 39 35 74 83 40 39 35 35 17 50 21 0 26 81 77 24 8 7 74 64 37 23 51 40 40 89
split_gain=21.3303 36.4241 24.1755 22.1643 25.7567 22.0574 21.0451 20.8512 24.589 17.6464 16.9826 18.8823 17.5132 20.8622 16.8234 16.2878 21.815 18.8526 28.0301 18.0547 15.4853 15.0643 18.1115 39.6051 35.4611 17.9337 19.6745 13.4259 10.0946 8.93372
threshold=-0.0069930069971733668 0.019803921568379398 0.189768214815321 0.62499999998730482 70.803436536285943 3866.7014810068617 655527450.00000012 -0.0014290273172356987 0.059858707883757474 2407.7071807668635 966.96433356718285 478.75780498190267 -0.070175438608725701 4.5892857142857144 0.10869565216788758 -0.066281701391200196 0.28571428568367352 0.024370819578753079 -0.0023201672586676521 0.032482294403404818 0.0075757575757560459 -4.2471581807035358e-13 -2017749.9999999998 2.1384385183240174e-10 50.020612515683922 0.98145463774149155 0.010404338044659065 0.88075600814196875 0.27772889683480789 -0.70710678118654757
decision_type=10 8 10 10 2 2 2 8 2 2 2 2 10 8 10 8 10 10 10 8 10 10 2 2 2 10 10 2 2 2
left_child=1 -1 3 15 -5 6 9 20 -9 21 11 12 13 -4 -14 16 29 19 -19 -17 -6 22 23 -2 -24 -23 -27 28 -8 -3
right_child=5 2 10 4 7 -7 27 8 -10 -11 -12 -13 14 -15 -16 17 -18 18 -20 -21 -22 25 24 -25 -26 26 -28 -29 -30 -31
leaf_value=-0.026766507293586653 0.050185787457908179 0.020107360745094387 0.010412813838939184 -0.01263953556898478 0.020284996804030141 -0.019437526560947816 -0.0065941050857125589 -0.0049461603317970133 0.00095559819542364048 0.028196504148401781 -0.023580973278000225 0.023394381638204769 -0.031337618106219649 -0.017044851596562625 -0.0060291432349046789 0.0034904293265289308 -0.0025926259862238303 0.033151169482661003 0.0032228358652849134 -0.00013558808175896943 0.0019822821781430252 -0.010504397238292008 -0.0027070141032838353 0.0096956212024110356 0.011839049438380846 0.023996057928440097 -0.00041346743609492904 0.0063530495329361288 -0.033599798039075077 0.0069761319431651553
leaf_weight=45.498788692057133 23.469887234270573 93.691302999854088 68.771625928580761 199.73748514614999 43.770823515951633 34.771801851689816 27.385775353759527 1691.2686740793288 1015.6503741629422 29.079015806317329 56.035170257091522 18.080125384032726 41.012627124786377 37.717503372579813 56.295249737799168 1353.395741648972 124.10894204676151 37.019916079938412 110.76154405623674 14111.025646645576 605.5292704552412 110.41258219256997 319.9092555642128 208.60272444598377 283.47957951389253 36.998575383797288 135.19469049945474 26.907996401190758 23.418048270046711 96.970019415020943
leaf_count=860 164 472 430 5077 330 184 187 16599 6761 132 325 120 394 233 330 10496 593 226 575 80354 4739 600 2583 1423 1719 177 705 119 108 475
internal_value=-4.42418e-06 -0.000245384 -0.000182817 -5.7113e-05 -0.00219836 0.00377922 0.00445608 -0.0015725 -0.00273115 0.00548348 -0.00895267 -0.0051556 -0.00780496 0.000591547 -0.0169368 0.000420874 0.00716687 0.000284221 0.0109126 0.00018176 0.00325002 0.0048654 0.00688918 0.0140011 0.00413023 -0.00111005 0.00492227 -0.0105489 -0.0195086 0.0135157
internal_weight=21066 19806.3 19760.8 19482.9 3555.96 1259.63 1224.86 3356.22 2706.92 1147.15 277.912 221.877 203.797 106.489 97.3079 15927 314.77 15612.2 147.781 15464.4 649.3 1118.07 835.461 232.073 603.389 282.606 172.193 77.7118 50.8038 190.661
internal_count=137490 129389 128529 126697 33506 8101 7917 28429 23360 7503 1832 1507 1387 663 724 93191 1540 91651 801 90850 5069 7371 5889 1587 4302 1482 882 414 295 947
is_linear=0
shrinkage=0.03


Tree=122
num_leaves=31
num_cat=0
split_feature=20 26 64 76 74 35 13 39 24 77 20 44 74 52 8 52 72 71 46 17 22 39 76 35 74 21 75 50 35 26
split_gain=20.0991 35.2496 29.53 22.6032 21 20.8538 20.5008 22.7632 21.2323 52.1419 49.0794 20.3149 19.8671 19.6279 18.1966 25.1779 18.9505 17.605 17.1478 18.2996 23.3255 16.6169 14.7352 14.3489 18.1085 17.699 17.4062 13.9115 13.2935 12.9425
threshold=-0.0069930069971733668 0.019607843136966552 0.71760122384471803 0.189768214815321 -32012799.999999996 3866.7014810068617 0.62499999998730482 70.803436536285943 0.019021367242865853 0.002391021377518942 -0.13333333335018513 -0.062672483371239304 655527450.00000012 0.00466780866288406 0.017341040462352571 0.0088829545530031955 7445196000.000001 0.42439875972202862 14.678571428571429 -0.070175438608725701 0.82352941174452154 2407.7071807668635 -0.0010494378939017517 2023.0654012383966 -67540049.999999985 1.8220598939310988 0.00047599210426798282 4.4424766813005734 86.428675397724405 0.3157894736717452
decision_type=10 8 2 10 2 2 10 2 8 8 10 2 2 8 10 8 2 8 10 10 10 2 10 2 2 10 10 10 2 10
left_child=1 2 4 6 -1 12 8 -8 9 10 -3 -6 21 22 15 -9 -16 -15 19 27 -21 23 -10 24 26 -26 -2 28 -5 -14
right_child=5 3 -4 18 11 -7 7 14 13 -11 -12 -13 29 17 16 -17 -18 -19 -20 20 -22 -23 -24 -25 25 -27 -28 -29 -30 -31
leaf_value=0.023210474942149319 0.025639199853251939 0.04461887845899519 0.037476921708609841 0.0027670191506218907 0.010518116775718189 -0.01895448766065283 -0.012095646868759708 -0.0044040436934406598 -0.023582696736838209 0.047246965539350608 -0.003853194785523584 -0.020445520377989738 -0.019129409061023565 -0.00052372839045911144 -0.0050411174850434675 0.0036754910489734845 0.0027180476103289717 0.0014994010565284272 -0.02138698900004429 -0.021525272594456465 0.012020830329394598 0.027357491610474013 -0.0011857320144638645 -0.019935448625659578 0.0053198613459546282 -0.0081269967358641622 -0.0041874866450564005 -0.0135464401660816 0.029715616747622655 0.0062405290140333421
leaf_weight=11.461581889539955 67.19286086037755 21.124754354357719 9.2655751183629018 56.010158248245716 20.661152116954327 34.616067923605442 191.06497872807086 525.736676229164 52.494550317525864 28.511355340480804 123.94142563641071 173.30743246339262 50.472235899418592 8032.8843468613923 1445.2204997502267 1016.407210983336 351.07806174084544 7467.5731574818492 69.709359459578991 75.461043991148472 23.827791791409254 29.101993024349213 53.076914269477129 19.833594061434269 910.70428509637713 96.463672280311584 23.177162919193506 27.582068234682083 22.663777142763138 27.070967562496662
leaf_count=56 482 136 82 345 159 184 4845 5216 407 226 1140 2473 293 47577 11831 9114 2090 41857 403 612 140 132 366 103 6126 531 129 173 141 121
internal_value=-4.31527e-06 -0.000238219 -0.0122998 -0.000105218 -0.0147301 0.00367001 1.65288e-05 -0.00204986 0.00047902 0.0108839 0.00344199 -0.0170949 0.00432725 0.00036241 -0.00147058 0.000918061 -0.00352229 0.000450784 -0.00862578 -0.00420077 -0.0134052 0.0053251 -0.0124674 0.00472463 0.00519074 0.0040222 0.0179946 0.00441697 0.0108433 -0.0102677
internal_weight=21057.7 19799.1 214.696 19584.4 205.43 1258.63 19309.1 3529.51 15779.6 173.578 145.066 193.969 1224.02 15606 3338.44 1542.14 1796.3 15500.5 275.254 205.545 99.2888 1146.47 105.571 1117.37 1097.54 1007.17 90.37 106.256 78.6739 77.5432
internal_count=137490 129389 2770 126619 2688 8101 124805 33096 91709 1502 1276 2632 7917 90207 28251 14330 13921 89434 1814 1411 752 7503 773 7371 7268 6657 611 659 486 414
is_linear=0
shrinkage=0.03


Tree=123
num_leaves=31
num_cat=0
split_feature=86 1 59 72 45 84 28 64 49 7 2 0 14 61 47 21 71 2 13 0 83 18 8 49 50 7 50 72 16 39
split_gain=19.8069 48.0641 37.8069 33.8057 29.6805 28.4015 29.3138 25.726 25.9972 25.2307 27.2703 22.1157 23.8329 21.0828 20.8062 20.1766 19.9914 19.9311 19.5717 29.2779 23.186 19.0891 18.6518 17.8258 26.4302 16.3113 16.2492 18.4254 15.6251 15.5643
threshold=13.500000000000002 0.0050314545017277066 1.0000000180025095e-35 4383332800.000001 0.073775222960973066 0.071459057374550342 0.6146245330204928 0.11245282103083726 0.018518518518232743 -0.040000000028799935 0.17165178571428577 -0.0064446905717845939 -0.22654985841451566 0.18191327500950941 0.010270774976606984 0.076486660234291196 0.096166351269314679 0.08703886693017128 0.076923076922662745 -0.005232180132087704 -0.0039758147160870424 0.048387096771023048 0.019607843137198839 0.029251700680174606 1.0393486022949221 -3.6326497365735117e-13 2.3637793404715404 9146700.0000000019 0.16666666664583335 162.82579417848436
decision_type=2 10 8 2 2 10 8 2 10 10 8 8 10 10 10 10 10 10 8 10 8 10 10 10 10 10 10 2 10 2
left_child=5 2 11 4 7 9 23 -3 -9 13 18 14 -13 -1 -2 -6 -14 -5 22 -20 -21 -16 28 24 -7 -8 27 -17 -11 -26
right_child=1 3 -4 17 15 6 25 8 -10 10 -12 12 16 -15 21 26 -18 -19 19 20 -22 -23 -24 -25 29 -27 -28 -29 -30 -31
leaf_value=0.010937421931491418 -0.0082096251825849349 -0.010665706850456116 0.0054840917103592393 0.0066293442390682076 0.028748947593427696 0.0083526696796141376 -0.01224817813492373 0.0036074941475329786 -0.0078477402974180752 -0.006082554193738896 0.011422104733008531 -0.012422798730768654 -0.0043240066280193969 -0.015664436429558018 0.0072749011704708304 -0.0054667901201890584 0.0012414841050727074 -0.015242466748251518 -0.0056104097922162173 0.0066539152620855467 -0.0017129349186038789 0.00082603162649535014 0.0048280972544010869 0.0031849999101271429 0.045647572560006858 0.01395048124387812 -0.0027021016812205406 0.020338822929585484 0.00085275260512000794 0.016373888715164518
leaf_weight=235.91292821802199 126.90172690153122 712.54923633858562 2202.0228401646018 408.60061543807387 23.411345850676298 147.52822630852461 100.3731926754117 327.60301897674799 388.5083490870893 399.34052123874426 146.0207759141922 147.84353938698769 770.67263190820813 29.26257087290287 908.44819969683886 38.675765562802553 2347.8030327782035 40.260306358337402 1825.4296243339777 312.14968719147146 6158.8668523672968 759.56418891251087 733.2931704968214 199.81731400638819 32.943359393626451 26.119003839790821 316.91800696402788 66.442124292254448 1081.627606857568 35.802816189825535
leaf_count=1174 747 5879 13078 2258 119 662 508 2366 2562 2397 799 756 5292 136 5009 181 15223 209 11594 1713 46437 4003 3832 1177 158 136 1706 322 6870 187
internal_value=-4.25991e-06 0.00100189 0.00220342 -0.00275297 -0.00452469 -0.000845847 0.00584626 -0.00663223 -0.00260535 -0.00117908 -0.00140707 0.000774678 -0.000694689 0.00794277 0.00344915 0.00222769 -0.000133906 0.00463138 -0.00158665 -0.00225549 -0.0013079 0.00434233 0.000917887 0.00968911 0.0156422 -0.00674797 0.000684924 0.0108539 -0.00101816 0.0308983
internal_weight=21050.7 9586.22 7263.26 2322.97 1874.11 11464.5 542.584 1428.66 716.111 10921.9 10656.7 5061.23 3266.32 265.175 1794.91 445.447 3118.48 448.861 10510.7 8296.45 6471.02 1668.01 2214.26 416.092 216.274 126.492 422.036 105.118 1480.97 68.7462
internal_count=137490 59710 44108 15602 13135 77780 2828 10807 4928 74952 73642 31030 21271 1310 9759 2328 20515 2467 72843 59744 48150 9012 13099 2184 1007 644 2209 503 9267 345
is_linear=0
shrinkage=0.03


Tree=124
num_leaves=31
num_cat=0
split_feature=87 40 26 20 48 49 17 29 29 74 74 77 49 77 72 76 20 74 48 20 51 20 14 43 72 45 37 77 48 76
split_gain=19.6999 43.1988 46.2309 30.8854 29.2075 28.2241 27.0071 31.4303 71.1459 59.8967 42.4158 47.8979 52.97 44.6903 41.32 45.5345 35.3853 33.848 30.3188 28.7427 29.8028 33.6081 27.1965 27.0277 26.0475 28.7954 25.744 32.5602 26.9394 34.5027
threshold=2.5000000000000004 0.16971530108906799 0.11594202898424703 -0.21853074935735764 0.17857142857142858 0.010447682112355134 -0.11675126903676596 84.244844732299597 90.090269815252228 -489049.99999999994 2714350.0000000005 -0.0018367778889081471 0.010989010988658779 -0.0002685960604467861 8054900.0000000009 -0.00044300082887021463 -0.084745762723498971 413754250.00000006 1.4412119729178294 -0.19298245615096951 0.016357415485214015 -0.13559322034997126 -0.078740157485755455 -0.012305981279568999 11579797500.000002 0.11056949809550333 374.30492845264109 -0.13572499362355503 4.6959555489676346 0.00030722028954480711
decision_type=2 2 10 8 8 10 10 2 2 2 2 10 10 10 2 10 8 2 10 8 10 10 10 2 2 2 2 8 10 8
left_child=6 4 24 -4 -2 -5 -1 9 14 19 11 12 -10 -12 15 -9 -17 -16 -15 22 -21 -22 -8 -13 25 -3 -6 -28 29 -29
right_child=1 2 3 5 26 -7 7 8 10 -11 13 23 -14 18 17 16 -18 -19 -20 20 21 -23 -24 -25 -26 -27 27 28 -30 -31
leaf_value=0.0026905919609696315 0.0060742549424724129 0.049751984008325575 -0.013876145418098926 -0.028837557882776296 -0.003821611726743892 0.0038270780488864993 0.014047810736142677 0.0056244707529990237 -0.021016985493486597 -0.0061707685467129354 0.0079079945246910803 0.012338929397961511 -0.0039942456239061026 0.013372975367578607 -0.0023219054227129588 0.074624013992509813 0.019713468276801149 0.028370644099791856 -0.00042848745093400907 0.0097344423024743956 0.016678190496521989 -0.0066764809322080298 -0.024506232168804504 -0.0009995676982550699 -0.011042106323640008 0.015996353119149286 0.034968919691653888 0.044984652472114438 -0.00083863776325523748 0.0024668111653578149
leaf_weight=4221.7531118039042 366.74585407413542 27.150702234357595 105.5495624653995 23.362201020121574 4560.7595889996737 1027.9397604875267 22.036013953387737 28.888597518205643 225.26565366238356 1759.9419299233705 950.67078019678593 152.91534669697285 607.72819225862622 150.76951083913445 94.344611544162035 27.919978700578213 18.384975373744965 47.976535201072693 2548.7179128751159 487.1476941537112 68.844598012045026 267.83160811848938 57.628175098448992 1221.7086141519248 24.027155086398125 133.58544984087348 23.198066033422947 25.581598423421383 1715.9137132540345 49.373616851866245
leaf_count=24036 2728 136 562 108 32206 5519 123 223 2065 14323 6202 984 4050 1259 674 195 142 305 15673 3004 491 1929 355 8448 123 677 143 179 10356 272
internal_value=-4.16702e-06 -0.00116651 0.00374707 0.0015121 -0.0021452 0.00307163 0.000720566 -0.000231027 0.000959883 -0.00294796 0.000332328 -0.00294884 -0.00862097 0.00231787 0.0177676 0.0356248 0.0537633 0.0081294 0.000345896 0.00332644 0.00499728 -0.00185671 -0.0137626 0.000489938 0.0176411 0.0219891 -0.00261942 0.000401824 -6.35328e-05 0.0174185
internal_weight=21043.7 8083.19 1341.61 1156.85 6741.57 1051.3 12960.5 8738.72 6075.29 2663.43 5857.78 2207.62 832.994 3650.16 217.515 75.1936 46.305 142.321 2699.49 903.488 823.824 336.676 79.6642 1374.62 184.763 160.736 6374.83 1814.07 1790.87 74.9552
internal_count=137490 53009 7125 6189 45884 5627 84481 60445 40220 20225 38681 15547 6115 23134 1539 560 337 979 16932 5902 5424 2420 478 9432 936 813 43156 10950 10807 451
is_linear=0
shrinkage=0.03


Tree=125
num_leaves=31
num_cat=0
split_feature=22 20 74 74 81 0 87 33 75 49 83 18 19 21 83 74 15 36 74 28 47 20 87 49 28 64 28 40 33 17
split_gain=19.1299 38.8616 36.1014 76.844 35.3506 33.7347 33.5317 43.7858 34.9391 34.6765 51.275 32.0922 25.3195 28.7695 50.5393 44.2149 25.1587 25.1266 22.8122 25.6163 22.14 20.8378 20.5746 40.8996 30.625 30.277 28.17 25.3069 24.5006 21.4121
threshold=0.666666666625926 -0.088983050848499931 73892350.000000015 86676050.000000015 -0.0012649221361198655 -0.019223378466268589 3.5000000000000004 178.16309037620388 0.0031099568825905849 0.0090586022319799793 0.0058103969417253164 0.15624999997290048 0.62499999994140631 0.15151515148898079 0.00062902973065509353 15714400.000000002 -3.9230785287003294e-11 0.26393616253282376 113293250.00000001 0.049689440993557356 0.016483516483252327 -0.072727272732190026 2.5000000000000004 0.018060848281953264 0.042674796747825976 1.0291378917761136 0.25999999999610007 0.49539535146147468 3044.4866346179947 -0.11764705886245667
decision_type=10 10 2 2 10 10 2 2 10 10 10 10 10 10 10 2 10 2 2 10 10 10 2 10 8 2 10 2 2 8
left_child=1 17 5 21 -5 -3 9 8 -8 10 12 16 -2 14 -14 -15 -7 22 -6 -20 -10 -4 24 25 -1 26 -24 29 -27 -26
right_child=6 2 3 4 18 11 7 -9 20 -11 -12 -13 13 15 -16 -17 -18 -19 19 -21 -22 -23 23 -25 27 28 -28 -29 -30 -31
leaf_value=-0.021434758859738917 0.033040116315373194 0.0072580630096662491 0.057818153215009355 -0.0093608824561198355 -0.014945616917171169 0.024073621000371331 -0.0062390353469663389 0.013089182646561375 0.029529722113613301 -0.00032984768613785034 -0.0297782050201853 0.023860783081297597 -0.0016356107167322907 -0.0036334997107762492 0.039857034653702016 0.033330119855372146 -0.0070153057825549222 0.01675336313257747 0.028305069165341794 0.0036035323586913197 0.0042571738273253319 0.015920180127475873 -0.00085973962008844445 -0.0038516760922813783 0.003152264227080329 0.019576974235379439 0.01062296160591805 -0.02286762055370932 -0.0023533295018194579 -9.2833552694575637e-05
leaf_weight=52.795050304383039 44.658953554928303 177.85712025314569 24.373090941458941 270.26844167709351 53.396540293470025 22.681006170809269 286.45514577813447 473.32455705106258 42.739076908677816 4162.6239896304905 27.402689561247826 30.37903019413352 46.720426151528955 174.39605460315943 59.179664075374603 33.914671778678894 2226.5958454832435 81.480732679367065 39.801031075417995 528.99049376323819 111.6611071433872 20.649703545495868 1556.4538186565042 2668.3271989505738 3403.371692109853 142.64242146164179 218.33572952263057 37.842039033770561 66.715987846255302 3953.1743669547141
leaf_count=597 271 1024 139 2043 540 115 1756 2624 251 24412 129 165 387 840 360 157 21105 463 359 4190 673 223 9997 16741 19350 817 1057 192 387 26126
internal_value=-4.00494e-06 -0.00053989 -0.00337786 0.00162721 -0.000318525 -0.00528828 0.00152316 0.00676293 -3.67136e-05 0.000468225 0.00905496 -0.0062712 0.012103 0.00902234 0.0216794 0.00250063 -0.00668992 0.000251044 0.00361323 0.00538392 0.0114171 0.0394303 0.000138292 -0.00142639 0.00111626 0.00183398 0.000556367 0.00128055 0.0125962 0.00140827
internal_weight=21039.2 15576.1 3394.99 937.479 892.457 2457.51 5463.08 914.18 440.855 4548.9 386.272 2279.66 358.87 314.211 105.9 208.311 2249.28 12181.1 622.188 568.792 154.4 45.0228 12099.7 4652.48 7447.18 1984.15 1774.79 7394.39 209.358 7356.55
internal_count=137490 105630 29903 7494 7132 22409 31860 5304 2680 26556 2144 21385 2015 1744 747 997 21220 75727 5089 4549 924 362 75264 28999 46265 12258 11054 45668 1204 45476
is_linear=0
shrinkage=0.03


Tree=126
num_leaves=31
num_cat=0
split_feature=86 1 59 72 45 64 49 12 53 77 68 15 14 0 77 23 48 26 53 50 72 66 54 16 57 71 54 29 74 1
split_gain=18.7386 45.6063 34.8285 31.5321 29.0246 25.9803 28.3005 25.104 23.2629 22.6094 24.3067 21.0777 38.041 20.4737 20.8329 18.8168 21.8024 20.8659 20.4759 17.997 21.989 17.5571 17.1703 24.0465 20.1222 17.1491 17.1358 17.0963 16.6187 16.5971
threshold=13.500000000000002 0.0050314545017277066 1.0000000180025095e-35 8980094850.0000019 0.073775222960973066 0.11245282103083726 0.017857142856935109 0.20881782945736438 0.03440104580768908 0.024897818656712381 -99.999999997332864 0.14523295904830649 -2.2474633265545659e-11 -0.0064446905717845939 -0.0081604573697731195 0.52933440364600792 0.79285730634416862 0.28999999999847753 0.040655781409087093 2.3637793404715404 9146700.0000000019 29.999999997652505 0.6249606941955822 0.2941176470510381 48.387096755983357 1.49721553999136 1.8166272617607693 83.478459332926548 58046150.000000007 0.083607512324570435
decision_type=2 10 8 2 2 2 10 10 8 8 10 8 10 10 10 10 10 10 10 10 2 10 8 10 10 8 10 2 2 10
left_child=7 2 9 4 5 -3 -7 8 11 10 -2 25 -13 -12 -15 17 -17 26 -18 20 -6 -19 23 24 -11 -1 -10 -9 -20 -5
right_child=1 3 -4 29 19 6 -8 27 15 22 13 12 -14 14 -16 16 18 21 28 -21 -22 -23 -24 -25 -26 -27 -28 -29 -30 -31
leaf_value=-0.00091118935565366469 -0.0096833485384971094 -0.01013818117633206 0.005289382213544515 0.0083718778368170668 -0.0050367460098518033 0.0043746345478301403 -0.0071815296760985685 -0.0091076936878104198 0.01219194738407919 0 0.0046872505025106594 -0.0032348856075384404 -0.026487605224672171 -0.0054506373628989031 0.0015296683566679134 -0.0061498566048780708 -0.0066852481833682056 -0.0048529915652138012 0.011176495224918651 -0.00088049868666308215 0.022267478470729483 0.018439980933861292 -0.0091356353802565567 -0.0071930358742805503 0.027462159948683298 0.0034861541653712995 -0.0047066150532870934 -0.0021852455862118574 0.00020509032396607278 -0.017710268214385788
leaf_weight=4516.344292294234 168.01203192025423 738.11889326386154 2205.5989033337682 278.99649312347174 40.403349667787552 330.29629682190716 448.151062913239 354.61169062554836 452.22945510596037 50.933503445237875 1540.5520231481642 511.3101364672184 71.429897867143154 459.60335324145854 2335.7817531861365 301.14757476374507 135.5997377615422 176.27742864191532 284.75327065587044 385.11545991897583 73.840453621000051 33.835278868675232 339.20881267823279 120.51207425259054 44.172287786379457 968.42743539065123 60.504886142909527 3363.054033011198 220.92381309345365 22.82985332608223
leaf_count=30982 878 6079 13078 1503 190 2359 2940 5282 2204 298 8387 2758 316 2837 15663 1545 759 842 1584 2057 355 173 1996 715 256 6143 303 23675 1214 119
internal_value=-3.80229e-06 0.000974868 0.00214412 -0.00268789 -0.00404309 -0.00610821 -0.00227506 -0.000823062 0.000150616 0.000771435 0.00147614 -0.000711104 -0.00613074 0.00191139 0.00037939 0.00329068 0.000492744 0.00692868 0.00362154 0.00222239 0.0126251 -0.00101824 -0.0049362 0.00166817 0.0128858 -0.000133725 0.0101867 -0.00284863 0.00639902 0.00633717
internal_weight=21032.6 9582.13 7264.37 2317.75 2015.93 1516.57 778.447 11450.4 7732.78 5058.78 4503.95 6067.51 582.74 4335.94 2795.39 1665.27 942.424 722.847 641.277 499.359 114.244 210.113 554.827 215.618 95.1058 5484.77 512.734 3717.67 505.677 301.826
internal_count=137490 59710 44108 15602 13980 11378 5299 77780 48823 31030 27765 40199 3074 26887 18500 8624 5102 3522 3557 2602 545 1015 3265 1269 554 37125 2507 28957 2798 1622
is_linear=0
shrinkage=0.03


Tree=127
num_leaves=31
num_cat=0
split_feature=91 36 23 20 34 83 81 76 40 77 82 20 29 29 20 15 37 39 2 33 4 31 83 51 74 37 24 66 45 22
split_gain=18.601 44.7068 34.424 31.4286 47.23 38.8742 33.2983 30.2822 29.4915 35.714 33.2738 33.7187 29.1951 55.0719 37.0955 47.7152 32.4377 85.3324 30.995 28.6693 30.3451 30.15 31.0622 27.4445 41.2446 26.2034 25.7869 55.4725 49.0568 36.8665
threshold=1.0000000180025095e-35 -0.040066005812397769 0.1647777338698756 -0.22704008356484526 -0.046837004892556815 -0.00096814880472014377 0.016270436774296751 0.0017709856562537919 0.17520296686401851 0.0071354163848270083 -0.0012836970474674359 -0.29653714026704509 85.029969383209774 88.316562595891412 -0.13333333335018513 0.022727272717587902 50.615553957440532 50.829640958298121 -0.012851700799050512 2036.2391335270092 -0.02774279317100475 348.34607900084296 -0.0020345544756357799 0.0072751322750312332 1306050.0000000002 26.566983460318756 0.053850863760080046 44.444444440580249 0.0057769719437261733 0.086956521738279793
decision_type=2 2 8 10 2 10 10 10 2 10 8 8 2 2 10 10 2 2 10 2 10 2 8 10 2 2 8 10 2 10
left_child=1 2 -1 5 -5 6 26 19 9 10 -3 -12 16 14 -14 -16 17 -6 -18 21 -21 22 -4 24 -15 -10 27 28 -2 -29
right_child=3 8 7 4 12 -7 -8 -9 25 -11 11 -13 13 23 15 -17 18 -19 -20 20 -22 -23 -24 -25 -26 -27 -28 29 -30 -31
leaf_value=-0.0013026026227981441 0.012179395280983087 -0.0068106005055487842 0.017952383814397899 0.012084913587642838 0.00044776870701094206 -0.0075192379164747821 0.021530922750025723 -0.0055695644910741934 0.015188031653242062 -0.0081456757322081672 -0.019720037408349916 -0.0002588581246544042 -0.00088039029204267422 -0.023553496013582854 0.062178281719002575 0.01693266103717787 0.0011936135311775386 0.05379023934192273 -0.0087701840133196842 0.0022761730436732653 0.043499995542122888 -0.0053739122343655571 0.00090483960559925266 0.0020445609042979962 0.020343569873623926 0.00066304960833828098 -0.0017624430588720347 -0.019814035842571357 0.058890703954255073 0.026897881461470156
leaf_weight=602.78339726477861 84.673750143498182 984.55664487928152 286.1547610424459 366.47475362941623 1577.7007362972945 832.16084023192525 63.232803642749786 116.60525895096362 121.56625474244356 976.06291312910616 80.806245246902108 3928.5771949738264 51.97260133177042 81.092569455504417 28.975377880036831 75.05080322176218 441.15247008390725 26.463581826537848 769.53294716030359 25.123719662427902 44.988296806812286 108.88265786319971 145.39015435986221 6254.3367158025503 24.255629148334265 1278.7864864766598 1540.5616644173861 62.992562616243958 26.039027705788612 18.964573061093688
leaf_count=3156 522 6607 1632 1880 9466 5246 343 651 613 6808 500 28713 322 821 192 532 3141 201 8080 132 237 610 838 39992 169 6868 8442 480 158 138
internal_value=-3.89966e-06 -0.00106603 0.00399385 0.000745611 0.00153451 -0.00216297 0.000319301 0.00838434 -0.00197988 -0.00289909 -0.00187163 -0.000656652 0.00111855 0.00222162 0.0197767 0.0300359 -0.0014336 0.00136258 -0.00513909 0.011059 0.0290099 0.00867535 0.0122313 0.00178749 -0.0133221 0.00193606 -0.000464793 0.00985107 0.0236213 -0.00877497
internal_weight=21025.9 8700.28 1329.93 12325.6 9697.01 2628.63 1796.46 727.145 7370.36 5970 4993.94 4009.38 9330.53 6515.68 155.999 104.026 2814.85 1604.16 1210.69 610.54 70.112 540.428 431.545 6359.68 105.348 1400.35 1733.23 192.67 110.713 81.9571
internal_count=137490 57365 7256 80125 64796 15329 10083 4100 50109 42628 35820 29213 62916 42028 1046 724 20888 9667 11221 3449 369 3080 2470 40982 990 7481 9740 1298 680 618
is_linear=0
shrinkage=0.03


Tree=128
num_leaves=31
num_cat=0
split_feature=26 45 74 83 74 35 91 74 20 26 20 31 26 45 83 45 62 86 0 81 31 86 12 2 0 71 83 0 7 61
split_gain=18.3265 35.2109 37.8747 38.8047 51.2258 37.1012 30.3218 25.6598 27.2685 23.8858 37.7573 22.0632 31.119 62.8781 33.9353 21.1824 20.806 19.9179 43.4762 30.1411 29.8405 25.3032 25.0511 24.2816 22.7818 20.4991 18.9342 21.7342 22.6586 21.7581
threshold=0.031249999999715176 -0.04767844862154718 -49619299.999999993 -0.00056757445245428318 43350.000000000007 51.244285040083746 1.0000000180025095e-35 568600.00000000012 -0.1517857142904476 0.026086956521680155 -0.090909090924242417 7713.0826444125305 0.08235294117574396 0.054609060422479934 -0.0017185537369046185 -0.072643504476067752 -5.716782917979514 13.500000000000002 0.012051650920559378 -0.00057188377307079751 431.83377212302923 15.500000000000002 0.20000017242449533 0.01206900139417766 -0.0054869787746499856 0.41755723505298764 -0.0056528210253455882 -0.037625981730542317 -0.011764705891072645 0.18191327500950941
decision_type=8 2 2 8 2 2 2 2 8 10 8 2 10 2 10 2 2 2 10 8 2 2 10 10 10 10 8 8 8 10
left_child=1 5 6 16 9 15 -3 -6 -9 10 -5 17 13 14 -13 -1 -4 22 19 24 23 -20 26 -21 -19 -26 -2 29 -29 -28
right_child=11 2 3 4 7 -7 -8 8 -10 -11 -12 12 -14 -15 -16 -17 -18 18 21 20 -22 -23 -24 -25 25 -27 27 28 -30 -31
leaf_value=-0.020617498903499312 0.0093966071351305538 -0.0072611159099133038 0.0085241180462856236 0.032088644363176273 0.030168394072715859 0.047508661507423611 0.032914478729693726 0.033658604681042335 -0.00099735449554007186 -0.022599679510598648 -0.010096045223134693 0.025679564005978362 -0.018286985859290499 0.049873284943512862 -0.015110119756098798 0.021738081566488241 -0.02750140914737138 0.0031561102674801198 -0.0011280025477954079 0.0035451519709192511 0.0079112250620423999 -0.011456548825005323 -0.0026192046644087012 -0.0031145386993313567 -0.0042001755166497729 0.0014666405145400384 0.0089071964101822138 -0.0066460972971560993 0.00025019771314876293 -0.012535202987980824
leaf_weight=20.53931170143187 206.51504044234753 28.193080402910709 16.124108277261257 19.636165600270033 27.756982194259763 22.763621930032969 39.761349570006132 20.570964429527521 385.30209416523576 130.05923191271722 255.47067729011178 22.077337384223938 136.81226508319378 19.903533637523651 88.815150737762451 19.971631459891796 103.57192310504615 1369.5003786366433 612.26118985749781 2580.3826543018222 1151.096641138196 327.57877397537231 3538.1275170557201 607.68207195028663 1310.1335649117827 1020.8665300272405 396.66867836937308 460.54507470317185 6035.0308584999293 46.710616677999496
leaf_count=158 993 194 135 180 241 132 273 139 4403 1322 3268 124 769 103 573 116 968 7330 4938 15868 6180 1899 27373 3711 7993 6204 1848 3495 36336 224
internal_value=-3.71857e-06 -0.00379033 -0.00513698 -0.00667815 -0.00437931 0.0177485 0.0163393 0.00278011 0.000830157 -0.0120371 -0.00696887 0.000203346 -0.0083361 0.00210952 -0.00680566 0.000211903 -0.0225932 0.000320135 0.00136163 0.00207574 0.00377178 -0.00473953 -0.000555003 0.00227422 8.56869e-05 -0.00171753 0.000466904 0.000199393 -0.000239245 0.00661833
internal_weight=21020.4 1089.72 1026.45 958.492 838.796 63.2746 67.9544 433.63 405.873 405.166 275.107 19930.7 267.608 130.796 110.892 40.5109 119.696 19663.1 8979.5 8039.66 4339.16 939.84 10683.6 3188.06 3700.5 2331 7145.47 6938.96 6495.58 443.379
internal_count=137490 11529 11123 10656 9553 406 467 4783 4542 4770 3448 125961 1569 800 697 274 1103 124392 54123 47286 25759 6837 70269 19579 21527 14197 42896 41903 39831 2072
is_linear=0
shrinkage=0.03


Tree=129
num_leaves=31
num_cat=0
split_feature=87 62 20 74 28 50 52 87 70 57 36 39 50 68 74 47 77 22 28 83 74 77 57 68 74 82 74 14 32 82
split_gain=17.934 38.3125 28.9581 26.9426 26.1298 25.9921 30.5186 24.7986 23.5183 23.0704 24.747 29.0624 38.8889 35.4369 27.3773 48.0064 28.9712 28.9449 51.5658 28.287 44.7802 27.3578 27.154 24.0455 24.0058 22.7688 23.8578 23.2211 22.5534 22.2707
threshold=2.5000000000000004 1.7096377716925988 -0.25000000000044292 144867900.00000003 0.37499999998945327 13.625000000000002 0.01560016450199459 3.5000000000000004 2.5246637441903856 99.999999669444463 -0.019582449396693565 13.708679282450506 0.23214285714285718 -12.499999999976561 9652850.0000000019 0.030012004801731624 0.020344328074976895 0.18518518518004118 0.049689440993557356 0.00018936957084734931 -12474799.999999998 -0.0043991651996605381 49.999999860000109 -99.999999924999983 63048650.000000007 0.00024611375319629419 25124300.000000004 -0.033472803348695727 -0.010578333436615127 -0.0011617670132629278
decision_type=2 2 8 2 10 8 10 2 10 10 2 2 10 10 2 10 10 10 10 8 2 8 10 10 2 10 2 10 2 10
left_child=9 3 -3 8 5 -5 -7 -4 -2 10 11 -1 -13 -14 16 17 19 23 -19 20 -12 -15 -21 -16 -11 -9 -27 -28 -8 -18
right_child=1 2 7 4 -6 6 28 25 -10 24 14 12 13 21 15 -17 29 18 -20 22 -22 -23 -24 -25 -26 26 27 -29 -30 -31
leaf_value=0.018839151770451281 -0.0019136604429921043 -0.02143575329621349 5.1778634617351733e-06 -0.0057253052449775851 -0.017254889323813815 0.021062960844016449 0.011273042010466605 0.018401539678770475 0.0049626018897727968 0.020648950936402136 0.0026798943300161368 -0.010915393460688497 0.0024116961698623144 -0.0023144686547322728 0.0185424252870371 -0.0037105582855855362 0.0042490982869993563 0.026698360555412828 0.0034572099957369761 0.00658262934950587 -0.0078004094036946102 0.036074847723756513 -0.0010446794140525238 -0.0061296397256947605 -0.015971679648038705 -0.0013729695265098693 0.0029798730598243665 0.017193976212420924 -0.029826346426482117 -0.013310330832607338
leaf_weight=95.263414315879345 4069.9670246560127 43.510314010083675 1085.6836919300258 1215.9621393792331 159.28766443394125 71.997490800917149 22.517631940543652 128.96386084705591 501.81319942511618 91.200114779174328 555.17200962454081 193.78207506239414 3566.0011875741184 24.712985962629318 37.886884391307831 1280.4866289775819 80.77428288012743 87.593210849910975 2933.2426425870508 574.32887523062527 1076.779461780563 48.969329010695219 1554.5766753572971 411.80493042431772 18.650709986686707 321.76104910671711 227.91230700537562 190.13899605348706 23.665813758969307 318.85447430983186
leaf_count=579 27855 238 6249 8853 945 409 123 732 3320 621 4006 951 20791 128 219 7869 525 899 19883 3432 9123 236 9208 3728 109 1846 1307 993 139 2174
internal_value=-3.66975e-06 -0.00111443 0.00248702 -0.00230151 -0.00579904 -0.00441714 0.0089525 0.00303181 -0.00115732 0.00068773 0.000569795 0.00255311 0.00214281 0.00284168 -0.000304424 0.0012511 -0.00208133 0.00308317 0.00414072 -0.00126308 -0.00423383 0.0233003 0.00101371 -0.00400781 0.0143164 0.00680631 0.00475887 0.00947752 -0.00990974 -0.00975193
internal_weight=21013.3 8063.18 1997.97 6065.21 1493.43 1334.14 118.181 1954.46 4571.78 12950.1 12840.2 3928.73 3833.47 3639.68 8911.5 4751.01 4160.49 3470.53 3020.84 3760.86 1631.95 73.6823 2128.91 449.692 109.851 868.776 739.812 418.051 46.1834 399.629
internal_count=137490 53009 11365 41644 10469 9524 671 11127 31175 84481 83751 22685 22106 21155 61066 32598 28468 24729 20782 25769 13129 364 12640 3947 730 4878 4146 2300 262 2699
is_linear=0
shrinkage=0.03


Tree=130
num_leaves=31
num_cat=0
split_feature=45 40 72 63 14 26 45 45 87 15 39 37 26 39 50 76 23 51 80 43 50 39 76 34 48 31 28 83 29 5
split_gain=17.9769 38.7649 40.1314 36.1075 53.4886 33.8931 39.7754 39.0057 34.0459 31.9576 39.3802 70.5516 33.9159 30.4013 46.7417 34.8533 27.7118 27.6287 27.4979 25.986 25.3471 25.0982 35.5077 31.9575 24.4637 24.177 66.5299 26.3792 23.0396 22.9973
threshold=-9.1497872891033158e-05 -0.042237367316461875 732712850.00000012 -0.091144196390980564 -0.028925619834891388 0.037234042553072666 -0.04767844862154718 -0.072643504476067752 2.5000000000000004 0.017964071851715783 50.829640958298121 50.615553957440532 0.033898305084713559 27.401520081235898 0.30357142857142866 -0.037195620775096486 0.07620380395937594 0.0076530612242620274 -0.0024457471211977617 -0.016550304573575144 11.625000000000002 22.506029114343622 -0.00086599707188739314 -0.038772093408152457 141.25000000000003 32.901939979109478 0.29487179486895959 0.00027106008386908561 9027.7906411869135 -0.066602067183462496
decision_type=2 2 2 2 10 8 2 2 2 8 2 2 10 2 10 8 10 10 8 2 10 2 10 2 10 2 8 8 2 10
left_child=1 5 3 4 -3 6 7 19 -9 10 16 -12 -11 15 -15 -7 -5 -14 -4 -1 -8 23 -23 -17 28 26 -16 -27 29 -2
right_child=24 2 18 9 -6 13 20 8 -10 12 11 -13 17 14 25 21 -18 -19 -20 -21 -22 22 -24 -25 -26 27 -28 -29 -30 -31
leaf_value=0.026229078228293578 0.0043776433764308523 -0.0023014873029081036 -0.0088154076310012798 0.015645343946963108 -0.014223110694158573 -0.019604775156564603 -0.005746218659003541 0.060380404807107498 0.01296288335622111 -0.020998186678630078 0.049019984658779568 0.0055705167234210377 0.013752518060379179 -0.016921818376148562 -0.0068737283640665451 0.019663590087021364 -0.010322079944318519 -0.0041834546740999916 0.0060053285661566796 -0.020683223219599461 0.0303525163528209 0.031360871435823542 0.004644230338350575 -0.0038986153679169571 -0.0080602352497849694 0.00053151642813197865 0.032642767956936811 -0.0072079675590358714 0.025488090286805116 0.00038164681262732131
leaf_weight=20.917275916785002 1482.4303551930934 674.70270819216967 137.68389074876904 44.478726670145988 681.52612122707069 37.718560568988323 98.248470786958933 34.747645022347569 23.40967046841979 101.76471528783441 36.695501163601875 318.84491946175694 81.115349173545837 150.07065404951572 80.610966071486473 75.29333770275116 196.96762937679887 1307.7243951112032 598.46187183633447 19.614449104294181 20.251356616616249 92.979338139295578 86.855636656284332 160.26195593178272 276.06840962171555 3322.8667193613946 71.480472132563591 448.96495557576418 33.368125431239605 10292.12093674019
leaf_count=113 7577 5180 868 538 6953 179 786 221 143 1212 266 2611 476 760 361 480 2163 9957 3869 170 151 392 374 752 1499 21467 300 2847 197 64628
internal_value=-3.64124e-06 -0.0010249 -0.00313117 -0.00449043 -0.00830056 0.000830463 0.0123797 0.0263457 0.0418862 -0.0020109 0.00384729 0.0101883 -0.00436012 0.000273114 -0.00054676 0.00763634 -0.00548124 -0.0031246 0.00322109 0.00350327 0.000600241 0.0101583 0.0185711 0.00367146 0.000750353 8.2893e-05 0.0117707 -0.000390593 0.000957263 0.000885331
internal_weight=21008.2 8924.26 4179.97 3443.82 1356.23 4744.29 217.189 98.689 58.1573 2087.59 596.987 355.54 1490.6 4527.1 4073.99 453.109 241.446 1388.84 736.146 40.5317 118.5 415.39 179.835 235.555 12084 3923.92 152.091 3771.83 11807.9 11774.6
internal_count=137490 63589 34093 29356 12133 29496 1584 647 364 17223 5578 2877 11645 27912 25735 2177 2701 10433 4737 283 937 1998 766 1232 73901 24975 661 24314 72402 72205
is_linear=0
shrinkage=0.03


Tree=131
num_leaves=31
num_cat=0
split_feature=20 28 76 13 39 83 40 46 17 22 39 22 24 51 77 68 24 77 75 47 61 39 45 33 77 18 59 23 18 44
split_gain=17.6645 33.8728 21.1269 17.8735 22.037 18.5376 21.1239 16.8269 16.8599 22.2259 15.9026 15.779 15.4601 40.3917 53.9214 35.4976 27.3072 25.4586 17.8132 14.9093 24.7512 23.547 29.0995 24.1572 24.9885 20.5557 33.8209 26.2994 16.0844 17.5431
threshold=-0.0069930069971733668 0.019803921568379398 0.189768214815321 0.62499999998730482 70.803436536285943 -0.0014290273172356987 0.059858707883757474 14.678571428571429 -0.070175438608725701 0.82352941174452154 3551.4802717540865 0.083333333330439838 0.032482294403404818 0.011363636363248969 -0.0013537100837078522 -49.999999986687492 0.049177468058806205 0.00037853860377636521 0.10588505047377475 0.012987012986521057 0.046094928332246383 51.325777935547258 0.0027825014438719324 36.22662706528191 0.0051152854346794233 0.21606489235905604 0.071452883399786074 0.49953905260120263 0.16135382270746026 0.042657719900109588
decision_type=10 8 10 10 2 8 2 10 10 10 2 10 8 10 8 10 8 8 10 10 10 2 2 2 10 10 8 10 10 2
left_child=1 -1 3 12 -5 11 -7 8 -4 -10 19 -6 13 14 -3 -15 17 -14 -18 21 -21 23 -23 24 -2 27 -27 -25 29 -24
right_child=10 2 7 4 5 6 -8 -9 9 -11 -12 -13 16 15 -16 -17 18 -19 -20 20 -22 22 28 25 -26 26 -28 -29 -30 -31
leaf_value=-0.026420232314174709 0.02017985157781409 -0.013264018040006867 0.0041830267577166926 -0.01183319129142469 -0.0077410208851455163 -0.004577943875413942 0.00090302758068752989 -0.02112405692302673 -0.021020332559870267 0.011756387985606345 -0.018402513929390071 0.0051334445886586462 -0.00029031536602933101 0.013579437972264593 0.0041800478352737765 -0.0027079121192056122 0.00043938849352303058 -0.0067975538536029717 0.0068063966431772009 -0.019296840606245282 0.0026597059177329921 0.050246311018713359 0.017071946370069018 -0.0062947729623532185 -0.0058656603390214489 -0.03346166861990843 0.0049361172668720872 0.020359070528599827 0.019904271881364278 -0.020805014630329632
leaf_weight=43.321700118482113 113.30892809480429 230.43726065382361 106.64884308539331 192.11604714207351 100.3741272892803 1672.5420451536775 1015.9399840347469 69.119894526898861 74.154494514688849 23.899071199819446 28.256749235093594 550.06065103597939 1326.4029297344387 443.88498229905963 511.74317641928792 164.33978884667158 11901.00621804595 914.25713757798076 408.17749624699354 48.705628424882889 653.26160475239158 20.669611603021622 20.054230339825153 82.057479210197926 45.940644688904285 40.824256330728531 40.0965556204319 54.60638228431344 82.840712167322636 22.030239164829254
leaf_count=860 566 2104 664 5077 790 16599 6761 404 624 140 154 4279 9128 2838 4330 1224 65089 6226 2252 449 3362 146 156 1416 236 170 231 550 534 131
internal_value=-3.51288e-06 -0.000222856 -0.000163771 -4.67941e-05 -0.00197737 -0.00140601 -0.00250608 -0.00842351 -0.00403861 -0.0129632 0.00344952 0.00313324 0.000381845 0.00345127 -0.00124263 0.00917652 9.65411e-05 -0.00294865 0.000651301 0.00397087 0.00110671 0.00780414 0.018015 0.00381388 0.0126578 -0.0026735 -0.0145708 0.00440396 0.0123016 -0.00270881
internal_weight=21001.1 19748.4 19705.1 19431.3 3531.03 3338.92 2688.48 273.822 204.702 98.0536 1252.65 650.435 15900.2 1350.41 742.18 608.225 14549.8 2240.66 12309.2 1224.4 701.967 522.429 145.595 376.834 159.25 217.585 80.9208 136.664 124.925 42.0845
internal_count=137490 129389 128529 126697 33506 28429 23360 1832 1428 764 8101 5069 93191 10496 6434 4062 82695 15354 67341 7947 3811 4136 967 3169 802 2367 401 1966 821 287
is_linear=0
shrinkage=0.03


Tree=132
num_leaves=31
num_cat=0
split_feature=31 26 18 35 45 87 20 57 42 20 36 55 2 46 83 77 72 74 65 57 63 74 50 77 63 77 64 28 50 31
split_gain=17.3025 32.6717 44.2595 47.943 19.1506 32.6151 37.7187 32.3474 33.8787 35.9516 37.4257 31.7431 33.4374 27.2875 32.3732 35.9165 23.4993 23.135 22.5589 22.7126 22.3325 25.0784 21.7914 25.7652 26.7619 21.5621 39.5996 24.1509 26.9312 31.6693
threshold=7713.0826444125305 0.066666666666432103 0.019999999984700038 8004.3800343832518 -9.1497872891033158e-05 2.5000000000000004 -0.088983050848499931 22.222222170370376 -0.078094385355499771 -0.26666666668703698 -0.02341808381245913 48.387096769641005 0.0074074100091460213 0.30000032697405138 -0.00070405335596657561 -1.4018743090778606e-05 79513700.000000015 -673799.99999999988 -0.0047432829971574943 78.33333332236667 -2.6425442136253419 -4057299.9999999995 0.16071428571428573 -7.3266864806600544e-05 -0.21408976208016769 0.041016745330267522 -11.272645780119909 0.10666666666613335 4.2920357840401797 74.111406833709495
decision_type=2 10 10 2 2 2 8 10 2 10 2 10 10 8 8 10 2 2 2 10 2 2 10 8 2 10 2 10 10 2
left_child=4 2 -2 -4 5 7 22 17 11 10 -10 -9 -13 14 -8 -16 -11 20 -15 -20 -1 -22 23 24 -7 -6 -27 -28 29 -29
right_child=1 -3 3 -5 25 6 13 8 9 16 -12 12 -14 18 15 -17 -18 -19 19 -21 21 -23 -24 -25 -26 26 27 28 -30 -31
leaf_value=-0.012430835819061275 -0.020160607491779326 -0.015286322146139043 -0.0082288447279249954 0.043869164388454021 0.0012249322040427479 0.0046473647502231858 -0.024786782803647996 0.0037916366159227548 -0.0011410547158184016 -0.00013098199380662996 -0.018119080342527391 0.049239131318097699 0.01093682762332417 0.016115459943851097 0.024959243158011388 -0.0049060604769800018 0.0045275889942980579 -0.013767129076190264 -0.010492266411995846 0.023906830543927941 -0.0025128437606799785 0.029707432385035721 -0.0014206300912767997 -0.012164495946856795 0.0475054871271096 0.023500426925033027 -0.022491335564415824 -0.0047236581067388169 -0.010495589278988655 0.013375134713798125
leaf_weight=61.433819226920605 35.473909080028534 174.05781424790621 27.579046010971069 35.42797078192234 11084.803646029904 26.536851607263088 28.861449869349599 151.38388130441308 347.08659900724888 2877.4105648510158 175.59850885905325 34.170064140111208 51.724315643310547 29.870094005018473 68.992540661245584 74.31642883643508 1471.6444137413055 235.09303885139525 1032.7075849119574 16.60249238461256 51.361124880611897 36.330848712474108 2019.8325590249151 21.38525652512908 25.741541564464569 43.870004534721375 67.601402701810002 253.46054764837027 301.4892283603549 131.18091497384012
leaf_count=344 228 989 172 219 67873 129 170 822 1980 21723 1351 174 279 173 408 881 9719 1917 8875 90 497 199 13114 168 127 228 636 1475 1735 795
internal_value=-3.66181e-06 -0.00749961 0.00624799 0.021246 9.51456e-05 -0.000962145 -0.00329727 0.000459515 0.00109191 0.000550926 -0.00687434 0.0121378 0.0265999 -0.00741593 0.00364545 0.00952438 0.00144539 -0.00792277 -0.00918516 -0.00992289 0.00130107 0.0109867 -0.000831616 0.0150815 0.0263023 0.000881821 -0.00387843 -0.00550498 -0.00379673 0.00145978
internal_weight=20993 272.539 98.4809 63.007 20720.5 8838.08 3344.85 5493.24 5109.02 4871.74 522.685 237.278 85.8944 1251.35 172.17 143.309 4349.05 384.219 1079.18 1049.31 149.126 87.692 2093.5 73.6636 52.2784 11882.4 797.602 753.732 686.131 384.641
internal_count=137490 1608 619 391 135882 63140 24135 39005 36048 34773 3331 1275 453 10597 1459 1289 31442 2957 9138 8965 1040 696 13538 424 256 72742 4869 4641 4005 2270
is_linear=0
shrinkage=0.03


Tree=133
num_leaves=31
num_cat=0
split_feature=0 86 1 84 85 2 7 5 83 3 20 51 40 45 85 13 24 46 3 9 3 30 83 72 56 26 61 23 71 41
split_gain=16.7977 18.7316 49.1652 33.6809 31.1991 23.7028 23.1711 25.7708 29.1791 24.2919 25.1468 22.2125 25.2887 21.2532 20.5997 20.4527 20.4235 20.336 31.5934 19.2205 18.7504 30.5129 19.7082 18.4595 18.3434 16.1432 15.6337 13.8849 13.6398 13.5369
threshold=-0.066281701391200196 14.500000000000002 0.0050314545017277066 0.075250086422953957 0.050278527528691587 -0.010919026328862378 -0.0056497175183376483 -0.074014528998451831 -0.0070054642971594814 -0.036565108175998721 -0.18355959151583043 0.042372881355692817 0.16971530108906799 0.017004930004357436 0.10621057328667746 0.24999999995109379 0.23283438942477244 1.3000003269740517 0.051974025974026013 0.83496732026143805 -0.0087693664318598801 -0.0024279359087457371 -0.00053410789845045978 70756850.000000015 81.818181802066121 0.28571428568367352 -0.14677333500328768 0.010312203754143866 0.014201797044251022 -0.040105683620143044
decision_type=10 2 10 10 8 10 10 8 8 10 10 10 2 2 10 8 8 8 10 8 8 2 8 2 10 10 8 10 10 2
left_child=25 6 3 17 23 -5 15 9 19 10 -8 12 -10 -6 16 27 -11 18 -3 -9 22 -22 -19 -4 -13 -1 -16 -2 -17 -12
right_child=1 2 4 5 13 -7 7 8 11 14 29 24 -14 -15 26 28 -18 20 -20 -21 21 -23 -24 -25 -26 -27 -28 -29 -30 -31
leaf_value=0.011530955323652349 -0.0094362899766861335 -0.0019147255953751625 -0.0063408546462517925 0.0079496179261469412 -0.0096561276685173201 -0.014928507118517608 -0.0029127157686064959 -0.00052672733399701315 -0.0011571213981345172 0.0072783658804111591 0.02828293819590863 -0.0085782438367887539 0.0027322160173030123 -0.0016484844886939826 0.014604308191239446 -0.00061851722941011901 0.023079810169056695 0.006461572583800609 0.013801749882916716 0.025546061354755872 0.012455807773173115 0.0039341239520539108 -0.00049404932842398103 0.008251968860334729 0.019853541091937762 -0.0018959600383735157 -0.0064461740230179971 0.0038563957614819577 -0.007070749279712291 0.0062625798379777184
leaf_weight=216.51190751791 84.149711906909943 984.55570945329964 107.53430350497365 54.459981560707092 599.94762488268316 153.43747885525227 479.86856584623456 42.165075208991766 9033.0332549698651 177.80066345073283 32.018646266311407 436.0901684910059 1803.983843319118 595.41079351305962 45.415119625627995 400.26231248304248 127.38078926131129 599.22652090340853 129.33528912812471 62.188989039510489 568.87020760029554 1133.7220472190529 939.85922967270017 275.99626744352281 20.436081185936928 127.07416505366564 99.490139879286289 415.03792887181044 1132.3521663248539 111.54462471231818
leaf_count=1080 440 6773 1248 272 4127 739 2535 253 64872 914 159 2906 9653 3258 278 2841 578 3267 657 278 3225 7037 5293 1753 117 611 644 2381 8740 561
internal_value=-3.65654e-06 -0.000113435 0.00127481 0.0028538 -0.00328595 -0.00891172 -0.000701635 -0.000217259 -0.000636137 0.00422377 0.000381227 -0.000782922 -0.000509214 -0.00567472 0.00952691 -0.00367174 0.0139374 0.00341799 -7.64323e-05 0.0150777 0.0046193 0.00678879 0.00221454 0.00414678 -0.00725835 0.00656526 0.000185626 0.00159522 -0.00538912 0.0113562
internal_weight=20989.2 20645.6 6142.36 4563.47 1578.89 207.897 14503.2 12471.4 11397.9 1073.52 623.432 11293.5 10837 1195.36 450.087 2031.8 305.181 4355.57 1113.89 104.354 3241.68 1702.59 1539.09 383.531 456.526 343.586 144.905 499.188 1532.61 143.563
internal_count=137490 135799 37649 27263 10386 1011 98150 83748 78079 5669 3255 77548 74525 7385 2414 14402 1492 26252 7430 531 18822 10262 8560 3001 3023 1691 922 2821 11581 720
is_linear=0
shrinkage=0.03


Tree=134
num_leaves=31
num_cat=0
split_feature=91 36 39 29 19 20 34 83 59 62 74 29 29 20 19 37 39 17 2 43 56 77 52 20 57 23 24 66 22 44
split_gain=16.7324 39.4134 31.905 33.3036 32.8605 30.0034 42.3169 35.0376 31.5452 26.5981 26.3831 26.3013 51.4613 33.9642 39.7816 29.7085 73.2856 30.0798 28.1629 28.064 26.6463 25.8464 33.3592 30.6493 25.5804 25.055 24.9911 50.7656 34.3365 30.8439
threshold=1.0000000180025095e-35 -0.040066005812397769 2031.2116038845036 350.73818187712601 0.11999999999640003 -0.22704008356484526 -0.046837004892556815 -0.00096814880472014377 0.11134954697186462 -15.96875686867264 293086050.00000006 85.029969383209774 88.316562595891412 -0.13333333335018513 0.19999999998333337 50.615553957440532 50.829640958298121 -0.15966386555045545 -0.013244980933825255 0.013574348524110215 23.52941176383391 0.0063638391976408 0.012925897130215301 -0.29653714026704509 36.363636294214878 0.1647777338698756 0.053850863760080046 44.444444440580249 0.086956521738279793 0.0083048917710217846
decision_type=2 2 2 2 8 10 2 10 10 2 2 2 2 10 10 2 2 10 10 2 10 10 10 8 10 8 8 10 10 2
left_child=1 2 3 25 -4 7 -7 8 26 -3 -5 15 13 -13 -15 16 -8 19 -19 -17 -14 23 -23 -11 -24 -1 27 29 -29 -2
right_child=5 9 4 10 -6 6 11 -9 -10 21 -12 12 20 14 -16 17 -18 18 -20 -21 -22 22 24 -25 -26 -27 -28 28 -30 -31
leaf_value=-0.00091640220996150085 0.014200478051132557 -0.012065340057558974 0.0024154529354850902 -0.01112177111200232 0.028643991604269156 0.011449653337754724 0.00046153536050091379 -0.00724691080881065 0.020776062698810771 -0.01627577132791172 0.022543279259862065 -0.00082371337977233219 -0.0067991205233372907 0.061969361023571028 0.018223251855943107 0.020768925847315368 0.048890082241013912 0.00035503709515824239 -0.0097700027970512703 -0.013802717936134882 0.0021498288945247259 -0.012514266346265948 0.028215676637656766 -0.00024498128493564666 -0.0030605834847482086 0.0090331351226334289 -0.0018339686123165007 -0.019317494383908968 0.02560127811695144 0.052845228740777295
leaf_weight=413.77423194050789 88.963677329942584 222.59073949605227 85.191015936434269 219.64272907376289 86.765080109238625 367.53234153613448 1571.6042230408639 826.32003180496395 63.734995827078819 108.53983399830759 22.165971174836159 51.881067827343941 313.95686391741037 24.055840097367764 81.599131368100643 71.404801897704601 27.639148291200399 372.91290132701397 729.02312744781375 28.926477417349815 6046.8088071271777 389.68406320177019 22.987723849713802 5375.1421112678945 1222.3310439642519 503.95148448459804 1538.0216414388269 61.774486249312758 19.275976391509175 23.11384829506278
leaf_count=2150 546 1387 446 1218 449 1880 9466 5246 347 668 122 322 1961 150 574 540 201 2678 7783 220 39021 2930 130 37565 7429 2871 8438 480 138 134
internal_value=-3.51861e-06 -0.00101287 0.00373333 0.00193574 0.0157562 0.000707462 0.0014781 -0.00213897 0.000213652 -0.00187449 -0.00794329 0.00108336 0.00212825 0.0190137 0.0286993 -0.00134661 0.00133041 -0.0049082 -0.00634359 0.0107341 0.00170665 -0.00155376 -0.00486332 -0.000565739 -0.00245866 0.00454782 -0.00055321 0.00958787 -0.00841622 0.0225936
internal_weight=20981.3 8672.77 1331.49 1159.53 171.956 12308.5 9687.34 2621.2 1794.88 7341.28 241.809 9319.81 6518.3 157.536 105.655 2801.51 1599.24 1202.27 1101.94 100.331 6360.77 7118.68 1635 5483.68 1245.32 917.726 1731.15 193.128 81.0505 112.078
internal_count=137490 57365 7256 6361 895 80125 64796 15329 10083 50109 1340 62916 42028 1046 724 20888 9667 11221 10461 760 40982 48722 10489 38233 7559 5021 9736 1298 618 680
is_linear=0
shrinkage=0.03


Tree=135
num_leaves=31
num_cat=0
split_feature=31 47 45 62 18 45 40 62 16 24 74 77 27 74 75 77 28 52 21 24 76 76 57 24 52 28 74 74 32 74
split_gain=16.2793 31.2283 36.5063 31.0183 88.7962 17.7506 35.2503 40.6581 46.4822 41.1407 39.4798 35.1456 31.3595 28.4975 27.9837 28.2591 35.9495 40.1043 34.7912 28.1953 27.7579 28.0893 26.1841 28.3544 34.3268 29.4855 25.4263 24.3852 35.518 27.1504
threshold=7713.0826444125305 0.013698630136947209 0.054609060422479934 25.097830516400567 0.018987341769894698 -9.1497872891033158e-05 -0.039434019135024305 0.22214867149448383 0.47619047617346949 0.020044248089729617 -43997749.999999993 0.012270086243652337 0.21052631578744233 395493600.00000006 0.033372160168801131 0.041016745330267522 0.21584318448223636 0.017054745406450068 0.31067961164094177 0.051643017113577626 -0.0082861607292753266 -0.034346455915209059 17.647058815778546 0.032744279475414494 0.01192609508302671 0.10843373493894252 161841850.00000003 -870199.99999999988 -5.8590851786943777e-07 -23806599.999999996
decision_type=2 8 2 2 8 2 2 2 8 8 2 8 10 2 8 10 10 10 8 8 8 10 10 10 8 10 2 2 2 2
left_child=5 2 3 4 -2 6 11 8 27 -9 -10 22 -13 -12 15 -7 -17 18 -18 -16 21 -11 -1 25 -25 -24 -22 29 -29 -8
right_child=1 -3 -4 -5 -6 14 7 9 10 20 13 12 -14 -15 19 16 17 -19 -20 -21 26 -23 23 24 -26 -27 -28 28 -30 -31
leaf_value=-0.009277819981573095 -0.027421752456500838 -0.016773549798595511 0.034700595762599602 -0.025822506944143297 0.042627929705848722 0.00072904146579390067 0.0028410654787425307 0.037351965589140064 0.010855930048584992 -0.0093850965330463595 -0.013068083320064539 0.00071011470377421379 -0.016511248763449855 0.0057700918695470973 -0.0092827348743462091 -0.016455744639670648 0.052012293431393054 -0.0041211524056895821 -0.00094038454534931502 0.0064813645715091281 -0.003078127028352307 0.025859435044512009 0.0029129515716680558 -0.0033218119504567008 0.0029875444388544193 0.022352563767799136 0.0065423130780234273 0.0049023748596392844 -0.0096224311598655451 -0.012643124422451144
leaf_weight=192.60807211697102 31.133507519960403 144.60753533244133 25.801878541707993 37.737812541425228 32.038721427321434 10018.001307589933 155.31732893921435 26.086014743894339 74.645508710294962 28.061993861570954 937.53124750219285 187.82286590710282 191.07748581282794 77.517766654491425 111.06742634437978 196.37926394864917 21.717207927256823 365.88024922646582 21.680185917764902 1146.190203147009 1135.2316907960922 68.242157813161612 168.7484544608742 1048.1049943771213 2978.7753163948655 120.22395520843565 314.92855532281101 630.11381942592561 198.33705680258572 292.16204697825015
leaf_count=1014 211 826 134 242 195 61770 1118 236 603 174 9074 1080 1224 709 843 1401 122 2105 123 6378 7811 446 1349 7108 18124 764 2287 4693 2491 2835
internal_value=-3.3426e-06 -0.00729073 0.00355448 -0.00464225 0.00816888 9.23476e-05 -0.000926559 -0.00303848 -0.00552309 0.0006984 -0.0100711 0.000774861 -0.00798723 -0.0116222 0.000849492 0.000348107 -0.00593869 -0.000857282 0.0260656 0.00508009 5.44449e-05 0.0155678 0.00151352 0.00199785 0.0013442 0.0110601 -0.000983738 -0.00163167 0.00141401 -0.00726762
internal_weight=20977.8 271.319 126.712 100.91 63.1722 20706.5 8825.54 3938.18 2365.62 1572.55 1089.69 4887.36 378.9 1015.05 11880.9 10623.7 605.657 409.278 43.3974 1257.26 1546.46 96.3042 4508.46 4315.85 4026.88 288.972 1450.16 1275.93 828.451 447.479
internal_count=137490 1608 782 648 406 135882 63140 32477 21523 10954 10386 30663 2304 9783 72742 65521 3751 2350 245 7221 10718 620 28359 27345 25232 2113 10098 11137 7184 3953
is_linear=0
shrinkage=0.03


Tree=136
num_leaves=31
num_cat=0
split_feature=20 28 76 35 74 61 66 20 62 27 1 29 43 63 48 48 62 73 7 70 56 66 28 52 44 35 37 89 61 63
split_gain=16.162 32.0372 19.1666 18.8625 19.2661 16.6719 28.4432 19.8518 42.8981 24.3576 20.0409 25.1729 19.5163 19.4218 17.9165 17.5349 16.2483 14.9132 19.8837 15.2244 24.555 14.6819 13.5735 15.0846 12.1588 11.8325 24.405 12.8984 11.4124 9.90653
threshold=-0.0069930069971733668 0.019803921568379398 0.189768214815321 3866.7014810068617 655527450.00000012 -0.11898326898326898 99.999999981666676 -0.28963081527125834 -0.099390759769566003 0.1578947368358726 -0.038085695199923657 350.73818187712601 0.035092214969789766 0.23605347930367207 0.29285730634416857 5.2977226802280981 22.681341796646226 12.247217545307697 0.034642749987556239 0.48732273518782393 99.999999591666679 83.333333329282411 0.081967213113746315 0.011102969885753962 0.639203155336174 50.000000000008221 50.003082790248108 -0.70710678118654757 0.037829198897483714 1.2375568198198053
decision_type=10 8 10 2 2 10 10 8 2 10 10 2 2 2 8 10 2 2 10 10 10 10 8 10 2 2 2 2 10 2
left_child=1 -1 5 4 17 6 12 8 9 -7 13 -12 14 -9 -3 -14 22 25 19 21 -21 -19 -4 -24 -6 27 -27 -2 -28 -29
right_child=3 2 16 -5 24 7 -8 10 -10 -11 11 -13 15 -15 -16 -17 -18 18 -20 20 -22 -23 23 -25 -26 26 28 29 -30 -31
leaf_value=-0.026149349317060623 -0.018269800141963263 0.011218857698776792 -0.028727207934857502 -0.018345959272686688 -0.018219580942767221 -0.0076753524082571797 0.033019759348669624 0.0098024316588979591 -0.019287640529654419 0.0037098524962611052 -0.0011223422534752724 0.0014711184400557637 0.027025230278759638 0.00070129397439488593 0.00040873633360700355 0.0022387998501548641 -0.025436293805571303 0.036819042146237609 -0.008343477013304703 0.0091797785523766388 -0.0059504623339415863 0.011719289225715966 0.019181113064444897 -0.0055795772666264341 0.0073258466214978805 0.041464804235997611 -0.017389106613180834 0.0048008723216442072 0.0063627930729703687 -0.01376382263926996
leaf_weight=41.771776467561722 51.591445732861757 151.79967518150806 18.761779649183154 34.176235489547253 53.862529378384352 316.82615018635988 26.562345299869776 348.28589620068669 150.47398946993053 360.20726025849581 11165.960208795965 4821.5994522757828 51.749163258820772 535.54962473362684 1432.2294752839953 51.010529555380344 40.255491681396961 22.269829340279102 69.209239661693573 352.9480568356812 131.70090698450804 266.20720100589097 24.062390027567744 188.08258436433971 23.297735944390297 14.547477196902035 22.327000943943858 88.984782971441746 81.737884452566504 35.291060589253902
leaf_count=860 467 717 233 184 310 1783 144 1742 853 2105 79583 28932 253 2685 7630 270 231 310 340 2308 753 1578 173 1195 104 224 358 527 452 186
internal_value=-3.47183e-06 -0.000213171 -0.000156652 0.00330563 0.00393224 -4.56509e-05 0.00277898 -0.000319402 -0.00485328 -0.00161703 -9.65723e-05 -0.000339964 0.00228171 0.00429812 0.001453 0.0148902 -0.00806271 0.00492096 0.00695097 0.00833299 0.00505825 0.0137878 -0.00492429 -0.00268022 -0.010473 -0.000879424 0.00639968 -0.00581415 0.00112129 -0.00051485
internal_weight=20973.3 19725.2 19683.4 1248.15 1213.98 19412.3 1713.35 17698.9 827.507 677.033 16871.4 15987.6 1686.79 883.836 1584.03 102.76 271.162 1136.81 842.335 773.126 484.649 288.477 230.907 212.145 77.1603 294.48 118.612 175.867 104.065 124.276
internal_count=137490 129389 128529 8101 7917 126697 9014 117683 4741 3888 112942 108515 8870 4427 8347 523 1832 7503 5289 4949 3061 1888 1601 1368 414 2214 1034 1180 810 713
is_linear=0
shrinkage=0.03


Tree=137
num_leaves=31
num_cat=0
split_feature=86 1 55 59 84 28 0 71 47 8 2 0 59 21 72 85 47 13 70 13 0 43 35 8 32 39 79 48 49 50
split_gain=15.9523 40.7593 27.383 26.3839 23.9564 26.5009 23.8714 29.9903 21.6662 27.5805 21.0369 21.5214 20.6135 20.1782 19.6099 18.6382 18.2176 17.1684 17.0385 16.8382 21.3505 20.3267 17.9128 16.539 16.0378 17.0146 16.0334 15.7004 15.6922 24.7136
threshold=13.500000000000002 0.012836991628765395 87.49999999269177 0.020000006896972681 0.071459057374550342 0.6146245330204928 -0.0067996387499267832 0.089994302617117397 0.038095238094666674 0.12249899959948153 0.17165178571428577 -0.066281701391200196 -0.0054901994557166591 0.15739222828831959 2208717000.0000005 1.4829939794317385e-11 0.010270774976606984 0.056079664569634889 0.68936256992846501 0.076923076922662745 -0.005232180132087704 -0.053908294054908983 22.981967011438183 0.019607843137198839 0.077160091627768726 112.33259543333078 0.43400960338773742 2.5142220088413789 0.029251700680174606 0.82142898014613575
decision_type=2 10 8 10 10 8 10 10 10 8 8 10 10 8 2 10 10 10 10 8 10 2 2 10 2 2 8 10 10 10
left_child=4 2 6 18 10 28 16 -8 13 -10 11 -1 -9 15 -14 -5 -2 -18 -3 23 22 -22 -21 -13 25 -15 -20 -25 29 -6
right_child=1 3 -4 8 5 -7 7 12 9 -11 -12 19 14 24 -16 -17 17 -19 26 20 21 -23 -24 27 -26 -27 -28 -29 -30 -31
leaf_value=0.008962067305382319 -0.0069650226073691918 -0.012745218844633914 0.0070550694317830474 -0.012395792884412865 0.0063213512990165123 -0.0066289612063424796 -0.0042473772876705958 -0.0010868956412674825 0.0030300544017767658 -0.018435558023364561 0.009628804497780823 -0.00087153407288440021 0.0017073256274131026 0.016965326500905126 0.0086534987917704677 0.0058657628135716433 0.0060819955516857585 0.00026636550578941861 -0.01185974693580368 0.016953144975115481 0.0084515942109290119 -0.0014943198245188176 -0.0052129360355267981 0.0093243495413072534 -0.012187125222338804 0.0030294818317693102 0.0034516374892141232 0.00037323459241524274 0.0029142334706094811 0.027072553204665908
leaf_weight=182.12123859673738 135.37163208425045 356.07285465113819 778.21111799217761 115.92715672031045 131.59877046942711 125.86975181847811 1158.2116813622415 1828.583660280332 101.80260765552521 112.35817316919565 161.89540209248662 1476.0102612450719 1637.1199920382351 144.31560801900923 470.98418874666095 87.214243846014142 1521.4460984170437 654.42994586378336 100.42570655420423 32.387861147522926 189.51330796070397 6247.9823291432112 1862.183763101697 341.15389305353165 33.416152343153954 174.96130815893412 155.32139646634459 365.64114408940077 199.7207567486912 85.492984026670456
leaf_count=899 802 2847 4249 738 594 644 8073 11175 616 570 880 9273 11856 776 2667 675 7853 3887 963 140 1041 47186 11823 1857 156 893 914 1853 1177 413
internal_value=-3.44256e-06 0.000899742 0.0017047 -0.00386358 -0.00076151 0.00538315 0.00114122 -5.5058e-06 -0.000162544 -0.00825115 -0.00106934 -0.00123242 0.00124249 0.0029578 0.003264 -0.00455058 0.00366927 0.00433515 -0.00850868 -0.00141011 -0.00202464 -0.00119979 -0.00482368 0.000934122 0.00729153 0.00937126 -0.00257186 0.00470504 0.00902495 0.0145938
internal_weight=20967.7 9566.17 8184.36 1381.82 11401.6 542.682 7406.15 5094.9 769.995 214.161 10858.9 10697 3936.69 555.834 2108.1 203.141 2311.25 2175.88 611.82 10514.9 8332.07 6437.5 1894.57 2182.81 352.693 319.277 255.747 706.795 416.813 217.092
internal_count=137490 59710 50562 9148 77780 2828 46313 33771 4424 1186 74952 74072 25698 3238 14523 1413 12542 11740 4724 73173 60190 48227 11963 12983 1825 1669 1877 3710 2184 1007
is_linear=0
shrinkage=0.03


Tree=138
num_leaves=31
num_cat=0
split_feature=74 74 27 56 22 74 27 41 47 74 44 74 56 36 26 39 70 68 22 37 50 45 52 50 44 56 65 38 37 74
split_gain=15.8713 37.1529 39.9864 31.0195 23.8239 33.3945 27.5019 31.4985 27.3561 46.293 28.4972 47.0378 27.1798 32.5999 26.0981 24.4276 23.7829 22.5388 20.9779 20.4247 29.196 44.1589 33.5871 25.5249 21.7405 18.5781 23.3092 35.1484 18.4076 32.7071
threshold=3051552550.0000005 950225950.00000012 0.21428571427933676 33.33333326514817 0.76190476187755118 868090800.00000012 0.36363636362258961 0.11637314203563488 0.012880562060810749 14578800.000000002 0.035719347863528268 -1604399.9999999998 12.499999995078122 -0.029074224439081638 0.026086956521680155 9.1626210294976875 1.2365398609017402 -79.999999995333312 0.59857352792102725 557.418196216924 21.803571428571434 0.013680481621395015 0.044764705025846417 13.946428571428573 0.094617178820879957 92.857142787500024 0.008262508654997773 0.077579533428474137 123.19735588102763 4579953250.000001
decision_type=2 2 8 8 10 2 10 2 10 2 2 2 10 2 10 2 10 10 8 2 10 2 10 10 2 8 2 2 2 2
left_child=1 4 17 -4 5 6 7 15 9 10 14 -12 13 -8 -6 -1 -14 -3 -7 23 21 -21 -22 24 -10 26 -5 -28 29 -2
right_child=28 2 3 25 8 18 12 -9 19 -11 11 -13 16 -15 -16 -17 -18 -19 -20 20 22 -23 -24 -25 -26 -27 27 -29 -30 -31
leaf_value=0.017710095455784641 -0.0095719652060994396 0.0088274190786754754 0.020175124955581675 0.00015641755569365421 0.042414142683625242 -0.01954962441056237 0.01273183796028908 0.030371186470491127 -0.0048344088134786821 0.016952637059024431 0.0072371665355816656 -0.011754135592349405 -0.0026744796950734784 -0.020843220431779431 0.0077497591687741355 0.00031086956586101855 0.0015311109286976459 0.030602650757921016 0.01312133166289233 -0.0056984426653434112 -0.0013570228352280901 0.025827733209544141 0.018039485911531643 -0.017210149780686083 0.0023017905657490576 -0.024006856495119144 0.046267127412155648 0.0061422980301745998 -0.0091480402190339816 0.013976954059845172
leaf_weight=72.245857901871204 106.56904574483633 99.315583024173975 85.375830641016364 784.19087610021234 21.057954777032137 124.56039999239147 31.726645559072495 30.79987546056509 647.46333318948746 267.93253674544394 243.74197494611144 224.46752355247736 5101.636551424861 128.59738722071052 184.51086338609457 8650.7078111357987 1584.7398339211941 76.511313108727336 19.758614126592875 60.085240438580513 572.37148909270763 115.92755760252476 92.417908571660519 86.97034715116024 941.49770784191787 24.239605449140072 23.614469017833471 100.82067301124334 352.77527557313442 103.7364395186305
leaf_count=474 727 549 501 5024 180 774 154 216 4373 1544 1399 1183 36599 770 1095 56945 10795 505 122 332 2979 598 463 460 4968 120 144 547 2279 671
internal_value=-3.38888e-06 0.00013374 0.00526612 0.00297259 -0.000185496 -0.000680897 -0.000547319 0.000566383 0.00206852 0.00642765 0.00221895 -0.00186684 -0.00197154 -0.0141427 0.0115034 0.000457332 -0.00167718 0.0184394 -0.0149965 0.000434331 0.00424805 0.0150773 0.00135799 -0.00147859 -0.000605364 0.00137509 0.00208115 0.014089 -0.00496755 0.00204088
internal_weight=20960.4 20397.3 1194.07 1018.24 19203.2 15744.8 15600.5 8753.75 3458.44 941.711 673.778 468.209 6846.7 160.324 205.569 8722.95 6686.38 175.827 144.319 2516.73 840.802 176.013 664.789 1675.93 1588.96 932.866 908.626 124.435 563.081 210.305
internal_count=137490 133813 7390 6336 126423 106849 105953 57635 19574 5401 3857 2582 48318 924 1275 57419 47394 1054 896 14173 4372 930 3442 9801 9341 5835 5715 691 3677 1398
is_linear=0
shrinkage=0.03


Tree=139
num_leaves=31
num_cat=0
split_feature=87 62 48 22 74 42 76 39 48 87 31 50 74 82 57 74 17 40 31 31 74 72 55 66 51 62 60 52 40 22
split_gain=15.8979 34.2429 33.7123 25.7365 28.2185 34.5647 23.8608 31.5936 29.1109 23.2629 23.4893 28.5539 26.3575 26.3479 20.6675 23.3013 22.5338 28.8726 29.8387 53.9139 48.8895 40.4322 28.5311 27.2497 41.5521 34.3762 21.8402 21.7801 20.9215 20.5502
threshold=2.5000000000000004 1.7096377716925988 0.17857142857142858 0.70370370368415647 95646350.000000015 0.0073009643082682105 -0.0012060071255640878 483.73242201823405 18.250000000000004 3.5000000000000004 190.99613859840531 28.410714285714288 -61216149.999999993 0.00016311942748504355 99.999999669444463 8770250.0000000019 -0.11675126903676596 -0.27986413356064355 84.386000267643794 90.279387189093597 -489049.99999999994 8054900.0000000009 10.638297872229517 93.742166232540541 0.011744103556766099 -0.34970251669997759 0.027807518439210036 0.039689677934571441 -0.023053995414786029 0.099999999992500019
decision_type=2 2 8 8 2 2 10 2 10 2 2 10 2 8 10 2 8 2 2 2 2 2 8 10 10 2 10 10 2 10
left_child=14 2 -2 4 6 -6 7 -3 -9 -5 -11 13 -13 -12 16 -16 23 -18 20 21 -19 -20 -21 26 -25 -26 29 -17 -22 -1
right_child=1 3 -4 9 5 -7 -8 8 -10 10 11 12 -14 -15 15 27 17 18 19 22 28 -23 -24 24 25 -27 -28 -29 -30 -31
leaf_value=-0.00090161988812470105 0.0064608542528559213 -0.021136189086839386 -0.0027600508402509305 0.0011643049705423643 0.040858383965649399 0.002071111968828854 -0.011268904049783739 0.045648746454444541 0.0041996741562329671 0.00012634324885958521 0.045986098142970083 0.031871709481720814 -0.00084033542632809966 0.015883743178435369 0.02829151234159856 0.01378493770664877 -0.035577104699475552 0.0028904560979620335 0.032443390264226296 -0.0083521698335323209 -0.00034598883048595462 0.0059870566699363574 0.00090837630490391919 0.049431955262131448 0.021289752474602217 -0.0094234656214579014 -0.0048452388477055533 -0.024483964507937855 -0.0074427186798294775 0.0043382681103287168
leaf_weight=961.01295319758356 379.76715509407222 30.002691328525543 5655.1003034375608 732.92020286619663 21.941936522722244 213.30419713631272 315.88579199463129 19.257497638463974 63.520756132900715 182.11991940438747 29.605725266039371 24.894166462123394 152.69298400729895 210.07335811853409 50.585658550262451 37.367610730230808 19.7977005392313 926.84922066517174 79.039793148636818 315.00635010376573 514.43907875753939 151.13127619773149 5695.3401311635971 24.992914136499166 73.335619350895286 57.741828536614776 378.35866161249578 19.552052617073059 1377.0485154222697 2242.4312214050442
leaf_count=5206 2798 184 38846 4085 126 1258 1954 130 373 1018 156 131 790 1160 376 242 109 6057 570 2100 3858 1023 37514 111 346 296 2277 112 11387 12897
internal_value=-3.16955e-06 -0.00105147 -0.00217832 0.00235304 -0.00246697 0.00585922 -0.00704625 0.00474962 0.014308 0.00475724 0.00913636 0.013052 0.00388123 0.0197901 0.000648052 0.0136872 0.000537386 -0.000269516 -0.000188104 0.000968621 -0.00274989 0.0151861 0.000421217 0.00249756 0.0147317 0.00776844 0.00195968 0.000391912 -0.00551537 0.00276561
internal_weight=20955.1 8031.09 6034.87 1996.22 663.913 235.246 428.667 112.781 82.7783 1332.31 599.386 417.266 177.587 239.679 12924 107.505 12816.5 9078.65 9058.85 6240.52 2818.34 230.171 6010.35 3737.87 156.07 131.077 3581.8 56.9197 1891.49 3203.44
internal_count=137490 53009 41644 11365 4025 1384 2641 687 503 7340 3255 2237 921 1316 84481 730 83751 62618 62509 41207 21302 1593 39614 21133 753 642 20380 354 15245 18103
is_linear=0
shrinkage=0.03


Tree=140
num_leaves=31
num_cat=0
split_feature=91 52 5 19 77 75 77 14 82 77 19 40 33 64 26 73 76 26 15 62 16 14 45 43 73 35 21 49 17 39
split_gain=15.2604 33.0008 42.1429 32.698 24.1922 23.8882 22.0344 37.4273 27.875 28.8944 27.5355 26.8844 24.7237 23.9605 21.934 21.4227 21.3869 46.0883 42.7348 35.6047 31.9387 31.6256 36.0922 30.3115 43.4484 34.8968 28.562 40.2275 27.5406 24.4738
threshold=1.0000000180025095e-35 0.01732770421253926 0.015645403434296327 0.70961812142937453 0.010048971178674574 0.056955317176387806 0.0063638391976408 -0.096895649780499069 -0.0012836970474674359 0.0049372067021696596 0.57692307690643507 0.19315498474854256 9010.8968626670012 -9.9086770793642973 0.052631578946560488 16.966043342566909 -2.4100402241637798e-05 0.029607714223079142 0.01190476189572698 -15.96875686867264 0.18181818180578516 -0.034602076125302354 -0.057624667936861766 0.0046211768047380595 18.455678137525421 3866.7014810068617 0.041184826202226306 0.015938606847598968 -0.11428571430469385 172.64969318826925
decision_type=2 8 10 8 10 10 10 10 10 10 10 2 2 2 8 2 10 8 10 2 10 10 2 2 2 2 10 10 10 2
left_child=1 6 4 -4 14 -6 8 -8 11 12 -11 -1 -10 -9 -3 -15 17 19 20 -2 -18 -20 28 24 -24 -25 -19 -28 -23 -22
right_child=16 2 3 -5 5 -7 7 13 9 10 -12 -13 -14 15 -16 -17 18 26 21 -21 29 22 23 25 -26 -27 27 -29 -30 -31
leaf_value=-0.006956963319080192 0.034968430346632634 0.031340001863282937 -0.0069845848195515892 0.00098538325605728415 -0.0050666546545934986 0.024017426760576874 0.019251246981581583 0.022182144601795847 -0.0011417474426717673 3.4893061707661854e-05 0.034811908248296282 0.027270795877276099 0.031830148724234821 -0.0035271190238224618 0.004779946207582598 -0.015269777878817573 0.0058909225387577206 -0.0027122884809182238 -0.0014302715271569751 -0.016703362477360734 0.041037814550567847 0.039631968411862541 -0.0079750913693267863 0.0057566467619460434 0.0066443616939114098 -0.012310621303225897 0.0062122293744003697 -0.00048778873357693613 0.010262223018289381 0.012063853704280248
leaf_weight=964.72972236014903 11.759627297520636 27.505819221958518 788.33058054931462 1119.8033105842769 362.15040811523795 26.316877970471978 42.002176018431783 19.551205240190029 2769.2980549372733 41.939108749851584 39.39525830373168 20.105744019150734 19.615741595625877 227.85863810963929 1817.6507214400917 367.21000619605184 722.43185771629214 2269.8020737096667 2553.3963207174093 213.17272835038602 41.705502092838287 33.966294346377254 496.40511915273964 1495.9595180936158 288.31003940850496 101.80149935930967 1154.2550071272999 2669.0484683569521 172.80539491958916 72.572358641773462
leaf_count=6486 100 163 4867 6174 2153 155 249 112 21779 303 266 108 113 1885 10011 2541 5353 14856 16089 2225 308 191 4579 8788 2035 557 6998 16394 1083 569
internal_value=-2.91686e-06 -0.000968192 0.000964774 -0.00230771 0.0037615 -0.00303203 -0.00274314 -0.00782057 -0.00187574 -0.000379641 0.0171342 -0.0062282 -0.000897439 -0.00970376 0.00519426 -0.0107919 0.00067611 -0.000540589 0.0019621 -0.0138458 0.00824604 0.000937716 0.00327372 0.00222547 -0.00259836 0.00459663 -4.67305e-05 0.00153526 0.0152687 0.0229281
internal_weight=20950.9 8653.46 4141.76 1908.13 2233.62 388.467 4511.71 656.622 3855.08 2870.25 81.3344 984.835 2788.91 614.62 1845.16 595.069 12297.4 6318.04 5979.35 224.932 836.71 5142.64 2589.25 2382.48 784.715 1597.76 6093.11 3823.3 206.772 114.278
internal_count=137490 57365 23523 11041 12482 2308 33842 4787 29055 22461 569 6594 21892 4538 10174 4426 80125 40573 39552 2325 6230 33322 17233 15959 6614 9345 38248 23392 1274 877
is_linear=0
shrinkage=0.03


Tree=141
num_leaves=31
num_cat=0
split_feature=31 49 45 36 18 53 86 7 85 84 0 5 20 72 12 3 57 76 84 75 18 8 76 31 83 31 84 27 46 61
split_gain=15.6165 28.5166 34.8396 31.7266 78.3874 49.6187 16.3126 45.5912 42.3042 31.6549 26.0838 25.5457 32.0062 24.5504 24.2491 23.4836 20.8066 19.6317 19.483 18.181 19.2264 22.7189 17.938 21.4526 17.7542 17.5656 16.1212 16.8088 16.4471 16.0798
threshold=7713.0826444125305 0.015873015872619054 0.054609060422479934 0.0061594048304920443 0.018987341769894698 0.0066801620533150389 14.500000000000002 0.0066666666616332923 0.17599324717609197 -0.0099996323799720326 -0.0048769676526552721 -0.074014528998451831 -0.18518518519398716 56408100.000000007 0.33333357281173026 -0.036565108175998721 38.888888843518529 0.00050681668348333167 0.075250086422953957 -0.0028549405485756014 -1.7095214133178157e-11 0.0034411627482868767 -0.055202437044322171 21.812869268727493 -0.0070054642971594814 84.386000267643794 -0.013333333333333362 0.92994724573314136 11.750000000000002 -0.15470054000981834
decision_type=2 10 2 2 8 8 2 10 8 10 10 8 10 2 10 10 10 10 10 8 10 10 10 2 8 2 10 8 10 10
left_child=6 2 3 4 -2 -6 11 9 -9 26 -11 12 15 18 19 22 -14 29 -12 20 21 -13 -1 -24 -21 -26 27 -8 -29 -17
right_child=1 -3 -4 -5 5 -7 7 8 -10 10 13 14 16 -15 -16 17 -18 -19 -20 24 -22 -23 23 -25 25 -27 -28 28 -30 -31
leaf_value=-0.015527306521593518 -0.02549290426918362 -0.018021692357313247 0.031248284426478385 -0.024524007974870126 0.067002917007697782 0.0010285757829993222 0.0028949134040600608 0.0062367257954755615 -0.0095845962941221701 0.004324465782715896 -0.0029570457660756965 -0.0029290369095001916 0.02194689570706139 0.0021085448116912693 -0.003319421214167592 0.019484556372726544 0.0063902403583747163 -0.0097101640180795069 -0.016713346388054034 0.014350182747921903 -0.0033693829672707971 0.014542092646073628 0.017025783431101296 -0.002562219640157772 -0.0013301125241671672 0.0015676461951677912 0.013693617156787416 0.0057337697876380196 0.018929704624483363 0.0047477621072481305
leaf_weight=83.832521080970764 35.505966983735561 119.6820872798562 27.805564559996128 46.893814571201801 20.114069797098637 20.201782770454884 1266.9948953222483 206.12329740077257 571.41282593086362 1173.7234900351614 1104.2274392936379 144.27151984721422 105.43798775970936 1078.6498175878078 2847.1205093916506 103.12378773093224 292.3221138343215 52.868798833340406 100.40231513604522 81.604788474738598 2191.6818632408977 123.25465593114495 54.26750473678112 559.77514398470521 3213.0910619888455 4542.5383465662599 195.30539583042264 266.38222990185022 125.61034609377384 189.86300884559751
leaf_count=432 239 688 142 296 123 120 7199 1506 3509 6432 8264 763 546 6644 24399 528 1495 303 483 392 13678 751 288 2897 21872 29104 1280 1453 604 1060
internal_value=-2.68857e-06 -0.00715497 0.00152748 -0.00538072 0.00658496 0.0348416 9.09866e-05 0.00139522 -0.00538392 0.00238903 0.000691313 -0.000453345 0.00333604 -0.00117608 -0.000869388 0.000570315 0.0105662 0.00695362 -0.00411899 -0.000191369 -0.00244149 0.00513327 -0.00259428 -0.000801337 0.000514523 0.000366726 0.00555043 0.00458229 0.0100073 0.00999357
internal_weight=20944.1 270.203 150.521 122.716 75.8218 40.3159 20673.9 6088.83 777.536 5311.3 3457 14585.1 1441.49 2283.28 13143.6 1043.73 397.76 345.856 1204.63 10296.4 2459.21 267.526 697.875 614.043 7837.23 7755.63 1854.29 1658.99 391.993 292.987
internal_count=137490 1608 920 778 482 243 135882 37374 5015 32359 21823 98508 7549 15391 90959 5508 2041 1891 8747 66560 15192 1514 3617 3185 51368 50976 10536 9256 2057 1588
is_linear=0
shrinkage=0.03


Tree=142
num_leaves=31
num_cat=0
split_feature=74 74 19 56 74 22 51 83 22 20 82 64 30 68 35 74 43 19 74 62 30 78 24 68 74 77 50 56 6 44
split_gain=15.1756 34.4627 37.2179 28.4837 22.2945 37.4305 22.9811 23.5479 23.2216 31.0404 25.3949 22.2559 30.4468 20.6148 20.6089 31.9904 21.5526 41.2942 24.7937 20.4336 21.6777 20.6222 19.8596 19.5758 37.4215 27.2514 18.9385 17.7755 22.4663 20.9779
threshold=3051552550.0000005 950225950.00000012 0.21428571427933676 33.33333326514817 868090800.00000012 0.61111111108564831 0.040399164548799986 -0.0056528210253455882 0.69999999994750006 -0.088983050848499931 -0.0050032692298008505 1.9589759960827549 -0.0069011403793952089 -79.999999995333312 122.54506861860527 4579953250.000001 -0.0041986046310192307 0.68181818179493814 6346887650.000001 -74.613871506253858 -0.0032501483402820326 0.14432468158224918 0.42644439761317582 -66.666666660749982 4579953250.000001 0.00010314169117011305 35.732142857142868 92.857142787500024 0.14056729997324049 0.073037402173241187
decision_type=2 2 8 8 2 8 10 8 10 10 10 2 2 10 2 2 2 10 2 2 2 8 10 10 2 10 10 8 10 2
left_child=1 4 13 -4 6 -6 7 11 9 -9 -10 12 -1 -3 15 -2 -17 18 -18 21 -21 -8 -22 24 25 -16 -13 28 29 -5
right_child=14 2 3 27 5 -7 19 8 10 -11 -12 26 -14 -15 23 16 17 -19 -20 20 22 -23 -24 -25 -26 -27 -28 -29 -30 -31
leaf_value=-0.00015512900374392482 -0.0089299505600493444 0.0085027566168250478 0.019228660942401429 0.0042578553265198958 -0.019393489146834367 0.011417616487377068 -0.0066181520453319183 0.00030112025117138452 0.021057485812093591 -0.0030417825452996607 0.0017676191055616944 -0.019997952205546763 0.022474783190783599 0.029216884827102507 -0.0094278536862169859 -0.0086932916784340942 0.05896381310886991 -0.0062906928578724784 0.015182657288398595 -0.001643525173447923 -0.012113151623896434 0.020387927141305353 0.0045910940345976039 -0.014710115071244456 -0.015516833546706294 0.03056124844716621 0.0092279279655996267 -0.023554441173593534 0.011657248198706397 -0.0059177287749279826
leaf_weight=89.02389995008707 105.40626207180321 99.76187850907445 86.396677440032363 406.09447609633207 126.10181996412575 48.335631400346756 43.232997998595238 9997.9679049495608 61.439533114433289 3331.802940716967 3948.6143936086446 38.262621350586414 132.08940349891782 77.781424829736352 23.360986560583115 26.130455333739519 25.436655104160309 28.030849315226078 22.856412399560213 756.5965908896178 433.6652010101825 59.125736102461815 74.301029600203037 221.01487448066473 68.277984812855721 41.144038490951061 39.55845819413662 24.166527666151524 174.10483461618423 329.22197147458792
leaf_count=413 724 549 501 2880 792 268 239 62813 273 29547 22888 191 631 505 139 185 154 178 142 4457 2982 302 433 1521 392 242 194 120 936 1899
internal_value=-2.6229e-06 0.000131426 0.00506677 0.00284839 -0.000176808 -0.0108224 -7.83793e-05 0.00021195 6.76129e-05 -0.000534385 0.00206909 0.00854616 0.0133904 0.0177072 -0.004863 0.00261576 0.0144946 0.0224819 0.0390321 -0.0038244 -0.00487102 0.00899874 -0.00965968 -0.00926031 -0.000124622 0.0161103 -0.00517503 0.00131036 0.00199954 -0.000295817
internal_weight=20939.3 20377.6 1197.53 1019.98 19180.1 174.437 19005.7 17638.8 17339.8 13329.8 4010.05 298.934 221.113 177.543 561.659 207.861 102.454 76.3239 48.2931 1366.92 1264.56 102.359 507.966 353.798 132.783 64.505 77.8211 933.588 909.421 735.316
internal_count=137490 133813 7390 6336 126423 1060 125363 116950 115521 92360 23161 1429 1044 1054 3677 1383 659 474 296 8413 7872 541 3415 2294 773 381 385 5835 5715 4779
is_linear=0
shrinkage=0.03


Tree=143
num_leaves=31
num_cat=0
split_feature=31 14 74 77 28 86 1 84 7 72 5 20 12 3 46 3 2 57 77 52 76 51 77 56 21 49 76 76 31 21
split_gain=14.7729 29.1971 22.5129 40.0284 26.924 15.4174 43.6348 29.6348 27.3907 24.994 23.6952 29.8882 22.6915 22.0007 21.4821 28.2737 20.9259 19.4127 18.7698 26.3051 18.3922 18.068 17.4706 21.1065 25.8006 23.0299 17.0681 16.9365 20.3525 16.0069
threshold=7713.0826444125305 -0.051948051957286183 -32012799.999999996 -0.0051513645295667519 0.096385542167948909 14.500000000000002 0.0050314545017277066 0.075250086422953957 0.0060975609734625911 315936400.00000006 -0.074014528998451831 -0.18518518519398716 0.33333357281173026 -0.036565108175998721 1.3000003269740517 0.051974025974026013 -0.010919026328862378 38.888888843518529 -0.0002685960604467861 0.0064230694602420623 0.00050681668348333167 0.0086782376501698556 0.0071354163848270083 37.499999979792982 0.068181818171702782 0.0054945054943293893 0.0027233764816984155 -0.055202437044322171 21.812869268727493 0.54211237471968221
decision_type=2 8 2 10 10 2 10 10 10 2 8 10 10 10 8 10 10 10 10 8 10 10 10 8 10 8 10 10 2 10
left_child=5 -2 3 -3 -5 10 7 14 9 -8 11 13 22 27 15 26 -9 -13 19 -16 -15 -20 23 24 -12 -25 -7 -1 -29 -24
right_child=1 2 -4 4 -6 6 8 16 -10 -11 12 17 -14 20 18 -17 -18 -19 21 -21 -22 -23 29 25 -26 -27 -28 28 -30 -31
leaf_value=-0.015135891609547415 -0.020386793404532297 0.042553080498470737 -0.016801348884488206 0.024135620552312557 -0.01006612371045861 -0.00022336607932220293 -0.0045635890309176303 0.0075168236622914228 -0.0093356421488658397 0.0044629967937046553 -0.0050225993166664431 0.021126011560426282 -0.0032159660179986883 0.0096271857009831326 -0.0058057105700190636 0.013021522880020923 -0.013866176469344953 0.0061413137908883546 0.022271717447953098 0.0086990841389835358 -0.0094707912483892598 0.0022421461094179534 -0.0042219171618527226 0.011772807404863672 0.0027262463924769254 0.00089052265261731201 -0.011078463952027464 0.016619909858124629 -0.0025098566527619686 0.0022920481007619002
leaf_weight=83.460950575768948 93.796718761324883 22.262127459049225 48.891179248690605 27.222192019224167 76.817511536180973 841.39863150008023 609.60355940833688 55.263730406761169 437.74092371761799 502.81131394580007 1190.1033100057393 106.18302099406719 2839.8224006481469 293.94725960493088 123.14744145795703 127.90652718767524 153.2803314961493 292.91203060932457 40.507286466658115 1206.6760160643607 52.654823631048203 1838.1143922936171 1502.1775134969503 179.00877056457102 571.32441359758377 6413.2406020797789 153.41205768287182 53.949842780828476 559.39999068155885 437.22075517848134
leaf_count=432 563 115 304 176 450 5829 4656 274 2810 2802 8889 546 24399 1588 919 657 748 1495 299 6864 303 10494 9700 1115 3229 41332 1022 288 2897 2295
internal_value=-2.60235e-06 -0.0069748 0.000263776 0.00697331 -0.00094403 8.83394e-05 0.00135602 0.00284015 -0.00298743 -0.000480536 -0.000441172 0.00320681 -0.000842306 0.000530159 0.00337306 -0.000196003 -0.00817658 0.0101785 0.00462258 0.00735027 0.00669834 0.00268724 -0.000186881 0.000408406 -0.00250741 0.00118822 -0.00190981 -0.00253887 -0.000798018 -0.00275143
internal_weight=20934.3 268.99 175.193 126.302 104.04 20665.3 6089.86 4539.71 1550.16 1112.41 14575.4 1442.51 13132.9 1043.41 4331.16 1122.72 208.544 399.095 3208.45 1329.82 346.602 1878.62 10293.1 8353.68 1761.43 6592.25 994.811 696.811 613.35 1939.4
internal_count=137490 1608 1045 741 626 135882 37374 27106 10268 7458 98508 7549 90959 5508 26084 7508 1022 2041 18576 7783 1891 10793 66560 54565 12118 42447 6851 3617 3185 11995
is_linear=0
shrinkage=0.03


Tree=144
num_leaves=31
num_cat=0
split_feature=87 62 48 20 87 82 47 51 22 30 17 40 77 14 16 57 63 77 14 83 21 45 77 48 21 33 61 49 37 39
split_gain=14.8458 31.5756 31.4148 25.0607 20.7383 20.1441 20.1728 19.2885 33.8197 23.8326 38.5683 26.5073 35.484 24.854 22.3376 26.4557 39.5562 25.0475 22.2158 22.7888 24.6877 21.9216 21.0286 20.8481 25.15 24.732 24.5053 23.3068 18.7956 41.8411
threshold=2.5000000000000004 1.7096377716925988 0.17857142857142858 -0.25000000000044292 3.5000000000000004 0.00024611375319629419 0.01190476190472216 0.0065610545076010959 0.78431372547866218 -0.00023367883925229369 -0.10746493660697141 1.0000000180025095e-35 0.0015445432470227339 -0.08450704226319182 0.59999999999885467 99.999999669444463 0.61106094805512801 0.038005500271498217 -0.024390243909379324 -0.0039758147160870424 0.027952494426475853 0.53385521942066738 0.0026724312571948269 103.71428571428574 0.099999999985267776 5681.3515321322384 -0.15470054000981834 0.025297619047579524 2417.8647354368181 3682.8408704339595
decision_type=2 2 8 8 2 10 10 8 10 2 10 2 10 10 10 8 2 10 10 8 10 2 10 10 10 2 10 8 2 2
left_child=7 2 -2 -3 -5 6 -6 8 9 13 -11 12 -12 -1 21 18 -17 -18 -16 -20 -21 23 -23 24 27 -26 -25 -9 -4 -30
right_child=1 3 28 4 5 -7 -8 14 -10 10 11 -13 -14 -15 15 16 17 -19 19 20 -22 22 -24 26 25 -27 -28 -29 29 -31
leaf_value=0.010188499726126692 0.0062355852813510155 -0.020292660397747974 -0.0031135547449238693 -2.0540744173885142e-05 0.037226793559956332 0.0042586362780632518 0.01000426081550463 -0.00026684316966801456 0.014207491961151069 0.025694893774355174 -0.0074168161360455712 -0.031874449778153825 0.045424920344122863 -0.026726751267128701 -0.0044462080915711527 -0.027761701072932073 0.022105991855754636 -0.015141670445316557 0.016441009308187315 -0.010842415618077514 0.00058204005306797225 -0.033584704767240882 -0.00079956407332948463 0.01685601041045728 0.0041044725705470866 0.036132974815211515 -0.0095508126585488445 0.004556464774695337 0.017276932867750984 -0.0039461780569291964
leaf_weight=19.104164272546768 379.93692960776389 42.396334238350391 5285.0225524306297 1081.7915561050177 32.451178438961506 741.11521688848734 98.322561211884022 3846.732556136325 64.386139422655106 33.113125398755074 165.88837563619018 35.697864983230829 11.27527394518256 95.25599829480052 1418.8778821378946 19.469493461772799 116.52108235284686 18.036002457141876 74.757407555356622 182.80934917926788 2302.2624464537948 29.618569448590279 42.010303467512131 35.310293205082417 2959.7883656267077 20.903051115572453 244.3411480486393 1176.2655260693282 132.66873776167631 222.09019000083208
leaf_count=86 2798 238 36720 6249 188 4146 544 26973 329 184 2318 284 129 687 8620 142 815 96 350 1669 15183 151 213 186 17323 119 1361 7263 711 1415
internal_value=-2.61141e-06 -0.0010168 -0.00210123 0.00225152 0.00275241 0.00619246 0.0170135 0.000626775 -0.005652 -0.00923838 -0.00392902 -0.00865 -0.00380087 -0.0204991 0.000840999 -0.000962441 0.0111943 0.0170163 -0.00143651 0.000231637 -0.000261194 0.00173343 -0.0146733 0.00187742 0.00215927 0.00434213 -0.00615768 0.000862745 -0.0026644 0.00400842
internal_weight=20928.2 8015.8 6019.72 1996.08 1953.68 871.889 130.774 12912.4 424.721 360.335 245.975 212.862 177.164 114.36 12487.7 4132.73 154.027 134.557 3978.71 2559.83 2485.07 8354.97 71.6289 8283.34 8003.69 2980.69 279.651 5023 5639.78 354.759
internal_count=137490 53009 41644 11365 11127 4878 732 84481 4017 3688 2915 2731 2447 773 80464 26875 1053 911 25822 17202 16852 53589 364 53225 51678 17442 1547 34236 38846 2126
is_linear=0
shrinkage=0.03


Tree=145
num_leaves=31
num_cat=0
split_feature=74 74 27 56 74 53 51 45 55 74 27 68 2 76 15 37 22 76 24 83 83 22 0 68 76 49 74 15 50 12
split_gain=14.3798 32.2007 34.3698 26.3227 21.1919 42.7554 21.8439 22.0801 41.023 35.7257 26.9816 26.296 29.1259 19.9042 31.3465 22.0331 19.3938 25.9748 27.9482 24.1764 23.3301 23.2107 22.1707 18.9534 23.7434 21.2248 18.8562 27.0765 18.6643 17.1692
threshold=3051552550.0000005 950225950.00000012 0.21428571427933676 33.33333326514817 868090800.00000012 0.021958321672813672 0.040399164548799986 0.077525747163643924 26.086956515784497 -158904599.99999997 0.74999999999821043 -99.999999999652758 -0.038450166037392534 0.00021855176339334367 0.012499999995253976 123.19735588102763 0.17647058822750869 -0.040453404649176398 0.58533284714192224 0.005572699286464736 0.010791312371401558 0.044444444444032928 -0.017219415769822107 -79.999999995333312 -0.0025014044900354897 0.01859099804286184 4937587150.000001 0.062499999985058514 1.9777175358363561 0.23182297154899897
decision_type=2 2 8 8 2 10 10 2 10 2 8 8 10 10 10 2 8 10 10 8 10 10 10 10 10 10 2 10 10 10
left_child=1 4 23 29 6 -6 7 11 10 -10 -9 -1 -13 28 -15 26 17 21 -19 22 -21 -8 -18 -3 -25 -26 -16 -28 -2 -4
right_child=13 2 3 -5 5 -7 16 8 9 -11 -12 12 -14 14 15 -17 19 18 -20 20 -22 -23 -24 24 25 -27 27 -29 -30 -31
leaf_value=-0.019999526541218844 -0.030015210963680788 0.0081419476705416761 0.0074776381357026279 0.0012689293798890742 -0.018725149539977358 0.016308994531205902 -0.032329924992971326 -0.0014791883055416512 0.020725077861903574 0.0033798803846240631 -0.017740851716201635 0.0049902519379880191 -0.0005915807840446291 0.029937525311725346 -0.0033255387310036446 -0.0091911094974524085 0.00074540950969126548 0.0036813711524591977 0.036813701517063105 0.0056048542294895639 -0.010206152339215674 0.0044214462783199338 -0.012093106578413925 0.0012217222324549962 0.064945149978278327 0.024565107382376789 0.044929232438051088 -0.00070070971356024137 -0.0073873817945551562 0.0348174148834796
leaf_weight=59.850561916828156 37.975378174334764 100.26487417519093 53.361054331064224 934.21313171647489 133.35829699970782 39.95959809795022 31.110176797956228 684.17795296385884 110.6076768040657 2596.5148401148617 105.2196628600359 897.69076591730118 13170.79690095596 28.416077580302954 55.348393674939871 171.36091902107 157.39979617670178 228.00696532987058 24.564137771725655 253.56946246698499 124.33083679527044 29.186975982040167 515.5849853400141 22.071425955742598 17.576499810442328 39.372169140726328 22.728139810264111 22.785604920238256 221.28189607709646 33.935114018619061
leaf_count=304 305 549 280 5835 828 232 174 3399 640 13668 525 4493 93921 180 402 1142 864 1366 120 1538 706 174 3471 134 118 253 148 143 1357 221
internal_value=-2.61701e-06 0.000127761 0.00489139 0.00275358 -0.000170838 -0.0105834 -7.50875e-05 0.000207874 0.00234207 0.00409707 -0.00367022 -0.000320218 -0.000234869 -0.00474142 0.000505531 -0.00265408 -0.0037317 0.00281176 0.007048 -0.00568348 0.00038184 -0.0147095 -0.00908929 0.0169725 0.0278978 0.0379853 0.00840382 0.022497 -0.010816 0.0184135
internal_weight=20922.6 20362.7 1200.79 1021.51 19161.9 173.318 18988.6 17624.9 3496.52 2707.12 789.398 14128.3 14068.5 559.896 300.639 272.223 1363.75 312.868 252.571 1050.89 377.9 60.2972 672.985 179.285 79.0201 56.9487 100.862 45.5137 259.257 87.2962
internal_count=137490 133813 7390 6336 126423 1060 125363 116950 18232 14308 3924 98718 98414 3677 2015 1835 8413 1834 1486 6579 2244 348 4335 1054 505 371 693 291 1662 501
is_linear=0
shrinkage=0.03


Tree=146
num_leaves=31
num_cat=0
split_feature=76 39 45 57 28 88 1 44 67 84 28 47 59 2 7 47 2 80 13 57 45 47 72 7 8 49 50 60 47 18
split_gain=14.3825 20.6716 18.4967 16.3608 23.2707 14.8406 36.0512 23.7138 23.3029 22.2451 23.6347 20.7433 31.795 20.4101 19.8308 19.4857 21.6162 19.1603 17.6735 17.4099 16.6037 24.8927 17.5272 14.3645 14.194 13.0453 23.282 11.2262 10.8501 10.6939
threshold=0.189768214815321 31.7060487052503 0.12048048271697788 99.999999894302007 0.59848484848212824 -0.3794095225512602 0.012836991628765395 0.36038952197761592 19.841269838303123 0.071459057374550342 0.6146245330204928 0.038095238094666674 0.020000006896972681 0.17165178571428577 -0.040000000028799935 0.0097604259094730157 0.01206900139417766 0.0038524099246428035 0.076923076922662745 63.417695688582818 0.10478987742345215 0.025345622119509071 14571400.000000002 -3.6326497365735117e-13 0.034342954493323398 0.029251700680174606 0.82142898014613575 -0.024372772381018922 0.051428571428108576 0.49999999997996797
decision_type=10 2 2 10 10 2 10 2 8 10 8 8 10 8 10 8 10 10 8 10 2 10 2 10 8 10 10 10 10 8
left_child=3 -2 29 5 -5 6 8 11 20 13 25 12 -8 14 19 17 -17 -10 -16 -7 21 -1 -22 -12 -13 26 -11 -27 -9 -3
right_child=1 2 -4 4 -6 9 7 28 15 10 23 24 -14 -15 18 16 -18 -19 -20 -21 22 -23 -24 -25 -26 27 -28 -29 -30 -31
leaf_value=-0.0016817304527652599 0.011722702308058856 -0.0085483529995048976 -0.024494976040321807 0.022668644594796929 -0.0074316356139101734 0.010362675260840141 -0.0083441803767110995 0.017836098709270328 -0.0033434585840074736 0.0056617079659782073 -0.011463432915714711 0.0052979841253930201 0.0024026260420027994 0.010001395302489269 0.0010261683895251947 0.0040063188869186089 -0.0019740962375394073 0.011662623340897134 -0.0020180704699697401 -0.013533262835287456 -0.01987501693913804 0.0074762037461461265 -0.003409493958790383 0.013164345006465444 -0.014937747927390464 -0.0015498057210853221 0.02580767310797678 0.014015472056992584 -0.0031259430763448917 0.008951583227517294
leaf_weight=1382.1484886147082 47.271593973040581 171.84956960938871 57.824058316648006 64.872720375657082 34.807605266571045 211.81383756548166 472.71754816919565 63.291281454265118 713.92449792847037 130.28831269592047 98.040553733706474 35.368061438202858 518.11503654904664 148.38206428289413 2181.2142209894955 4568.177704392001 616.13506259396672 84.724762216210365 8023.8910938873887 30.524023130536079 75.558281287550926 330.05787782557309 247.77276135608554 26.162973962724209 227.82575763575733 139.43519166857004 85.915981993079185 58.241459712386131 33.22263078391552 37.394713032990694
leaf_count=8851 235 1297 305 540 210 1062 3908 296 5050 588 501 259 3057 785 12942 27805 3975 448 58436 140 359 1774 1251 136 1311 801 411 362 164 231
internal_value=-2.51254e-06 -0.00636109 -0.00960494 9.46604e-05 0.0121586 3.52719e-05 0.000915221 -0.00361682 0.00167927 -0.00070494 0.00523907 -0.00472341 -0.0027248 -0.00100754 -0.00116513 0.00262264 0.00329475 -0.00173519 -0.00136707 0.00729725 -0.00109196 8.52047e-05 -0.00731594 -0.00618802 -0.0121973 0.00868217 0.0137632 0.00306855 0.0106316 -0.00537891
internal_weight=20917 314.34 267.068 20602.6 99.6803 20502.9 9369.04 1350.54 8018.5 11133.9 538.084 1254.03 990.833 10595.8 10447.4 5982.96 5184.31 798.649 10205.1 242.338 2035.54 1712.21 323.331 124.204 263.194 413.881 216.204 197.677 96.5139 209.244
internal_count=137490 2068 1833 135422 750 134672 58508 8995 49513 76164 2799 8535 6965 73365 72580 37278 31780 5498 71378 1202 12235 10625 1610 637 1570 2162 999 1163 460 1528
is_linear=0
shrinkage=0.03


Tree=147
num_leaves=31
num_cat=0
split_feature=26 53 64 44 40 74 74 74 38 21 87 22 50 35 50 45 56 24 56 83 48 45 63 74 28 34 45 28 66 28
split_gain=14.0528 27.9231 18.4039 18.0019 44.4433 51.4584 25.6383 22.726 42.5667 19.6698 15.2014 30.7488 35.735 31.9048 31.0054 49.0808 38.5326 33.2367 39.6144 29.4921 28.9519 28.6082 34.95 23.0137 21.4129 23.9876 19.6729 27.2374 20.8158 28.7962
threshold=0.019607843136966552 0.006135119422023565 0.50394467306977908 -0.0028139654310128655 -0.00087895601224469145 66434700.000000007 -3631549.9999999995 73892350.000000015 -0.0036660690308794592 -6.4583338676982281e-11 2.5000000000000004 0.66666666660185192 0.16071428571428573 432.36544706693701 24.125000000000004 -0.0067871295441824788 83.870967735622628 0.25212005872114801 91.489361685776387 -0.0070054642971594814 3.3852710723876958 -0.0085265543982482855 -0.21408976208016769 -201482049.99999997 0.37037037036882725 -0.058721306640127084 0.10478987742345215 0.16791107148701737 36.666666666483344 0.17777777777613171
decision_type=8 10 2 2 2 2 2 2 2 8 2 8 10 2 10 2 10 10 10 10 10 2 2 2 10 2 2 10 8 8
left_child=1 2 3 7 5 -5 -6 9 -9 -1 -2 12 21 26 15 -15 -17 23 -19 20 -14 22 -12 -16 25 -21 28 -28 29 -13
right_child=10 -3 -4 4 6 -7 -8 8 -10 -11 11 13 19 14 17 16 -18 18 -20 24 -22 -23 -24 -25 -26 -27 27 -29 -30 -31
leaf_value=0.013791402995468143 0.00073660700792114889 -0.024519012854217426 0.037638314066049783 0.07278259779205512 0.031228987961404463 -0.0031940465120521072 -0.011038888688870385 0.040422733539743419 -0.029540079734475901 -0.026372818771365641 0.0016319305920103101 0.015138681605080492 0.032050383923995403 -0.013072370256292425 0.025925759531294047 0.022662740914896805 -0.013171671365707009 0.024651403738855437 -0.009265828470520281 0.0089016940174267249 0.00065608139065575664 -0.0052715036939640775 0.050380063109309606 -0.0044464766301929703 -0.0086739622227100504 -0.002720762769975391 0.024314638954269389 0.0018966957311238942 -0.0046622901621295133 -0.0047737222900940931
leaf_weight=12.19292651116848 12711.642901666462 59.885212998837233 9.1602051444351655 15.013523228466513 13.917915150523184 15.773044552654026 95.115135008469224 16.77767908573151 13.005948750302194 71.1382149849087 23.032289251685143 125.44994876906276 41.607189834117889 51.002968952059746 22.903735488653183 244.32077468186617 29.581831246614456 99.600041016936302 44.003539465367794 164.95116729289293 70.307148225605488 32.696362011134624 30.768904235213995 366.38466689735651 528.38086000829935 4279.809215715155 52.719514794647694 538.49529529735446 997.59717724658549 134.24035453796387
leaf_count=50 81568 1097 79 220 173 262 1473 143 232 1020 112 789 193 294 122 1336 174 498 233 828 379 226 176 2000 3009 30244 265 2856 6664 775
internal_value=-2.47527e-06 -0.0062118 -0.00194014 -0.0035279 0.00364863 0.0348868 -0.00538141 -0.0123792 0.00980669 -0.0203666 9.47778e-05 -0.000940454 -0.00229639 0.00164942 0.00642773 0.0137188 0.0187478 0.00195937 0.0142454 -0.0026235 0.0125348 0.0167103 0.0299763 -0.00258999 -0.00296768 -0.00228686 -0.000568604 0.00393848 -0.0026918 0.00485513
internal_weight=20911.5 321.98 262.095 252.934 139.82 30.7866 109.033 113.115 29.7836 83.3311 20589.5 7877.85 5171.55 2706.3 857.798 324.906 273.903 532.892 143.604 5085.06 111.914 86.4976 53.8012 389.288 4973.14 4444.76 1848.5 591.215 1257.29 259.69
internal_count=137490 4749 3652 3573 2128 482 1646 1445 375 1070 132741 51173 35167 16006 4657 1804 1510 2853 731 34653 572 514 288 2122 34081 31072 11349 3121 8228 1564
is_linear=0
shrinkage=0.03


Tree=148
num_leaves=31
num_cat=0
split_feature=91 20 20 83 83 33 3 5 24 77 47 67 76 6 36 4 48 22 32 50 63 29 50 50 2 47 72 67 30 46
split_gain=13.6549 35.1288 27.6315 31.0766 25.6743 29.9356 25.3916 24.5319 22.9784 43.1111 25.2619 22.1214 21.9238 23.7923 24.9533 25.744 28.5005 23.8915 23.1404 22.2753 22.1764 24.3839 22.5989 21.6928 21.4528 27.9642 32.7343 30.4553 28.8019 27.7225
threshold=1.0000000180025095e-35 -0.14688382768495403 -0.22704008356484526 -0.00096814880472014377 -8.1428470444807195e-05 24.991424529746467 0.15626452428399298 -0.058823518225065867 0.053850863760080046 -0.0018367778889081471 0.0049739396865980251 41.111111110909029 0.0018561556205089591 0.027793871507660554 -0.038207420194550416 -0.0070818730012626721 75.035714285714292 0.46666666664333339 -0.031931714253696224 81.875000000000014 0.88848635991668201 737.74009110890245 0.75357151031494152 0.65357153756277919 -0.052631565300805642 0.034615384615338023 99683300.000000015 99.999999989772718 -0.0057039297529532509 67.928571428571445
decision_type=2 10 10 10 10 2 10 10 8 8 10 10 10 8 2 10 10 10 2 10 2 2 10 8 10 10 2 10 2 10
left_child=1 12 3 6 7 -6 8 -3 9 11 -11 -2 13 14 15 17 -17 -1 -16 -20 23 22 -22 -14 -4 26 27 28 -26 -28
right_child=2 4 24 -5 5 -7 -8 -9 -10 10 -12 -13 20 -15 18 16 -18 -19 19 -21 21 -23 -24 -25 25 -27 29 -29 -30 -31
leaf_value=0.00078154410896143537 0.049113954204068659 0.01282353626081913 0.0082492314229572622 -0.0069350802996825198 0.010878537656311651 -0.0015815219217960173 0.029598068000149549 -0.0059979313929932323 -0.0015191608610993024 0.031980150176112318 -0.0040771335650234032 0.0080403808498288234 0.0085551672645026791 0.0097218570698194284 -0.018834963548680778 0.0096672655958255187 0.043054995305803465 0.022486128294952109 0.00054370683917065921 -0.020221455343245993 0.036772652298182107 -0.010370407824014436 0.0056812876677512104 -0.0089265513814082275 0.0036349213157244736 -0.0032745835292633065 0.0050260276374568241 0.015687283693006586 -0.0016203082745476953 -0.0037842527150428848
leaf_weight=734.17876347526908 29.858082784339786 63.615786265581846 391.67347711697221 819.01876011677086 182.12113714963198 3303.4190145023167 24.91193663328886 1749.4812480211258 1572.3802369441837 19.328171797096729 123.94125588238239 20.162911543622613 73.431498304009438 385.94239924475551 64.617712814360857 247.80008782073855 24.618004322052002 47.707297720015049 968.98105146735907 47.828292831778526 22.932198733091354 76.920281544327736 183.69523684680462 450.27617545239627 1283.3355407863855 1155.9483511950821 2883.6517389584333 110.05064591765404 3485.1104542445391 360.617511279881
leaf_count=3980 179 353 1985 5246 890 22606 158 13496 8627 125 860 134 383 2106 324 1395 124 234 6550 286 121 465 1117 2935 7365 6989 17872 670 27889 2026
internal_value=-2.30129e-06 -0.000917064 0.000640163 -0.00209827 -0.00243443 -0.000926684 0.000115061 -0.00532919 -0.000315736 0.00941588 0.000954435 0.0330985 0.00149722 0.00287509 0.00163245 0.00491518 0.0128419 0.00213673 -0.00156676 -0.000448997 -0.00280143 0.00394061 0.00930685 -0.00645801 0.00137959 0.00108843 0.00171003 0.000156157 -0.00020487 0.00404493
internal_weight=20907.6 8627.57 12280 2609.6 5298.64 3485.54 1790.58 1813.1 1765.67 193.29 143.269 50.021 3328.93 2521.67 2135.73 1054.3 272.418 781.886 1081.43 1016.81 807.255 283.548 206.627 523.708 9670.39 9278.71 8122.77 4878.5 4768.45 3244.27
internal_count=137490 57365 80125 15329 37345 23496 10083 13849 9925 1298 985 313 20020 14999 12893 5733 1519 4214 7160 6836 5021 1703 1238 3318 64796 62811 55822 35924 35254 19898
is_linear=0
shrinkage=0.03


Tree=149
num_leaves=31
num_cat=0
split_feature=74 74 44 77 85 56 74 53 76 15 37 74 15 20 26 83 24 77 52 22 56 31 26 49 22 22 83 67 74 37
split_gain=13.7896 30.0715 32.9021 25.8228 26.1921 22.3599 20.2085 40.4703 18.9504 29.0999 20.8369 17.5613 24.47 17.3695 28.7866 31.3581 19.7717 43.1596 32.1707 17.3711 16.7173 20.2812 44.302 31.8192 16.6569 16.2702 15.8146 15.1819 23.5073 14.9608
threshold=3051552550.0000005 950225950.00000012 -0.045598477775993677 0.0003499789648061309 0.052779053865301587 33.33333326514817 868090800.00000012 0.021958321672813672 0.00021855176339334367 0.012499999995253976 123.19735588102763 4937587150.000001 0.062499999985058514 -0.0069930069971733668 0.019607843136966552 -0.00025391401486937358 0.019021367242865853 1.2959607321595145e-05 0.00466780866288406 0.16279069767309359 92.857142787500024 153.61177376885533 0.068571428571364904 0.02014652014630491 0.46246387283045537 0.61111111108564831 -0.00098741747570163779 38.888888878009276 4579953250.000001 3516.5563961390121
decision_type=2 2 2 10 10 8 2 10 10 10 2 2 10 10 8 8 8 8 8 10 8 2 10 10 10 8 10 10 2 2
left_child=1 6 3 4 -3 24 13 25 -2 -10 11 -11 -13 14 15 19 17 -16 -18 -1 21 23 -23 -7 -4 -8 -5 28 -12 -15
right_child=8 2 5 26 -6 20 7 -9 9 10 27 12 -14 29 16 -17 18 -19 -20 -21 -22 22 -24 -25 -26 -27 -28 -29 -30 -31
leaf_value=0.015724191989998259 -0.010601414290704738 0.060970960138871058 0.0050805606633716697 0.022094279221985258 0.01415006974089256 -0.013804204195803506 -0.023362162363092173 0.015672292565946776 0.028565349929054816 -0.0032666050483645607 0.024794365410853801 0.042501405148584651 -0.00062678092190831701 0.0040630510000191069 -0.0013597055224708733 -0.019879078372257462 -0.014690693136864809 0.026390407515703831 -0.00017022002530067188 -0.015520463452937349 -0.023204966301895554 0.034958176568375368 0.0036465066227658245 0.0031734143673215415 0.025558122995300039 0.0034889157606843831 -0.013593956079240542 -0.014333260787728713 -0.017918159049650224 -0.015489092384578081
leaf_weight=45.156025350093842 257.7511353995651 21.853517860174179 81.468187473714352 22.977038908749819 22.187736373394728 145.41041210852563 107.54397621192038 40.204804103821516 28.899373434484005 55.271812617778778 25.021832138299942 23.321046762168407 22.753289300948381 1139.9076364152133 136.71021590195596 134.53520458564162 137.43396677821875 78.678106158971786 17235.329048067331 23.510750390589237 22.707952342927456 43.784509435296059 451.39624405652285 307.82755279913545 64.267068954184651 24.460503064095974 19.922327093780041 125.570696182549 19.917419441044331 35.319156780838966
leaf_count=345 1662 127 478 145 139 1120 689 232 180 402 159 148 143 7571 1339 2119 1131 699 111667 303 112 251 2453 2093 347 139 125 862 121 189
internal_value=-2.0659e-06 0.000125576 0.00472277 0.0223997 0.0382873 0.00332524 -0.000163656 -0.0103644 -0.00464846 0.00046157 -0.00260872 0.0080997 0.0215784 -7.03368e-05 -0.000303902 -0.0115032 -0.000173696 0.00883824 -0.000286101 0.00491408 0.00167063 0.0022932 0.00648604 -0.00228524 0.0142439 -0.0183753 0.00552031 -0.0090011 0.00582058 0.00346023
internal_weight=20901.1 20342.6 1203.8 86.9406 44.0413 1116.86 19138.8 172.209 558.507 300.755 271.856 101.346 46.0743 18966.6 17791.4 203.202 17588.2 215.388 17372.8 68.6668 971.127 948.419 495.181 453.238 145.735 132.004 42.8994 170.51 44.9393 1175.23
internal_count=137490 133813 7390 536 266 6854 126423 1060 3677 2015 1835 693 291 125363 117603 2767 114836 2038 112798 648 6029 5917 2704 3213 825 828 270 1142 280 7760
is_linear=0
shrinkage=0.03


Tree=150
num_leaves=31
num_cat=0
split_feature=86 0 84 1 85 5 20 12 3 8 33 73 77 56 36 43 49 26 77 4 46 36 3 3 83 36 49 56 29 54
split_gain=13.3143 38.8494 29.836 22.1839 21.1538 20.5944 27.3353 20.8744 19.9349 19.1041 18.972 22.0639 18.2975 21.662 26.6786 27.8133 21.3321 27.0743 22.2462 17.8474 17.5844 24.6447 24.8517 24.1193 17.498 25.9494 26.574 17.6534 16.4666 16.3724
threshold=14.500000000000002 0.013003923160173072 0.04762589337057422 0.0050314545017277066 0.13430035182079528 -0.074014528998451831 -0.18518518519398716 0.33333357281173026 -0.036565108175998721 0.065217391303757102 44.080570324198483 8.2296889006877034 0.0071354163848270083 37.499999979792982 -0.009359295089492679 -0.00095368553233110543 0.0054945054943293893 0.031249999999715176 -0.011764317965040337 -0.068367721688034164 1.1571431841169086 -0.077920515150509337 -0.0087693664318598801 0.051974025974026013 0.00044731372291993764 -0.027842899240246684 0.013392857142229354 99.999999983029696 16.837038837639685 0.66442827087886103
decision_type=2 10 10 10 8 8 10 10 10 8 2 2 10 8 2 2 8 8 8 10 8 2 8 10 10 2 10 10 2 10
left_child=5 2 3 20 -3 6 8 12 -1 -5 28 -12 13 14 -7 -16 18 -18 -15 29 23 -22 -23 -2 25 26 -14 -26 -6 -10
right_child=1 4 -4 9 10 7 -8 -9 19 -11 11 -13 24 16 15 -17 17 -19 -20 -21 21 22 -24 -25 27 -27 -28 -29 -30 -31
leaf_value=-0.0025747791026839305 -0.0019616137192520582 0.00086034748095129075 -0.0053287459061201036 0.0041936704052029719 -0.021729696659949536 -0.0048230935381012542 0.0095143188816390733 -0.0031269714531880878 0.0042848856177110746 -0.0042545187588810514 0.013715891743491854 -0.018189643954356322 0.032589939291926648 -0.017801921356827365 0.018907816562257252 8.8181936761644981e-05 -0.0079111515010569736 0.0012966068456052753 0.015077047441909609 0.0017417693587430485 0.018381830463059926 0.0012053267442969082 0.0066361878888826819 0.012469174593161507 -0.00073180857823828313 -0.01156667128369294 -0.0024095921956597925 -0.027028763438866045 0.0069220308265735683 0.028179847556055578
leaf_weight=701.45109182223678 796.54016721434891 222.90959768742323 466.71128571778536 369.93148755468428 22.631855260580778 1293.9543954357505 404.16620138287544 2873.4813041631132 51.32037366554141 685.52640740945935 20.532221108675003 223.78233568929136 22.81416130065918 20.004711844027042 84.859887791797519 401.56266101263463 300.3506827019155 6184.453998086974 159.67456487193704 245.78927614539862 112.53985147550702 1410.0106125529855 1645.0828544124961 118.90776219218969 1420.0007218047976 380.77679815888405 107.17929989099503 22.365240335464478 75.450662881135941 52.511586472392082
leaf_count=3655 5466 1970 2359 2746 131 7722 2062 24699 272 4220 111 1494 120 123 709 3846 2958 38860 992 1346 541 7885 9927 613 8332 2961 596 103 384 287
internal_value=-2.04153e-06 0.00116754 0.00192421 0.00258446 -0.00632 -0.000492352 0.0028939 -0.000864076 0.000338692 -0.00128947 -0.0109922 -0.0154511 -0.000238197 0.000366793 -0.00257147 0.00340961 0.00115245 0.000868523 0.0113216 0.00618327 0.00358666 0.00464475 0.00413189 -7.23608e-05 -0.0028544 -0.00762149 0.00391191 -0.00116009 0.000127982 0.0165516
internal_weight=20897.3 6170.56 5605.25 5138.54 565.307 14726.7 1455.24 13271.5 1051.07 1055.46 342.397 244.315 10398 8444.86 1780.38 486.423 6664.48 6484.8 179.679 349.621 4083.08 3167.63 3055.09 915.448 1953.14 510.77 129.993 1442.37 98.0825 103.832
internal_count=137490 37847 33757 31398 4090 99643 7622 92021 5560 6966 2120 1605 67322 55210 12277 4555 42933 41818 1115 1905 24432 18353 17812 6079 12112 3677 716 8435 515 559
is_linear=0
shrinkage=0.03


Tree=151
num_leaves=31
num_cat=0
split_feature=76 39 45 75 37 47 24 56 44 66 16 72 45 47 40 72 3 83 87 1 50 91 75 75 56 20 47 53 87 64
split_gain=13.5126 19.218 17.7443 13.9047 27.5812 22.2565 29.0633 24.4636 26.9801 19.1919 28.0107 27.8887 28.5283 38.7288 32.1883 25.552 21.9163 29.4058 23.0904 30.9936 25.7779 16.1498 20.9973 15.9247 15.8228 14.4555 13.9973 13.9956 19.5178 18.3145
threshold=0.189768214815321 31.7060487052503 0.12048048271697788 0.013270097608829296 7207.7666550855165 0.035036759035189831 0.049572652575309017 99.999999866363652 -0.023482838223036203 99.999999990291684 0.59374999999165046 5524791200.000001 -0.057624667936861766 0.0089285714284086694 0.0070526671513275749 242329700.00000003 0.040433354192740974 0.0015592942140080107 2.5000000000000004 0.0055020736838918846 0.23214285714285718 1.0000000180025095e-35 0.0031099568825905849 0.011383878262179263 99.999999983029696 -0.3656315198260312 0.018552875695552133 0.075637057945934213 1.0000000180025095e-35 1.7046420807511682
decision_type=10 2 2 8 2 8 10 10 2 10 10 2 2 10 2 2 8 10 2 10 8 2 8 10 10 10 10 8 2 2
left_child=3 -2 -3 9 5 6 -5 8 -8 10 16 12 13 -12 -14 21 18 25 20 -20 -1 22 24 -13 -11 -18 -19 -7 -29 -30
right_child=1 2 -4 4 -6 27 7 -9 -10 15 11 23 14 -15 -16 -17 17 26 19 -21 -22 -23 -24 -25 -26 -27 -28 28 29 -31
leaf_value=-0.0064105531289676597 0.011264792887464965 -0.0051804116629384535 -0.023977428628835899 -0.0027043614790976068 -0.018918175921499737 -0.0039406076305143305 -0.00066672389832792499 -0.022928819295248693 0.0087698763797048225 0.012871247892580359 0.028220593226920689 0.0029159796782348424 -0.0085738811248288905 0.00077139848213553935 -0.0023268949456999185 -0.004512979623259499 0.014843590540902517 0.03965637455645029 -0.00054377072566574598 -0.0076890935900147872 0.0015866064279880835 0.01542903510156478 -0.02486772493152151 0.027511737743477378 -0.010696843482473786 -0.0018611124661646076 0.014118709397989352 -0.017229910633301343 0.00094417827551686567 0.019042350853558928
leaf_weight=381.31291184015572 47.179673247039318 208.15327354520559 57.315600883215666 430.92335317656398 54.559411264955997 628.15427660942078 354.30279340781271 24.712757401168346 1172.4211941305548 100.47172877565026 52.002841282635927 516.003596752882 1012.5113508272916 366.30669636651874 2787.7867757119238 158.99325492233038 61.095814686268568 27.619470059871674 3978.5993685163558 632.59618329256773 7057.7536283303052 203.74718628078699 20.666658010333776 23.903294082731009 33.325776413083076 185.61245509423316 68.125438787043095 31.394964717328548 134.87896183505654 79.740385867655277
leaf_count=3354 235 1528 305 3400 322 3737 2277 138 6764 586 251 2893 9337 2527 17812 825 309 116 25835 4954 45620 1208 114 133 205 1042 382 167 702 412
internal_value=-2.07512e-06 -0.00618216 -0.00932476 9.19641e-05 0.00201282 0.00242013 0.00417838 0.00609256 0.00657898 -0.000224447 -0.000396447 -0.00235279 -0.0031749 0.00425011 -0.00399388 0.00546328 0.00035463 0.00782734 0.000141384 -0.00152612 0.00117548 0.00989986 0.00253492 0.0040593 0.00694294 0.00230682 0.0218503 -0.00156385 0.00448403 0.00773948
internal_weight=20892.2 312.649 265.469 20579.5 2911.09 2856.53 1982.36 1551.44 1526.72 17668.4 17151.2 4758.51 4218.61 418.31 3800.3 517.205 12392.7 342.453 12050.3 4611.2 7439.07 358.211 154.464 539.907 133.798 246.708 95.7449 874.169 246.014 214.619
internal_count=137490 2068 1833 135422 17919 17597 12579 9179 9041 117503 114565 32953 29927 2778 27149 2938 81612 1849 79763 30789 48974 2113 905 3026 791 1351 498 5018 1281 1114
is_linear=0
shrinkage=0.03


Tree=152
num_leaves=31
num_cat=0
split_feature=74 74 19 56 35 74 15 76 76 77 21 67 74 39 20 62 51 83 64 76 30 43 77 37 74 55 83 60 62 30
split_gain=13.0945 28.0465 24.4184 19.7974 18.2022 27.712 23.3917 35.021 18.0348 19.877 28.5442 17.9041 30.8436 28.457 16.9183 20.2377 16.6369 21.2509 20.6859 30.5088 24.372 19.2423 31.0689 38.222 28.309 27.9268 40.6753 36.6921 19.0984 20.8336
threshold=3051552550.0000005 998118850.00000012 0.2220382634164626 31.578947358725767 122.54506861860527 4579953250.000001 0.062499999985058514 0.0017709856562537919 -0.0033777256671064298 -0.00029343578084062137 0.078124999987365676 41.666666656249994 4579953250.000001 159.6368549962543 -0.1818181818491735 -0.19983527777325702 0.040399164548799986 -0.0056528210253455882 1.9589759960827549 -0.020865267893779318 -0.0053539251596385609 0.0057971950229387401 0.012827922285123113 186.18137448201142 868090800.00000012 1.0000000180025095e-35 0.0049190699139351384 -0.01921026734459574 -74.613871506253858 -0.0032501483402820326
decision_type=2 2 8 8 2 2 10 10 10 10 10 10 2 2 10 2 10 8 2 10 2 2 10 2 2 8 8 10 2 2
left_child=1 16 8 -4 5 14 7 -7 -3 -10 -11 12 13 -6 -2 -16 17 18 19 -1 -21 22 24 -24 -19 26 -23 -27 -18 -30
right_child=4 2 3 -5 11 6 -8 -9 9 10 -12 -13 -14 -15 15 -17 28 21 -20 20 -22 25 23 -25 -26 27 -28 -29 29 -31
leaf_value=0.037945870517225221 0.018437597172545412 -0.0018246050648797884 0.018122463647532207 0.0016330561682693606 -0.00084766479584058813 0.0078608004537739206 -0.0079930178363507506 0.052159647841087974 0.037812996498477129 0.023836474050461944 -0.013283343628730761 -0.015007692975817761 -0.014726549627108764 0.036282136229345126 -0.032161730870157695 -0.0024375486531737645 0.008956303929634396 -0.00021404522526203648 -0.0052273777185452919 -0.0045679633292672597 0.017205288484128372 0.00072064577838610168 -0.0015050343854393243 -0.015941960594987578 -0.014276017182557971 0.006980393741794327 -0.014977663556486409 0.00079544106984184501 -0.0011756468671423801 -0.0089490424452608446
leaf_weight=35.160018190741539 16.676004931330681 41.329795490950346 69.906049374490976 879.85492195375264 56.230286687612534 49.26544451713562 31.469676997512579 23.314772397279739 41.205533433705568 58.492270018905401 26.271564085036516 187.2590217217803 78.760936476290226 26.601027213037014 32.404378373175859 54.96318381652236 104.77622506022453 9874.4222920835018 77.654211647808552 81.225067757070065 104.95191691629589 432.66090562194586 442.22516883909702 263.05671512708068 129.56377192772925 1038.2068797107786 224.88576174527407 5111.0021417923272 774.60122216120362 518.27735031954944
leaf_count=169 99 231 394 5493 357 317 200 142 230 367 148 1300 472 165 231 394 552 71206 385 378 497 2330 3447 1874 823 5784 1086 30323 4578 3518
internal_value=-2.10509e-06 0.000122183 0.00474124 0.00286768 -0.00453635 0.00246776 0.0133636 0.0226471 0.0152794 0.0208849 0.0122759 -0.00871806 -0.00136348 0.0113312 -0.00842367 -0.0137353 -0.000146454 0.000100728 0.0080179 0.012681 0.0077164 -3.46933e-05 -0.000827558 -0.00690893 -0.000397873 0.00121224 -0.00465833 0.00184114 -0.0032971 -0.0042986
internal_weight=20886.7 20329.7 1117.06 949.761 556.945 208.093 104.05 72.5802 167.299 125.969 84.7638 348.851 161.592 82.8313 104.044 87.3676 19212.7 17815 298.991 221.337 186.177 17516 10709.3 705.282 10004 6806.76 657.547 6149.21 1397.65 1292.88
internal_count=137490 133813 6863 5887 3677 1383 659 459 976 745 515 2294 994 522 724 625 126950 118302 1429 1044 875 116873 77350 5321 72029 39523 3416 36107 8648 8096
is_linear=0
shrinkage=0.03


Tree=153
num_leaves=31
num_cat=0
split_feature=0 89 57 86 7 85 67 58 40 7 77 13 21 82 3 58 51 90 24 4 21 58 47 21 12 35 75 32 73 48
split_gain=13.1061 15.6448 16.0715 14.3416 38.6847 37.676 24.1373 22.7703 23.2294 20.7516 19.0541 18.5631 18.5097 18.2679 21.0868 21.0127 17.0108 16.9202 16.5218 16.4116 16.0532 15.1286 19.3501 21.9599 14.6798 18.507 13.3531 18.787 21.6008 15.545
threshold=-0.066281701391200196 -0.70710678118654757 49.99999984250001 14.500000000000002 0.0066666666616332923 0.17599324717609197 13.636363635898771 0.0040160719478261617 0.048073581958684726 -0.0056497175183376483 0.0020547272553508421 0.24999999995109379 0.048880534668763971 -0.0078116445541754741 -0.045454529126484615 0.17165178571428577 0.042372881355692817 1.0000000180025095e-35 0.030646571800608969 -0.079205730307544006 0.068181818171702782 -0.02082747139373475 0.037593984960922054 0.1764705882197232 0.46756756756756762 57.100731404999287 0.00090160038868277858 -0.0065707730089795127 16.380294594061287 0.52857153756277919
decision_type=8 2 10 2 10 8 8 10 2 8 8 8 10 8 10 10 10 2 10 10 10 10 8 10 8 2 8 2 2 8
left_child=1 2 -1 9 6 -6 -5 10 -9 11 17 -2 -10 14 -11 16 20 -8 -12 -18 -15 -7 23 -23 -16 -26 27 28 -13 -28
right_child=3 -3 -4 4 5 21 7 8 12 13 18 26 -14 15 24 -17 19 -19 -20 -21 -22 22 -24 -25 25 -27 29 -29 -30 -31
leaf_value=0.022266790896975502 0.0015791528382182837 0.00020311377022846184 0.0015240995578862122 -0.0025626749206883377 0.0058345192511806265 0.008087990972678101 0.0037387813781095841 -0.0042996800812404373 0.023587252700769178 -0.0018944800699681084 0.01102995077704659 0.00094922410313615156 0.0023886798574089779 -0.0016384843885925498 0.0012527795184610301 0.01111573501694701 0.0052299519727676547 0.0093340913961963839 -2.3554381871249938e-05 -0.0081326276690937976 0.00066905365783933766 -0.012661549375077187 -0.022588314640908116 0.0015302442075241503 0.0071330762107647576 0.025334479571093846 0.02593032770579326 -0.011550618865858881 -0.010366665848063688 -0.0018431885290631001
leaf_weight=79.685007259249687 498.70850790292025 181.94299837201834 58.456613525748253 863.96827745623887 205.61718421988189 41.694845508784056 1193.6154571976513 674.67156184837222 38.751711804419756 219.33631041646004 136.46504307724535 383.34208867326379 567.26386918500066 4621.7414526399225 110.0045379139483 139.91250576078892 100.30693386867642 826.08871034346521 1056.6702603381127 449.57225407846272 6566.4450196065009 280.89590769074857 96.683622732758522 149.68510164320469 121.4242589622736 87.019686464220285 17.956577695906162 449.91070531122386 249.76688703522086 416.29219479486346
leaf_count=412 2821 887 287 5200 1500 216 7301 4968 217 1120 836 2151 3021 35992 655 772 615 5029 6040 3030 40670 2044 520 761 525 470 94 4276 1705 3355
internal_value=-2.11133e-06 0.00601204 0.0135848 -9.61578e-05 0.00111897 -0.00514241 0.00202558 0.00290881 -0.000471361 -0.000612719 0.00425685 -0.00343513 0.00378579 -0.000153956 0.00524854 -0.000399233 -0.000537677 0.00603232 0.00124636 -0.00568456 -0.000283963 -0.00911792 -0.0104969 -0.00772892 0.0101683 0.0148307 -0.00508519 -0.00686619 -0.00351957 -0.000630899
internal_weight=20883.9 320.085 138.142 20563.8 6132.07 774.577 5357.49 4493.53 1280.69 14431.7 3212.84 2015.98 606.016 12415.8 537.785 11878 11738.1 2019.7 1193.14 549.879 11188.2 568.959 527.265 430.581 318.448 208.444 1517.27 1083.02 633.109 434.249
internal_count=137490 1586 699 135904 37653 5041 32612 27412 8206 98251 19206 14402 3238 83849 2770 81079 80307 12330 6876 3645 76662 3541 3325 2805 1650 995 11581 8132 3856 3449
is_linear=0
shrinkage=0.03


Tree=154
num_leaves=31
num_cat=0
split_feature=31 26 21 35 26 77 63 74 24 20 76 39 15 44 51 24 19 63 52 28 21 17 74 53 51 14 83 83 24 39
split_gain=13.0073 28.3643 33.3596 48.2952 12.9931 37.0981 29.8211 28.5037 34.8316 39.997 27.2122 42.0782 34.8757 31.0754 30.2658 21.7467 38.1721 37.3502 33.4176 46.1571 35.5901 51.2021 26.4412 25.5649 32.2324 20.0899 19.2693 18.4034 18.203 30.7289
threshold=7713.0826444125305 0.066666666666432103 0.019607843122260608 8004.3800343832518 0.031249999999715176 -0.0019785289625997493 -19.131941930954849 43350.000000000007 0.020922270792608725 -0.03931357637254667 -2.4100402241637798e-05 50.829640958298121 0.018181818180738277 -0.0028139654310128655 0.0049999999999493757 0.032744279475414494 0.071428571424744916 8.2792335725936699 0.0064230694602420623 0.057142857142380959 0.12499999989453127 -0.070175438608725701 -2943449.9999999995 0.0047915102967857337 0.018483709273061356 -0.019323671498295166 -8.1428470444807195e-05 -0.00088831274550504392 0.049572652575309017 85.699749947041909
decision_type=2 10 10 2 8 8 2 2 10 10 10 2 10 2 10 8 8 2 8 8 8 10 2 10 8 10 10 10 8 2
left_child=4 2 -2 -4 5 7 -7 27 -9 -10 14 13 -13 -12 -8 16 -6 23 19 26 -21 -22 -19 -18 -25 -16 -17 -1 29 -20
right_child=1 -3 3 -5 15 6 10 8 9 -11 11 12 -14 -15 25 18 17 22 28 20 21 -23 -24 24 -26 -27 -28 -29 -30 -31
leaf_value=-0.0031690926911062353 -0.019975806156372188 -0.014019341711406681 -0.010121684526054952 0.039915487279978283 0.025488208468200338 0.037943150271942117 0.022071586946735982 0.042418268124244957 -0.021626342254694522 0.028310354324476535 -0.016796906467114868 0.01778741620537248 -0.0088025681627731094 0.0035948966570786933 -0.0014645533395040362 0.042300750952957884 -0.0065760539091303978 0.00480853373525068 -0.0084038948051967984 -0.020745650154753784 0.042028485213636217 -0.013214033102591251 0.051747472126969708 0.0069564555442544656 -0.010534793634317498 -0.019160895423969666 0.00022263331176170973 -0.026535778621314367 0.00055224564145658081 -0.00039961932469768745
leaf_weight=41.212016524747014 29.534278601408005 168.39920917898417 30.666506841778755 37.825819171965122 70.71297175437212 17.177471965551376 24.9628976713866 13.967633400112389 51.349227774888277 18.942990345880389 116.43845321796834 196.34138800017536 56.4421391710639 156.35029922612011 97.413232423365116 17.912218060344458 252.44916750118136 20.752635627985001 558.5347712226212 197.14755196124315 21.135566219687462 46.487343788146973 22.413369953632355 652.06977516040206 109.89213368482888 142.7978646364063 20.63909549638629 120.64848700538278 15674.518799142912 1893.350364394486
leaf_count=318 205 989 193 221 426 109 226 116 528 228 1452 1710 648 2295 770 151 2120 132 5784 1465 135 304 131 5374 873 1674 169 1416 93688 13640
internal_value=-2.0377e-06 -0.00657595 0.00619315 0.0176456 8.31043e-05 -0.00315959 -4.45826e-05 -0.0133313 0.000790195 -0.00791852 -0.000920465 0.00302828 0.0118272 -0.00512784 -0.00874009 0.000258169 0.00429929 0.00285696 1.03843e-05 -0.00984831 -0.0143277 0.00436917 0.0298687 0.0016763 0.00441939 -0.0120327 0.0204246 -0.0206607 0.000176056 -0.00222688
internal_weight=20878.5 266.426 98.0266 68.4923 20612.1 1054.04 807.924 246.12 84.2599 70.2922 790.746 525.572 252.784 272.789 265.174 19558 1128.29 1057.58 18429.7 303.322 264.77 67.6229 43.166 1014.41 761.962 240.211 38.5513 161.861 18126.4 2451.89
internal_count=137490 1608 619 414 135882 11490 8884 2606 872 756 8775 6105 2358 3747 2670 124392 9056 8630 115336 2224 1904 439 263 8367 6247 2444 320 1734 113112 19424
is_linear=0
shrinkage=0.03


Tree=155
num_leaves=31
num_cat=0
split_feature=76 50 57 74 77 39 15 83 52 86 1 44 59 77 75 47 84 17 2 7 20 7 13 57 47 2 77 20 66 0
split_gain=12.7768 18.1692 14.5935 30.199 16.1983 13.2454 14.7518 16.1966 16.9812 12.9572 31.8413 21.8542 20.8969 21.0095 20.5068 22.7803 19.7013 19.4071 17.7404 17.4421 16.9994 16.8142 16.4063 16.3152 15.632 13.7421 12.3281 12.3058 12.2155 12.1731
threshold=0.189768214815321 33.767857142857146 99.999999894302007 64452600.000000007 0.0009443296126106916 31.7060487052503 0.24999999998539404 0.0010700841253188981 0.011213424053179015 13.500000000000002 0.012836991628765395 0.36038952197761592 1.0000000180025095e-35 -0.033631625928958811 0.0026593395820105705 0.039170506911968564 0.071459057374550342 -0.35814496314719002 0.17165178571428577 -0.040000000028799935 -0.036458333334838826 0.0069444444418221849 0.076923076922662745 63.417695688582818 0.013975155279446145 -0.013244980933825255 0.086358555772650294 -0.33333333335370363 69.230769226775166 -0.0064446905717845939
decision_type=10 10 10 2 10 2 10 8 10 2 10 2 8 10 10 10 10 10 10 8 8 10 8 10 8 10 10 10 10 10
left_child=2 5 9 4 -4 -2 7 28 -9 16 12 14 13 -11 24 -16 18 -18 19 23 -15 -14 -21 -1 -12 -23 -10 29 -7 -19
right_child=1 -3 3 -5 -6 6 -8 8 26 10 11 -13 21 20 15 -17 17 27 -20 22 -22 25 -24 -25 -26 -27 -28 -29 -30 -31
leaf_value=0.0098190551377259887 0.010890923300903113 -0.026372518881958459 0.031456618501122538 -0.024433218287828216 0.0045253512658263093 -0.017971431765502501 -0.021005280232622107 0.031306697235091996 -0.0085167327631779782 -0.0057900263007225304 0.0020119559324735825 0.010248589004391609 0.0045548657543657747 0.0016756951604401788 0.0017192018112082025 -0.011651499054494882 -0.0088262615226128108 0.0012875747904559391 0.010316860809710903 0.0010344841462781114 -0.0039569144973347105 0.012346704492802335 -0.0018972462560805517 -0.013344032839432788 -0.011151975462041419 -0.0069031746147433211 0.017862434788004998 0.0050954040960203258 0.0062242197430483004 0.027075079458613309
leaf_weight=211.93105163611472 47.130475372076035 34.120273254811764 43.304138399660587 16.409316286444664 38.041652031242847 66.364945620298386 48.104757227003574 18.55096335336566 49.68115309253335 436.73720170371234 98.078178144991398 96.633349619805813 2358.4295085240155 4443.5248494129628 551.56182707846165 143.67043506167829 77.863073073327541 25.202695537358522 123.36139073967934 2184.40826799348 539.71477559395134 38.905919760465622 8014.9176502116024 30.41865186393261 452.98826361075044 202.13671031594276 22.260003374889493 387.22678345441818 25.23122133128345 48.587723523378372
leaf_count=1064 235 203 393 85 272 561 277 124 302 2597 726 460 14143 26628 3469 833 394 130 664 12964 4495 218 58533 140 3507 1432 145 2020 221 255
internal_value=-2.11093e-06 -0.00602329 8.92228e-05 0.011594 0.0191064 -0.00342311 -0.00640121 -0.00243302 0.00651333 3.3561e-05 0.000855708 -0.00341727 0.00157197 0.000510535 -0.00448665 -0.00105232 -0.000659385 0.00492968 -0.000945184 -0.0010795 0.00106438 0.00378289 -0.00126902 0.00685651 -0.00880424 -0.00374555 -0.000180386 0.00727354 -0.0112788 0.0184426
internal_weight=20875.5 311.444 20564.1 97.7551 81.3458 277.324 230.193 182.088 90.4921 20466.3 9362.38 1342.93 8019.45 5419.98 1246.3 695.232 11103.9 538.88 10565 10441.7 4983.24 2599.47 10199.3 242.35 551.066 241.043 71.9412 461.017 91.5962 73.7904
internal_count=137490 2068 135422 750 665 1865 1630 1353 571 134672 58508 8995 49513 33720 8535 4302 76164 2799 73365 72701 31123 15793 71497 1204 4233 1650 447 2405 782 385
is_linear=0
shrinkage=0.03


Tree=156
num_leaves=31
num_cat=0
split_feature=74 74 44 45 56 74 53 51 83 64 76 50 50 40 77 52 77 43 60 76 15 37 50 62 21 55 30 24 57 21
split_gain=12.4195 26.3946 30.2465 23.581 19.6488 18.5525 37.99 18.513 19.2641 19.4668 28.6002 17.7606 17.7397 40.7019 26.057 22.4071 20.3175 19.3592 19.1566 17.6364 26.443 18.4962 18.1964 17.0553 20.6038 18.8366 18.4404 18.2244 16.3579 26.7869
threshold=3051552550.0000005 950225950.00000012 -0.045598477775993677 -0.11749957501512708 33.33333326514817 868090800.00000012 0.021958321672813672 0.040399164548799986 -0.0056528210253455882 1.9589759960827549 -0.020865267893779318 35.732142857142868 3.2863458905901228 0.081076279623250938 0.0014255929490862094 0.015091466161604797 0.017447327148730287 -0.010217687087266501 -0.021726372729128359 0.00021855176339334367 0.012499999995253976 123.19735588102763 1.9777175358363561 -74.613871506253858 0.022222222221904179 46.428571423348224 -0.0032501483402820326 0.42644439761317582 99.999999894302007 1.8220598939310988
decision_type=2 2 2 2 8 2 10 10 8 2 10 10 10 2 8 10 10 2 10 10 10 2 10 2 10 10 2 10 10 10
left_child=1 5 3 -3 -4 7 -7 8 9 10 -1 -11 14 18 17 -16 -15 -6 -14 22 -21 -22 -2 24 -9 -26 -25 -28 29 -10
right_child=19 2 4 -5 12 6 -8 23 28 11 -12 -13 13 16 15 -17 -18 -19 -20 20 21 -23 -24 26 25 -27 27 -29 -30 -31
leaf_value=0.036620183398893592 -0.029529453192372115 -0.003434693448157485 0.013235070731677621 0.030802287583711542 -0.014417118895520572 -0.017866229887408831 0.015119294818356117 0.031829427626222935 0.0001086270368562893 -0.019585388902145534 0.0074290561355494691 0.0087688510560380573 -0.002333685162173841 -0.0023063754482298116 -0.020527939398370221 0.0003836848663119585 0.015756724518944505 0.0095382214366750429 0.023893268952132254 0.027015496637284357 0.0075482748026494467 -0.0085586801926867354 -0.0068357649556294135 -0.0014411188674508667 -0.010717435232723437 0.019107833183951983 -0.011277327463290686 0.0048002284237717236 0.012308556614124399 -0.012412500935105002
leaf_weight=35.38894859701395 36.624647611752152 24.710159216076136 147.62228423543274 63.451039670035243 37.54952940158546 129.92676652409136 40.411270067095757 24.221265330910683 17031.536569740623 37.917992278933525 186.25590909272432 39.62512630969286 31.417653672397137 395.58419605717063 105.88403008505702 80.56143063493073 64.261425588279963 141.67958337813616 116.12720968574286 29.450742099434137 102.149278819561 168.54082104191184 218.50565296784043 752.73620448261499 48.975150406360626 29.79553858935833 424.25945814140141 73.718734800815582 96.657399505376816 154.17298829555511
leaf_count=169 305 157 825 379 263 828 232 118 114017 191 875 194 178 2138 798 573 348 1065 666 180 693 1142 1357 4457 269 154 2982 433 749 755
internal_value=-2.08252e-06 0.000118868 0.0044161 0.0212417 0.00307205 -0.000153086 -0.00998061 -6.39984e-05 0.000196209 0.00773088 0.0122469 -0.00513079 0.00151515 0.00465743 -0.0036945 -0.0115224 0.000240068 0.00445065 0.0183103 -0.00442469 0.000498755 -0.00246401 -0.0102078 -0.00344336 0.00822765 0.000624673 -0.00441263 -0.00888641 6.51569e-05 -4.24112e-06
internal_weight=20869.7 20314.4 1208.85 88.1612 1120.69 19105.6 170.338 18935.3 17581.6 299.188 221.645 77.5431 973.065 607.39 365.675 186.445 459.846 179.229 147.545 555.271 300.141 270.69 255.13 1353.71 102.992 78.7707 1250.71 497.978 17282.4 17185.7
internal_count=137490 133813 7390 536 6854 126423 1060 125363 116950 1429 1044 385 6029 3330 2699 1371 2486 1328 844 3677 2015 1835 1662 8413 541 423 7872 3415 115521 114772
is_linear=0
shrinkage=0.03


Tree=157
num_leaves=31
num_cat=0
split_feature=91 20 20 34 83 39 3 29 31 49 83 20 36 77 52 15 21 24 68 77 52 22 76 46 20 74 63 63 60 62
split_gain=12.6756 32.671 26.2269 33.6829 28.6286 25.5525 23.5268 22.4245 45.3541 28.047 39.0695 27.0395 47.0252 25.3159 25.0038 24.9441 43.3971 22.2884 45.6779 39.0728 22.9045 22.5879 21.9122 21.1902 20.3713 29.9137 21.1455 21.852 20.7189 20.7721
threshold=1.0000000180025095e-35 -0.14688382768495403 -0.22704008356484526 -0.046837004892556815 -0.00096814880472014377 24.315900152571661 0.15626452428399298 85.029969383209774 87.751586434889518 0.008928571428245909 0.0047354346409014892 -0.13333333335018513 -0.0074873135841013174 -0.01244053821236118 0.0040827395074998539 -1.3072487536902598e-11 0.057692307677052586 0.053850863760080046 -49.999999997821966 -0.00029343578084062137 0.0090870186981481648 0.086956521738279793 0.00019197890374481695 1.0000000180025095e-35 -0.1136363636447572 1677800.0000000002 8.2792335725936699 1.0030144453736145 -0.062418831168831172 -6.2067586145369935
decision_type=2 10 10 2 10 2 10 2 2 10 10 10 2 10 10 10 10 8 10 8 8 10 10 10 10 2 2 2 10 2
left_child=1 -1 4 -4 6 -3 17 9 11 10 13 -9 -13 -5 -10 -11 -17 18 19 -2 -19 -20 -16 -6 -7 26 27 -26 -27 -30
right_child=2 5 3 7 23 24 -8 8 14 15 -12 12 -14 -15 22 16 -18 20 21 -21 -22 -23 -24 -25 25 28 -28 -29 29 -31
leaf_value=0.0014436113947943724 0.042644925279752922 0.0066361622593157981 0.010207559218431873 -0.016686230385637872 -0.033231591558200373 -0.0066548963828566921 0.028642021328210934 -0.0012019310723772483 -0.018368870105077803 0.0046907267176815827 -0.032532253068673696 0.057061221004324973 0.012248210948780191 0.008522641894808787 1.6871516849445249e-05 -0.012409187226019419 -0.0016167453430658847 -0.025000810804709551 -0.014394207946532414 0.0059681670059640963 -0.00097041139069860998 0.022677795183213931 0.0035497081206172089 -0.0058169399411549354 -0.0049892035347612806 0.022388834881179747 0.0015711053766939392 -0.015070358351806031 -0.022921314498546522 0.00011215198390697658
leaf_weight=3325.4458142053336 46.677728921175003 269.0143169388175 369.61061134934425 37.782404217869043 25.338476292788982 1004.7729486227036 24.565363675355911 40.744992978870869 55.030921645462513 342.35033758357167 22.994237527251244 31.775594979524612 61.850480124354362 474.84806628338993 3210.2259316891432 434.49887641146779 1463.4979104790837 35.568290241062641 70.063652560114861 59.223432710394263 1534.5568918716162 17.685744371265173 3113.9679965004325 789.0856399834156 919.97140505723655 36.028884259983897 319.69340834021568 245.46805717796087 34.748936176300049 2450.0306385736912
leaf_count=20020 264 1353 1880 223 201 6743 158 252 508 1900 110 209 416 3882 21364 4683 10090 220 545 362 8407 127 19279 5045 7860 205 1870 1546 214 17554
internal_value=-2.04092e-06 -0.000884747 0.0006172 0.0013376 -0.00205463 -0.00235183 6.78284e-05 0.000983303 0.00194564 -0.00127354 0.00488566 0.0191315 0.0279312 0.00662996 0.00158022 -0.00274895 -0.00409422 -0.000344449 0.00922927 0.0224098 -0.00153225 -0.00671727 0.00175716 -0.00671326 -0.0028362 -0.00187623 -0.00525218 -0.0071262 0.000112819 -0.000217849
internal_weight=20867.1 8605.17 12261.9 9659.18 2602.77 5279.73 1788.34 9289.57 6513.6 2775.97 535.625 134.371 93.6261 512.63 6379.22 2240.35 1898 1763.78 193.651 105.901 1570.13 87.7494 6324.19 814.424 5010.71 4005.94 1485.13 1165.44 2520.81 2484.78
internal_count=137490 57365 80125 64796 15329 37345 10083 62916 42028 20888 4215 877 625 4105 41151 16673 14773 9925 1298 626 8627 672 40643 5246 35992 29249 11276 9406 17973 17768
is_linear=0
shrinkage=0.03


Tree=158
num_leaves=31
num_cat=0
split_feature=31 26 45 36 18 49 75 50 35 44 47 35 22 16 45 26 74 45 49 77 72 66 21 48 74 21 90 77 51 8
split_gain=12.2888 27.0092 47.0283 33.2352 54.1877 30.2571 13.3114 21.4082 24.6099 28.0598 29.4438 20.8757 21.8063 20.0133 30.9252 34.4102 31.3891 30.6848 41.1953 34.0017 28.6034 27.2424 34.9031 25.7054 22.0104 21.9904 20.0603 30.6793 29.367 26.7717
threshold=7713.0826444125305 0.08235294117574396 0.054609060422479934 0.0061594048304920443 0.018987341769894698 0.012857667681321176 0.013270097608829296 0.48214285714285721 58.191757416048382 -0.023482838223036203 0.035036759035189831 32.899671976960839 0.99999999997259781 0.4444444444058025 0.099293939582854054 0.049278338243589487 -146389599.99999997 -0.057624667936861766 0.0078031212484983075 0.0056827236092318071 5524791200.000001 76.923076918639069 0.14285714283990938 0.29285730634416857 26658150.000000004 0.36009478672945688 -1.0000000180025095e-35 0.0020547272553508421 0.0071428571424404768 0.011235955056085092
decision_type=2 10 2 2 8 8 8 8 2 2 10 2 8 8 2 10 2 2 8 8 2 10 8 10 2 10 2 10 8 10
left_child=6 2 3 4 -2 -6 13 -8 11 -10 -11 -9 -13 21 17 -16 25 18 -15 -20 24 26 -23 -18 -19 -17 27 -1 -28 -29
right_child=1 -3 -4 -5 5 -7 7 8 9 10 -12 12 -14 14 15 16 23 20 19 -21 -22 22 -24 -25 -26 -27 28 29 -30 -31
leaf_value=0.00055986031901745278 -0.025206907034175597 -0.016166526470416942 0.043096885361455499 -0.024534928525986974 0.051304117409097544 0.0014850304117033572 0.011637990565809424 0.0063265098565459012 -0.003706148970969071 0.0063003371744098369 -0.0017813122422138696 -0.0065541624724021292 -0.029489568136618582 0.030137047671302025 0.032723434571529375 0.046287398816660316 -0.016428843648789389 -0.0054945980246274796 0.0036803978964682384 -0.01662937405876859 0.0041984841919587559 -0.00044508667809491195 0.045684897222005409 0.0013167923268305648 -0.0013555254622176303 0.010684419955577519 -0.0073120200594400048 -0.00049541977579859288 0.0021274356046959691 -0.009992451953777572
leaf_weight=2634.3662588428706 26.258184127509594 129.37245708703995 21.022298365831375 45.083867914974689 23.082588702440262 20.500164344906807 190.35439510643482 79.529346488416195 554.83056312613189 1382.1821939013898 572.89240680634975 176.84950978681445 46.822750912979245 46.791396869346499 31.401287019252777 18.301727414131165 75.99752901494503 2941.4677280392498 656.83348067477345 82.598311992362142 429.77961377799511 31.531685849651694 26.516114851459861 1596.4775741696358 1909.8489793557674 89.942736439406872 312.00171424262226 512.35054487362504 5639.2117031607777 559.01636808365583
leaf_count=17396 188 769 103 289 139 120 977 358 3649 8604 3325 1308 333 222 159 97 364 22120 4281 512 2499 242 136 8575 14905 614 3333 2955 35069 3849
internal_value=-2.20231e-06 -0.00640536 0.00291206 -0.00472112 0.00819258 0.0284968 8.04374e-05 0.00192606 0.00126391 0.00224072 0.00393095 -0.00679305 -0.0114786 -0.000234541 -0.00135806 0.00207926 0.00151913 -0.00238535 0.00313913 0.00138825 -0.00320881 0.000676439 0.020993 0.0004993 -0.00386638 0.0171002 0.000551845 -0.00118024 0.00163091 -0.00545826
internal_weight=20863.2 265.32 135.947 114.925 69.8409 43.5828 20597.9 3003.46 2813.11 2509.91 1955.07 303.202 223.672 17594.4 7879.44 1812.12 1780.72 6067.32 786.223 739.432 5281.1 9714.99 58.0478 1672.48 4851.32 108.244 9656.95 3705.73 5951.21 1071.37
internal_count=137490 1608 839 736 447 259 135882 18554 17577 15578 11929 1999 1641 117328 54348 9809 9650 44539 5015 4793 39524 62980 378 8939 37025 711 62602 24200 38402 6804
is_linear=0
shrinkage=0.03


Tree=159
num_leaves=31
num_cat=0
split_feature=76 50 39 15 83 52 77 67 75 37 47 24 75 15 21 16 67 45 45 77 67 26 72 55 20 33 35 30 30 15
split_gain=11.972 17.564 12.4057 13.9759 15.383 15.7459 13.5047 13.1751 12.035 25.1511 19.4043 26.3721 22.0954 21.8241 20.1567 15.9516 32.9591 29.3861 31.2993 32.1735 34.1747 30.2111 26.5571 25.1041 25.2834 23.9979 25.9127 27.9936 22.3613 21.7871
threshold=0.189768214815321 33.767857142857146 31.7060487052503 0.24999999998539404 0.0010700841253188981 0.01227200475624066 0.086358555772650294 70.520466289740327 0.013270097608829296 7207.7666550855165 0.035036759035189831 0.049572652575309017 0.10588505047377475 0.26315789468698075 0.12745098038386685 0.4444444444058025 19.999999996000014 0.099293939582854054 -0.057624667936861766 0.0056827236092318071 99.999999908333336 0.049278338243589487 5524791200.000001 12.499999991796871 -0.2831469744114502 31.841420607779387 85.595699442504866 -0.010507323224980434 -0.00078493157473469289 0.19512195119765033
decision_type=10 10 2 10 8 10 10 10 8 2 8 10 10 10 8 10 10 2 2 10 10 10 2 10 10 2 2 2 2 10
left_child=8 2 -2 4 7 -6 -7 -4 15 10 11 -10 13 -13 -14 16 -1 18 19 20 -17 -19 29 -23 -25 -18 27 -27 -24 -20
right_child=1 -3 3 -5 5 6 -8 -9 9 -11 -12 12 14 -15 -16 17 25 21 22 -21 -22 23 28 24 -26 26 -28 -29 -30 -31
leaf_value=-0.0012945332410111161 0.010559301049245035 -0.02598896574216646 -0.018169788949180837 -0.020450501273998799 0.027035731789689137 -0.010502434870146685 0.017510427968789256 0.0067746719679104206 -0.0026717782843172933 -0.018307139761081472 -0.0014712580104433105 0.004678378411729048 0.00019171577177845263 -0.013590443715237465 0.016363186234358784 0.0029074546548990632 0.011462226102691901 0.03108778776071984 -0.0032549015404685399 -0.015134261734441032 0.023413497705017657 -0.0140121720202752 -0.0059704556868479912 0.015878304747459694 0.0014084511559935393 0.0040629849741405924 0.0029044643842371888 -0.0055165679541534359 0.0081133323407748814 -0.011492546332183337
leaf_weight=4562.7637630514801 47.100699387490749 33.675231702625751 64.837942291051149 47.790863052010536 23.362164350226521 45.04304470680654 22.324756382033229 25.992946906015277 430.21140016056597 53.527305580675602 871.53172687627375 1134.05018597655 93.947620900347829 61.04164482653141 268.54227004945278 624.01768434420228 238.09785936772823 30.857724629342556 4320.6391038633883 75.663972642272711 82.022990325465798 87.01641807705164 147.01867472007871 115.9550259038806 1554.6807594466954 423.71627274900675 3967.4658466055989 774.73996238037944 321.13915319368243 309.29520007409155
leaf_count=28786 235 203 576 277 152 275 144 206 3400 322 5018 6767 639 308 1465 4124 1177 152 34091 474 387 436 840 643 8442 2354 25397 6657 1877 1666
internal_value=-2.14566e-06 -0.00584308 -0.00329343 -0.0061848 -0.00232187 0.00636119 -0.00105514 -0.0110028 8.61449e-05 0.00187234 0.00225743 0.00389366 0.00570955 0.00373217 0.0121923 -0.000208808 0.000582387 -0.00123749 -0.00226192 0.00332286 0.0053237 0.00212809 -0.00311932 0.00160057 0.00242346 0.00216762 0.00173652 -0.00212664 0.00368081 -0.00380821
internal_weight=20858.1 310.128 276.452 229.352 181.561 90.73 67.3678 90.8309 20547.9 2912.85 2859.32 1987.79 1557.58 1195.09 362.49 17635.1 9966.78 7668.31 5879.8 781.705 706.041 1788.51 5098.09 1757.65 1670.64 5404.02 5165.92 1198.46 468.158 4629.93
internal_count=137490 2068 1865 1630 1353 571 419 782 135422 17919 17597 12579 9179 7075 2104 117503 64371 53132 43459 4985 4511 9673 38474 9521 9085 35585 34408 9011 2717 35757
is_linear=0
shrinkage=0.03


Tree=160
num_leaves=31
num_cat=0
split_feature=74 74 19 74 53 51 83 30 76 45 77 50 40 36 33 76 77 22 18 36 17 41 81 66 19 91 74 68 76 49
split_gain=12.1722 24.0295 28.4962 17.7227 35.9999 17.4702 17.5143 18.4764 24.5826 17.4225 22.9996 22.7893 26.1935 25.604 22.9365 31.5246 20.2287 17.3311 25.7742 22.1493 17.0413 26.413 30.9855 25.4244 38.1147 34.5804 25.2043 16.639 20.0777 17.7042
threshold=3051552550.0000005 950225950.00000012 0.21428571427933676 868090800.00000012 0.021958321672813672 0.040399164548799986 -0.0056528210253455882 -0.0067615554913271194 0.0052960753100742743 -0.039554905872684558 0.00026671679172871667 3.1517066955566411 0.083092361321564182 -0.010058163361092607 115.95553542735759 -0.0027011612897440925 0.017447327148730287 0.69999999994750006 0.019837055269254614 0.26393616253282376 -0.024298526766687364 -0.0066379249600969628 -0.0069854158483072101 39.999999996666673 0.66666666664043217 1.0000000180025095e-35 4309489297.500001 -79.999999995333312 -0.0025014044900354897 0.01859099804286184
decision_type=2 2 8 2 10 10 8 2 10 2 10 10 2 2 2 8 10 10 10 2 10 2 10 10 10 2 2 10 10 10
left_child=1 3 27 5 -5 6 7 -1 -9 10 -4 14 13 -13 15 -11 -14 19 -19 -8 21 22 -2 24 25 -23 -27 -3 -29 -30
right_child=20 2 9 4 -6 -7 17 8 -10 11 -12 12 16 -15 -16 -17 -18 18 -20 -21 -22 23 -24 -25 -26 26 -28 28 29 -31
leaf_value=-0.0023726987419316848 0.013725053964373091 0.0068422708071060713 0.039066438876767445 -0.017537385908202158 0.014530923109130092 -0.0033433411809094069 -0.00054165615348928189 0.018160861015547241 -0.0094116794496574112 0.028243113765612764 0.00054272061236557134 -0.0029657281484500642 -0.0012419133810865179 0.023522700884940718 -0.017850152278309377 -0.0044099402978809345 0.016127288777585225 0.031102742002735797 0.0016033488426323501 0.015951579136385757 -0.016310550768571068 0.00030169381874104579 -0.017375274429411745 -0.0036038326691126936 -0.02168785647743629 0.010585179008751002 0.053061228612654526 0.00059759743453777681 0.057885557055665039 0.021942683090985224
leaf_weight=109.92959894984961 35.203573822975159 102.01522619277239 25.169280540198088 128.66155059076846 40.680814377963543 1349.8451433125883 13194.063536444679 154.53148634359241 34.981777302920818 29.590479983016849 30.271518766880035 46.895715035498142 427.37702937051654 105.59775557368994 91.035514868795872 203.44879398494959 69.21552087366581 25.852653805166483 3975.3204625826329 72.680914595723152 89.372848927974701 37.349088404327631 142.02391786873341 175.01200919412076 20.413725718855858 20.714973129332066 34.455855507403612 22.274025237187743 18.701288428157568 40.644950125366449
leaf_count=515 199 549 146 828 232 8413 91923 741 173 222 192 267 2301 601 656 1580 371 182 22979 437 749 241 878 1148 120 134 208 134 118 253
internal_value=-2.19054e-06 0.000117563 0.00421156 -0.000142507 -0.00977598 -5.55995e-05 0.00019703 0.00737822 0.0130329 0.00225779 0.0184674 0.00131325 0.00455755 0.015391 -0.00516953 -0.000147995 0.00120054 7.19072e-05 0.00180243 -0.000449878 -0.00438342 -0.00205538 -0.0111385 0.003544 0.0145816 0.0227626 0.0376385 0.0150675 0.0251044 0.0340903
internal_weight=20853.3 20298.8 1212.24 19086.5 169.342 18917.2 17567.4 299.443 189.513 1028.6 55.4408 973.161 649.086 152.493 324.075 233.039 496.593 17267.9 4001.17 13266.7 554.546 465.173 177.227 287.946 112.934 92.5199 55.1708 183.635 81.6203 59.3462
internal_count=137490 133813 7390 126423 1060 125363 116950 1429 914 6336 338 5998 3540 868 2458 1802 2672 115521 23161 92360 3677 2928 1077 1851 703 583 342 1054 505 371
is_linear=0
shrinkage=0.03


Tree=161
num_leaves=31
num_cat=0
split_feature=91 20 20 34 83 59 39 31 46 49 39 63 39 77 47 48 47 73 66 46 46 76 6 34 64 44 44 62 63 31
split_gain=11.6058 30.351 24.847 31.4379 26.9756 26.6721 26.0738 35.0138 40.9565 32.4733 28.6263 31.906 24.143 21.1478 44.2007 25.3233 24.0838 28.5172 29.335 27.6156 20.2483 19.8874 21.6649 24.8698 31.2297 22.3809 24.3611 21.8191 20.9797 22.4649
threshold=1.0000000180025095e-35 -0.14688382768495403 -0.22704008356484526 -0.046837004892556815 -0.00096814880472014377 -0.02856171700495291 58.536021772290802 75.844865593451971 1.7420959472656252 0.015238095237942858 17.085797399328957 -0.97691653583736582 24.315900152571661 -0.030873656964326018 0.016666666666550929 20.392857142857146 0.030808549834722126 18.613447154313285 99.999999990291684 67.214285714285737 1.0000000180025095e-35 0.0018561556205089591 0.027793871507660554 -0.0052811522058985863 -0.32622245158161678 -0.0063897511060341796 -0.00045798032937893746 -2.0096036623643836 0.88848635991668201 766.57051593284382
decision_type=2 10 10 2 10 10 2 2 10 8 2 2 2 10 10 10 10 2 10 10 10 10 8 2 2 2 2 2 2 2
left_child=1 21 4 -4 5 -2 10 9 -9 -8 -7 -12 -3 14 15 -5 17 18 -15 -19 -6 22 23 24 27 -25 -27 -1 -23 -30
right_child=2 12 3 13 20 6 7 8 -10 -11 11 -13 -14 16 -16 -17 -18 19 -20 -21 -22 28 -24 25 -26 26 -28 -29 29 -31
leaf_value=0.0026070886054097445 -0.0048122698725151765 0.0064776514247342418 0.0098504248300930533 -0.021617794700464821 -0.032728381088863577 0.012218047046665296 0.060731915550201819 -0.015149680691572994 0.0061010964374211066 0.013972874672957393 0.010671062555110423 -0.015850606995722039 -0.0027359227659524941 6.6768103762809375e-05 0.0039798666407514114 0.013007770031575636 -0.0021472931526131229 0.0054265884107877792 0.013937277804206553 -0.0038854030802066633 -0.0056760857729030159 -0.0062835728938155791 0.0092321198083211448 -0.01034399176417476 0.0067816477353976369 0.034883100062327164 -0.00046343162963146983 -0.008237437116644649 0.0088904922693200505 -0.010188734115024292
leaf_weight=435.74349647760391 647.19436734355986 268.66538560390472 370.44253263249993 148.26006960123777 24.834462903439999 67.643492668867111 16.478156050667167 91.888434136286378 670.75167505815625 62.430412910878658 51.932487510144711 178.48421569541097 4998.2929060198367 4447.8271871581674 182.15198607183993 20.995351642370224 1563.5562745053321 2462.4859979171306 140.61362522095442 323.25647094845772 786.06873992457986 520.41875567100942 386.67763142473996 263.57923026382923 955.6072507891804 18.290548963472247 192.48147704824805 269.17957375571132 208.80180538631976 74.499085932970047
leaf_count=2425 3382 1353 1880 1086 201 328 87 611 3945 485 225 1020 35992 33228 1153 127 9475 15126 875 1846 5045 3318 2106 1919 5520 159 1374 1496 1246 457
internal_value=-1.97283e-06 -0.000847446 0.000590471 0.00129111 -0.00201319 4.54715e-05 0.00280866 0.00550945 0.00352023 0.0244127 -0.0047997 -0.00983977 -0.00226423 0.000948424 -0.00625879 -0.0172539 0.0012328 0.00195008 0.00049543 0.00434395 -0.00654757 0.00139573 0.00270596 0.00151874 0.00325027 -0.00453045 0.00273997 -0.00153552 -0.00270948 0.00384452
internal_weight=20849.5 8592.24 12257.3 9659.59 2597.71 1786.8 1139.61 841.549 762.64 78.9086 298.06 230.417 5266.96 9289.15 351.407 169.255 8937.74 7374.18 4588.44 2785.74 810.903 3325.28 2521.56 2134.88 1660.53 474.351 210.772 704.923 803.72 283.301
internal_count=137490 57365 80125 64796 15329 10083 6701 5128 4556 572 1573 1245 37345 62916 2366 1213 60550 51075 34103 16972 5246 20020 14999 12893 9441 3452 1533 3921 5021 1703
is_linear=0
shrinkage=0.03


Tree=162
num_leaves=31
num_cat=0
split_feature=18 77 86 7 85 81 0 5 17 24 22 85 12 76 77 56 36 7 3 18 57 56 21 2 72 37 37 2 61 84
split_gain=11.8366 13.7887 11.8899 34.3649 36.5125 27.4545 26.9353 16.3659 18.5128 23.8634 22.531 20.8865 18.0573 16.9747 16.298 19.7924 25.9497 20.6531 15.6957 20.2289 15.1015 14.9137 18.576 14.1684 14.074 15.2186 15.5083 15.2416 13.868 13.4557
threshold=-1.1805556532351599e-10 -0.011160626514882045 14.500000000000002 0.0066666666616332923 0.17599324717609197 -0.00074910375086617955 -0.004752664325756161 -0.074014528998451831 -0.20833333333681517 0.18812833713771795 0.19999999998833337 0.085146477356342162 0.33333357281173026 -0.00033675901205357537 0.0071354163848270083 37.499999979792982 -0.009359295089492679 -1.2121692538613614e-11 -0.007630940911160288 0.026647414847302046 37.499999970468757 99.999999983029696 0.54211237471968221 0.10007473841554561 1.0000000180025095e-35 40.620280021083822 17.425610456182465 -0.02082747139373475 -0.055510680308741726 0.075250086422953957
decision_type=8 8 2 10 8 8 10 8 10 8 8 10 10 10 10 8 2 8 10 10 10 10 10 10 2 2 2 8 8 10
left_child=1 -1 7 5 -5 6 28 8 9 -2 20 13 14 -12 15 16 -9 -17 -11 -20 -10 22 -16 -7 -6 26 -26 -27 -4 -8
right_child=2 -3 3 4 24 23 29 12 10 18 11 -13 -14 -15 21 17 -18 -19 19 -21 -22 -23 -24 -25 25 27 -28 -29 -30 -31
leaf_value=-0.0070897486117256544 -0.013114799232167618 0.03008195512696682 0.0087909460585422709 0.0059075537630503445 0.012919478473068978 0.0040168497490619109 -0.0020344054281988141 -0.0047170331006168523 0.0051098656319488525 -0.00091970799898188037 0.019835048704418632 0.00098525748181322714 -0.0029398662854116632 0.0051285663223335515 -0.0039964777036930136 -0.00081176647797793881 0.0034136919528368567 0.002559322791751203 0.033268153025295677 0.0042423208774748679 -0.0091423519984928647 -0.026443922528311077 0.0031143145329289358 -0.012926930798727032 -0.018217201736170065 0.0066709427537122714 0.0087562608550651195 -0.013724253718036847 0.00085594743067007547 -0.010950794530506156
leaf_weight=13.440501525998114 119.18009578064084 23.659247718751431 298.02246666699648 206.98727343976498 24.727888073772192 3043.0879449192435 1236.0808881111443 1287.5626408196986 154.83881941065192 466.06402638182044 192.7764682136476 158.24495711550117 2857.4858031515032 113.55566754937172 1497.064236741513 2914.6427993439138 485.4667406771332 3722.2945311870426 27.649268589913845 90.85839120298624 116.18100609630346 22.598311603069305 423.00702392682433 44.043816849589348 25.63603937998414 35.049260471016169 67.466270241886377 411.9071805793792 591.77642888203263 173.18340445682406
leaf_count=100 656 238 1443 1506 138 19130 7833 7711 808 2414 901 954 24699 515 9759 19021 4555 23809 128 482 608 104 2242 225 145 183 341 2737 3227 878
internal_value=-1.99442e-06 0.016704 -3.27268e-05 0.00107311 -0.00484229 0.00192202 -0.000558722 -0.000497818 0.00253833 -0.000936357 0.00586342 0.00986726 -0.000829024 0.0144276 -0.000245882 0.000325973 -0.00248843 0.00107854 0.00155957 0.0112612 -0.000999907 -0.00272192 -0.00242755 0.00377004 -0.00879076 -0.0098124 0.00118248 -0.0121069 0.00352389 -0.00313925
internal_weight=20844.5 37.0997 20807.4 6157.97 771.774 5386.19 2299.06 14649.5 1439.35 703.752 735.597 464.577 13210.1 306.332 10352.6 8409.97 1773.03 6636.94 584.572 118.508 271.02 1942.67 1920.07 3087.13 564.787 540.059 93.1023 446.956 889.799 1409.26
internal_count=137490 338 137152 37786 5050 32736 13381 99366 7466 3680 3786 2370 91900 1416 67201 55096 12266 42830 3024 610 1416 12105 12001 19355 3544 3406 486 2920 4670 8711
is_linear=0
shrinkage=0.03


Tree=163
num_leaves=31
num_cat=0
split_feature=74 74 45 45 35 74 15 81 81 84 20 22 71 85 2 21 15 18 28 1 62 56 7 3 8 56 85 66 37 46
split_gain=11.6801 22.4029 25.4381 19.8919 16.6159 25.0135 21.1045 24.902 17.6576 16.167 16.1255 19.5413 15.7006 18.9335 18.3975 31.7456 32.4911 30.3597 26.4732 23.4095 21.8986 20.596 22.8833 20.4735 17.2671 18.657 14.4425 13.8433 13.689 34.4803
threshold=3051552550.0000005 998118850.00000012 -0.033556368118047235 -0.11749957501512708 122.54506861860527 4579953250.000001 0.062499999985058514 -0.001827187250396636 -0.0069854158483072101 0.0036895895133037819 -0.1818181818491735 0.44680851063497068 0.43768228336607129 0.087326793258091853 -0.0098452931951853433 0.24999999998508518 -2.4695023803644741e-11 0.23025185385529714 0.23188405796849407 0.012206583532000772 -0.86839072046470978 23.076923058284027 -0.0097087378712885069 -0.012732618136810146 0.017857142857009994 35.999999984880006 0.18286996802362343 44.444444439185197 7207.7666550855165 67.928571428571445
decision_type=2 2 2 2 2 2 10 10 10 10 10 10 8 10 10 10 10 10 10 10 2 10 10 10 10 10 10 10 2 8
left_child=1 12 3 -3 5 10 7 -7 -6 -4 -2 -12 14 28 17 18 -17 21 19 -16 -20 -1 -23 -18 26 -26 -15 -9 -14 -30
right_child=4 2 9 -5 8 6 -8 27 -10 -11 11 -13 13 24 15 16 23 -19 20 -21 -22 22 -24 -25 25 -27 -28 -29 29 -31
leaf_value=-0.0041999611563203901 0.018061924869930759 -0.0031472164272691727 -0.00019471727255651584 0.029013261468986657 0.012561028215494119 -0.0019223982394833462 -0.0077656272040841547 0.051041429662724465 -0.010508060435527371 0.0073917654600324399 -0.028975316461465048 -0.00037494767251014315 0.0014754417891401979 0.0021088664635409353 -0.0031193317719563208 -0.023645096701288101 -0.0058236454910693637 -0.007024488114004579 -0.0027534928676997074 -0.009382384709215907 0.0059885374261635571 0.0088832174812198596 0.0015975143978033529 0.0039459534778820363 0.00071846343299702953 -0.0072664178389948786 0.025306014048205216 0.017537233547686087 0.027828738798678674 -0.010430095603554273
leaf_weight=389.09989132545888 16.750092349946499 23.619721993803978 611.90284587442875 60.443370569497347 32.042415149509907 26.416233506053686 31.291870206594467 22.316754281520844 313.17374073341489 428.84033672325313 38.391145819798112 47.875035969540477 7991.6586307566613 198.39156793430448 3402.6370072942227 42.838619947433472 224.44452423974872 370.42002980038524 560.24905219115317 638.24291592650115 475.85798684880137 504.04465511068702 1683.7222241163254 1338.2839313261211 432.28715200163424 669.73104145564139 26.615654073655605 25.006313916295767 22.842646457254887 190.39598035812378
leaf_count=2060 99 150 3733 357 181 163 200 128 2113 2623 275 350 50320 1429 27613 200 1286 2066 3298 6078 2986 2831 10544 7448 2711 4607 202 168 147 1124
internal_value=-1.9952e-06 0.000115248 0.00422819 0.0200109 -0.00429882 0.00238047 0.0126352 0.0213207 -0.00832806 0.00293252 -0.00806697 -0.0133236 -0.000126236 0.000736684 -0.000980681 -0.00185158 0.00182331 0.000992899 -0.00301446 -0.00411138 0.00126051 0.00214883 0.00328075 0.00253806 -0.00258593 -0.00413367 0.00496591 0.0341286 0.00127469 -0.00620695
internal_weight=20839.8 20286.6 1124.81 84.0631 553.264 208.047 105.031 73.7393 345.216 1040.74 103.016 86.2662 19161.8 9531.92 9629.84 6682.55 1605.57 2947.29 5076.99 4040.88 1036.11 2576.87 2187.77 1562.73 1327.03 1102.02 225.007 47.3231 8204.9 213.239
internal_count=137490 133813 6863 507 3677 1383 659 459 2294 6356 724 625 126950 60540 66410 48909 8934 17501 39975 33691 6284 15435 13375 8734 8949 7318 1631 296 51591 1271
is_linear=0
shrinkage=0.03


Tree=164
num_leaves=31
num_cat=0
split_feature=0 89 57 86 1 84 85 2 7 13 65 7 77 16 20 12 6 7 51 49 67 41 77 74 72 74 31 8 75 32
split_gain=11.4707 14.5211 14.9282 12.3691 33.0394 25.1541 23.4015 20.1796 19.2741 17.3668 17.2393 27.1882 17.7681 20.9109 19.8351 18.0281 21.4189 20.4526 17.6275 15.7618 14.8703 19.5266 14.4973 14.4297 14.208 13.3 13.2979 13.6934 12.7381 16.9434
threshold=-0.066281701391200196 -0.70710678118654757 49.99999984250001 14.500000000000002 0.0050314545017277066 0.075250086422953957 0.050278527528691587 -0.010919026328862378 -0.0056497175183376483 0.24999999995109379 -0.0055486382497126193 0.041666666634114675 0.0076749321048380425 0.99999999999672684 -0.023378149424430224 0.45080645161290328 -0.044436608682024752 -2.1980584019587465e-11 0.029653924506841008 0.0050125313282878255 14.10391363013478 -0.032134942030811346 0.0063638391976408 14578800.000000002 70756850.000000015 -105092849.99999999 1252.8842285885921 0.01840490797544601 0.00090160038868277858 -0.0065707730089795127
decision_type=8 2 10 2 10 10 8 10 8 8 2 10 10 10 10 10 8 10 10 10 8 2 10 2 2 2 2 8 8 2
left_child=1 2 -1 8 5 20 24 -7 9 -2 11 18 15 14 -14 16 -12 -17 19 -10 -5 23 -23 -22 -6 -20 27 -8 29 -11
right_child=3 -3 -4 4 6 7 26 -9 10 28 12 -13 13 -15 -16 17 -18 -19 25 -21 21 22 -24 -25 -26 -27 -28 -29 -30 -31
leaf_value=0.021369420535941177 0.0015488194369548934 3.4592044871864799e-05 0.0013332091590675982 -0.0010509202882327514 -0.0056796295843045295 0.0075624949808267162 0.0077319107406157352 -0.013577934379724956 -0.017688435750370605 -0.0034761411488444158 -0.0031442854827421979 0.022214547185220184 -0.0046256488404037227 -0.028439393196800593 0.0032529107529287527 0.010649065064898143 0.0013488024617643111 -0.0034815694805403366 -0.017557295518550189 0.0053333449565708072 0.0031567050902483254 0.0042329867325494484 -0.0004931689311053006 0.027752078816637216 0.0072054600234608595 -0.0005642884441486801 0.0026019635486963784 -0.0071036871649886885 -0.00054792821416271246 -0.011139450940567584
leaf_weight=79.052476432174444 498.59922931715846 181.33575904369354 58.326952576637268 744.51911124587059 105.07080880366266 54.618718024343252 58.581349812448025 150.33501762896776 26.570357978343964 630.91174565814435 1133.2983876019716 60.840451773256063 1329.6284743957222 28.457751825451851 365.66071885451674 96.398914547637105 6029.0783569384366 1706.0972480401397 43.273639354854822 901.8666447494179 37.690084006637335 2798.3350188601762 736.52660882659256 50.743123538792133 279.5279127843678 660.37908720783889 181.18152191489935 930.69621919095516 432.85866223461926 443.93390995450318
leaf_count=412 2821 887 287 4593 1248 272 461 739 136 3856 6192 278 9390 127 2101 701 40352 15578 252 4677 180 16932 4301 250 1753 4065 964 5960 3449 4276
internal_value=-2.01493e-06 0.00563651 0.0129555 -9.00272e-05 0.00103843 0.0023233 -0.00273697 -0.00792023 -0.000570889 -0.00329789 -0.000128533 0.00268302 -0.000574334 -0.00336285 -0.00292362 -3.75138e-05 0.000637105 -0.0027187 0.00193994 0.00465295 0.00280636 0.00359985 0.00324753 0.0174556 0.00367193 -0.00163702 -0.00484675 -0.00621523 -0.00490266 -0.00665145
internal_weight=20834.4 318.715 137.379 20515.7 6127.83 4572.77 1555.06 204.954 14387.9 2006.3 12381.6 1692.93 10688.6 1723.75 1695.29 8964.87 7162.38 1802.5 1632.09 928.437 4367.81 3623.29 3534.86 88.4332 384.599 703.653 1170.46 989.278 1507.7 1074.85
internal_count=137490 1586 699 135904 37653 27267 10386 1011 98251 14402 83849 9408 74441 11618 11491 62823 46544 16279 9130 4813 26256 21663 21233 430 3001 4317 7385 6421 11581 8132
is_linear=0
shrinkage=0.03


Tree=165
num_leaves=31
num_cat=0
split_feature=87 40 21 76 49 17 21 19 20 50 83 1 6 62 21 47 36 41 21 47 83 61 16 46 15 79 13 82 84 40
split_gain=11.3098 26.0417 34.8478 31.2197 25.258 31.8629 25.057 22.8581 22.7947 34.2793 26.4171 22.6419 24.0912 26.861 21.97 20.8093 19.6056 26.4264 20.4736 18.6831 22.611 19.3765 18.0712 20.0506 17.1337 17.0235 16.5394 16.3221 16.233 17.2066
threshold=2.5000000000000004 0.16971530108906799 0.36893203882498354 -0.0027011612897440925 0.017857142856935109 -0.23115743558919141 0.086466165412635312 0.52964612139558598 -0.10000000003749997 1.4714285986764091 -3.4447754898833213e-05 -0.0096602080810448392 0.0294117749603563 -49.701890923506078 0.097593152712163636 0.025345622119509071 -0.0020260709815428375 -0.0016011108522262505 0.1447368421026273 0.012352309344783584 -0.00032092694812006355 0.12563132923500756 0.17917488031442499 4.7591639927455365 0.020557660545570292 0.86798493169714475 0.056079664569634889 -0.0022071535242854708 -0.0064516129032257665 0.38476673457466787
decision_type=2 2 10 10 8 8 10 10 10 10 10 10 8 2 8 10 2 2 8 10 10 10 10 10 10 10 10 10 10 2
left_child=-1 4 3 7 5 24 8 -3 9 -7 -10 26 13 14 -13 -5 17 -14 -18 20 -8 -21 23 -4 -2 -15 27 -6 29 -24
right_child=1 2 22 15 11 6 19 -9 10 -11 -12 12 16 25 -16 -17 18 -19 -20 21 -22 -23 28 -25 -26 -27 -28 -29 -30 -31
leaf_value=0.00054744175559602072 0.0083664502315186871 0.011900113518187228 0.0019391826623766885 0.014970002420237265 -0.0037608450237763911 -0.0054264038287686767 -0.0030473850847197955 0.04973137702514846 -0.0098442335039802802 0.0053700968704164347 -0.00010259389160512275 -0.0073010989287590764 -0.0032097735714742373 -0.0099118800539357687 0.025278298343978853 -0.0022091967533416053 -0.012033061915802466 0.030508933427841865 0.00042519056614802818 -0.0016566552945650021 0.011089643610454732 0.020905251002243434 -0.0070109370070772104 -0.025040466161685749 0.038984440683140109 0.0036632012301891686 -0.0045605547670593462 0.0053267809188960553 0.0069569872246607782 0.0031943545285124521
leaf_weight=12871.449210576713 45.280476294457912 29.575476933270693 47.622089438140392 136.31730107963085 266.53173291683197 454.87660801038146 136.23958436772227 29.121645227074623 550.83952762745321 629.83034093305469 460.03505264036357 34.946412235498428 43.903969287872314 1152.7237420454621 37.812193252146244 117.06858473643661 159.81397043727338 38.42123537324369 451.70634718425572 560.45615800842643 394.37705262936652 35.480903811752796 268.05543118342757 49.985938958823681 25.850667111575603 88.760784897953272 529.33513130620122 528.8656432852149 323.3862942866981 331.07381071150303
leaf_count=84481 217 164 223 689 1257 2921 744 149 5195 4205 4639 192 253 8596 199 700 1293 242 2824 3503 2264 170 1402 266 124 595 3679 2772 1717 1815
internal_value=-2.07169e-06 -0.000891168 0.00293383 0.0116891 -0.00166098 0.000201546 -0.000238903 0.0312384 -0.00217921 0.000838946 -0.0054184 -0.00350181 -0.00550953 -0.00789596 0.0097027 0.00704364 -0.000980117 0.0126681 -0.00284007 0.00336647 0.00745531 -0.000275568 0.000243612 -0.0119607 0.0199215 -0.00893674 -0.000454307 0.00227692 0.00154971 -0.00137065
internal_weight=20829.7 7958.29 1332.21 312.083 6626.09 3293.27 3222.14 58.6971 2095.58 1084.71 1010.87 3332.82 2008.09 1314.24 72.7586 253.386 693.846 82.3252 611.52 1126.55 530.617 595.937 1020.12 97.608 71.1311 1241.48 1324.73 795.397 922.516 599.129
internal_count=137490 53009 7125 1702 45884 23982 23641 313 16960 7126 9834 21902 14194 9582 391 1389 4612 495 4117 6681 3008 3673 5423 489 341 9191 7708 4029 4934 3217
is_linear=0
shrinkage=0.03


Tree=166
num_leaves=27
num_cat=0
split_feature=18 77 76 50 57 74 77 56 75 52 27 44 72 72 23 13 35 37 17 22 17 74 62 33 52 18
split_gain=11.2839 14.2178 11.1216 16.9736 11.7434 28.386 16.0134 14.1342 31.3905 23.2902 21.8261 32.485 17.6367 17.2604 17.2447 12.4198 27.3848 17.3325 10.9633 17.7347 16.1351 16.0291 11.112 8.42665 7.7442 0.119359
threshold=-1.1805556532351599e-10 -0.011764317965040337 0.189768214815321 33.767857142857146 99.999999894302007 64452600.000000007 0.0009443296126106916 99.999999591666679 0.00066810306043452931 0.018985131459960034 0.99999999925000005 -0.06114870271248362 242329700.00000003 8415150.0000000019 1.0305482834944388 0.056079664569634889 50.67147416952546 557.418196216924 -2.0620671836724111e-11 0.89795918365972527 -0.070175438608725701 1677800.0000000002 8.0061627223406919 36.22662706528191 0.039229589527472873 1.314001537565211
decision_type=8 8 10 10 10 2 10 10 10 8 10 2 2 2 8 8 2 2 10 10 10 2 2 2 10 10
left_child=1 -1 4 18 7 6 25 10 9 -9 15 -12 -11 -13 23 16 -2 -17 19 20 21 -4 -22 -10 -8 -6
right_child=2 -3 3 -5 5 -7 24 8 14 12 11 13 -14 -15 -16 17 -18 -19 -20 -21 22 -23 -24 -25 -26 -27
leaf_value=-0.0081210135176503408 0.018610929534566854 0.029960376334979513 0.01632996092556642 -0.025617154025286634 0.033964674118688316 -0.024256474304200415 0.018281830657912057 -0.02767317980253782 -0.0093528302079876474 0.0067043862308659571 0.035220934120523788 -0.00062981540176981949 -0.018568201521931983 0.0081343678056686811 0.0026175633932493765 -0.0010408579354635793 0.0011028305500616845 0.0012505722692848695 -0.02140306674583134 0.016949922970471421 -0.018853936632502569 -0.0061360171565654322 0.0082158773931193148 -0.0298121970841577 -0.0085140692749841995 0.022826371708877646
leaf_weight=13.068655677139757 81.36522351205349 23.512235496193171 45.757350705564022 33.236940361559391 26.811602808535099 16.397875219583511 16.643822140991688 22.968054376542568 26.887659281492233 192.40723013132811 29.580883933231235 408.90211283974349 27.498117119073868 397.77240837179124 27.394327387213707 11679.744701901451 3441.144970536232 3982.4358652681112 25.830290978774428 39.599533833563328 75.612135974690318 72.416776685044169 15.834520809352396 67.810737654566765 20.519022919237614 14.136436425149439
leaf_count=96 507 242 275 203 267 85 133 116 138 1113 157 2261 133 2185 148 83784 20020 23432 143 210 662 474 101 340 139 126
internal_value=-1.9692e-06 0.0164218 -3.1802e-05 -0.00567826 5.33196e-05 0.0105483 0.0181071 4.00269e-06 -0.0058384 0.000402855 0.000110941 0.00485239 0.00346084 0.00369282 -0.0181806 -9.58227e-05 0.00151326 -0.00045798 -0.00317392 -0.00119459 -0.00470073 0.00260173 -0.014096 -0.024193 0.00357277 0.0308268
internal_weight=20825.3 36.5809 20788.7 308.288 20480.4 94.5088 78.1109 20385.9 364.966 242.873 20020.9 836.255 219.905 806.675 122.093 19184.7 3522.51 15662.2 275.051 249.22 209.621 118.174 91.4467 94.6984 37.1628 40.948
internal_count=137490 338 137152 2068 135084 750 665 134334 1988 1362 132346 4603 1246 4446 626 127743 20527 107216 1865 1722 1512 749 763 478 272 393
is_linear=0
shrinkage=0.03


Tree=167
num_leaves=31
num_cat=0
split_feature=26 53 64 20 40 40 40 34 57 48 39 74 22 71 74 74 35 52 82 40 77 51 77 68 49 83 2 21 35 77
split_gain=10.9754 26.4434 16.5601 15.0002 25.2547 18.4753 29.6417 20.3032 14.0993 13.5673 23.1856 37.9091 47.6063 30.4464 26.4439 47.2698 22.9616 15.8936 26.4085 28.7988 22.4975 12.8226 12.2397 28.7622 27.5571 43.7346 47.773 26.5134 25.9798 25.4986
threshold=0.019607843136966552 0.006135119422023565 0.50394467306977908 -0.19444444446122686 -0.065857094959457727 -0.0028143938160615774 -0.00087895601224469145 -0.00012622444087961868 32.608695649527412 0.10714285714285715 38.301227640407298 -332949.99999999994 0.49999999992708338 0.616538893047331 34678350.000000007 347600.00000000006 22.981967011438183 0.00466780866288406 -0.00061078451223638499 -0.041285532914468452 0.0038199474563556861 0.0081168831166064086 0.00029385104309876834 -99.999999999652758 0.0079365079364756494 0.005119651258465416 0.0062133248687415996 0.12195121949167166 7053.8151086541257 -0.0038944474871493505
decision_type=8 10 2 10 2 2 2 2 10 8 2 2 8 8 2 2 2 8 10 2 8 10 10 8 10 10 10 10 2 8
left_child=1 2 3 8 -5 7 -7 -6 -1 10 11 13 16 -2 15 -12 -13 18 -11 -20 21 -21 23 29 25 26 -24 28 -26 -19
right_child=9 -3 -4 4 5 6 -8 -9 -10 17 14 12 -14 -15 -16 -17 -18 22 19 20 -22 -23 24 -25 27 -27 -28 -29 -30 -31
leaf_value=-0.034297188530547543 0.0014532526941022812 -0.023941522907357606 0.035718742416532293 0.047455601731577736 0.0057560551536164836 0.032431694359403809 -0.0028104213056561402 -0.023395427000175269 0.0046887574778730103 -0.021945501615547716 0.0021097350996518664 0.029535124531004282 -0.033779477553558139 0.030755277366191422 -0.004774273302608322 0.067410356898660567 -0.010486412297855673 0.008064296508755505 0.037883992591008088 -0.021764151585273582 0.026160602128454457 -0.00073774309642252135 0.0053537850244355584 0.00091081804815253966 -0.0026936627012120731 -0.029139326313774781 0.036520225195857736 0.00029573371286609272 -0.022464763920493253 -0.027134395689599713
leaf_weight=22.901347532868385 86.793058514595032 56.577002981677651 9.3597566410899145 8.659541226923464 33.965882450342178 27.321670722216368 87.885033965110779 55.462157657369971 12.303584484383462 77.800675075501204 18.888646382838488 22.950054466724396 46.264640405774117 49.786866553127766 20.042050205171108 20.543099798262119 27.016245014965534 25.960811093449593 14.87579372525215 46.928173705935478 16.810978803783655 58.158984690904617 215.78158959187567 10609.670837782323 3482.9927846584469 24.71592128276825 54.961805567145348 5466.580708231777 59.933285750448704 59.605739951133728
leaf_count=257 431 1097 79 44 319 450 1424 984 95 660 171 105 265 236 177 145 174 124 109 489 137 480 1474 69053 25679 120 347 31657 409 299
internal_value=-1.87813e-06 -0.00555546 -0.00143287 -0.00298176 3.46438e-05 -0.0021785 0.00572872 -0.0123489 -0.0208362 8.33957e-05 0.00648953 0.00216651 -0.0121669 0.0123023 0.0230468 0.03703 0.00805587 -9.3984e-06 -0.00811179 -0.00011886 -0.00505145 -0.0102723 7.77803e-05 0.000770113 -0.00071767 0.00828105 0.0118028 -0.00101399 -0.00303521 -0.0164507
internal_weight=20821.5 314.436 257.859 248.499 213.294 204.635 115.207 89.428 35.2049 20507.1 292.285 232.811 96.2309 136.58 59.4738 39.4317 49.9663 20214.8 214.575 136.774 121.898 105.087 20000.2 10695.2 9304.97 295.459 270.743 9009.51 3542.93 85.5666
internal_count=137490 4749 3652 3573 3221 3177 1874 1303 352 132741 1704 1211 544 667 493 316 279 131037 1875 1215 1106 969 129162 69476 59686 1941 1821 57745 26088 423
is_linear=0
shrinkage=0.03


Tree=168
num_leaves=31
num_cat=0
split_feature=0 89 57 86 1 62 84 68 51 90 42 6 74 44 50 30 2 71 13 0 74 35 8 25 46 59 63 15 7 47
split_gain=10.8753 13.6037 14.1231 11.9643 29.2816 21.1834 19.8524 19.552 19.0537 18.1931 26.9705 24.0164 19.5356 18.0056 17.9537 17.6644 15.3282 14.0583 14.0505 18.6292 16.517 15.2773 14.6443 15.0343 14.1705 13.7551 17.0984 13.6009 12.7227 12.2732
threshold=-0.066281701391200196 -0.70710678118654757 54.545454504958684 13.500000000000002 0.012836991628765395 10.048641447467277 0.071459057374550342 -99.999999997332864 0.013975155279047398 1.0000000180025095e-35 -0.013725334711877478 -0.026286997581481061 9652850.0000000019 0.36038952197761592 1.6095121928623748 -0.020294817667104111 0.17165178571428577 0.068906066969485077 0.076923076922662745 -0.005232180132087704 -56167949.999999993 22.981967011438183 0.019607843137198839 0.16666666664583335 2.747785840715681 -0.09192295744019878 5.5913445459996263 0.025316455686468457 -0.0017942898234003522 0.028375733855040153
decision_type=8 2 10 2 10 2 10 8 8 2 2 8 2 2 10 2 8 8 8 10 2 2 10 10 8 10 2 10 10 10
left_child=1 2 -1 6 7 8 16 25 27 11 14 15 -12 -10 -11 -9 18 -13 22 21 -21 -20 23 -2 -24 -5 -27 -6 -8 -30
right_child=3 -3 -4 4 5 -7 28 9 13 10 12 17 -14 -15 -16 -17 -18 -19 19 20 -22 -23 24 -25 -26 26 -28 -29 29 -31
leaf_value=0.018984483850185693 -0.0057332838351777616 6.7954245305348348e-05 -0.0016969896611061738 -0.018873829030077116 -0.018250813016773389 0.0051193496655523802 -0.0065963299728898596 0.0058544582111708316 -0.0075974933033281372 0.0012022612026965336 -0.0015312844708564 -0.002940780916640357 0.004114491385384703 0.013256707201534866 0.010313294112056512 -0.0041371078074928123 0.0081338849737543906 0.0026110377568934499 0.015855646597868454 0.0035674319280278488 -0.0014806623348926364 -0.004733574331349564 0.0085203277399707993 0.0011021377740685092 1.4047601098525541e-05 -0.0088888088197006509 0.017533053238349281 0.006674378871699093 0.01299132158678006 0.0025561385473972767
leaf_weight=94.609097972512245 395.22991705313325 181.1744492277503 42.525794081389904 68.417197674512863 21.341983081772923 219.85549993813038 69.503552135080099 181.74409554898739 912.55890131369233 277.24191755801439 1005.1053293775767 477.83490425907075 1218.9639482405037 37.858812492340803 661.01670790463686 1232.1579100620002 160.68691369891167 2862.948914417997 31.999334037303925 648.48308159969747 5708.4335237834603 1838.4070018101484 373.39729799330235 1073.9684925749898 334.39515314251184 80.851924203336239 29.14694731682539 164.83429890498519 182.18056055903435 230.72157472930849
leaf_count=499 2401 887 200 344 262 1068 382 861 6610 1529 6646 3537 7718 187 3756 7046 874 18155 140 4474 43753 11823 2015 6872 1695 454 152 1004 843 1303
internal_value=-1.88137e-06 0.00549187 0.0125835 -8.75975e-05 0.000695747 -0.00338127 -0.000758081 0.00137959 -0.00503126 0.00160165 0.00336481 0.000427886 0.00156215 -0.00675058 0.00762846 -0.00284743 -0.00103025 0.00181542 -0.00117284 -0.00174003 -0.000964743 -0.00437144 0.000969134 -0.000737271 0.00451147 -0.00841155 -0.00176577 0.00371886 0.00518613 0.00718786
internal_weight=20817.6 318.309 137.135 20499.3 9451.88 1356.45 11047.4 8095.43 1136.59 7917.01 3162.33 4754.69 2224.07 950.418 938.259 1413.9 10565 3340.78 10404.3 8227.32 6356.92 1870.41 2176.99 1469.2 707.792 178.416 109.999 186.176 482.406 412.902
internal_count=137490 1586 699 135904 59329 9131 76575 50198 8063 49248 19649 29599 14364 6797 5285 7907 74047 21692 73173 60190 48227 11963 12983 9273 3710 950 606 1266 2528 2146
is_linear=0
shrinkage=0.03


Tree=169
num_leaves=31
num_cat=0
split_feature=31 74 49 18 41 43 6 74 74 62 53 76 28 15 74 53 67 28 51 76 15 21 41 34 74 49 20 51 62 15
split_gain=10.8728 26.549 28.9499 38.5604 36.5415 23.4088 16.6821 11.1698 20.5028 26.3785 21.1181 24.1107 41.0346 19.8631 17.2099 34.1865 16.5725 17.2885 30.921 16.5277 23.4393 17.6267 27.3794 22.025 15.9467 32.3534 31.2987 18.0483 17.7297 16.3622
threshold=7713.0826444125305 -43997749.999999993 0.014534883720900657 0.016216216214293703 0.0068079168844196189 0.0026397040835546286 0.19451951951951954 3051552550.0000005 950225950.00000012 -0.58930685478399158 0.022755283790803431 -0.00056490020655193139 0.30999999999767508 0.028985507235192224 868090800.00000012 0.021958321672813672 99.999999992868837 0.076335877862391474 0.014965986394468741 0.00021855176339334367 0.012499999995253976 0.099999999985267776 0.0065919259163835795 -0.0041347918733383717 768322650.00000012 0.01470588235284386 -0.15005518765931294 0.040399164548799986 -74.613871506253858 -1.0555556428926137e-10
decision_type=2 2 10 10 2 2 8 2 2 2 10 10 10 10 2 8 8 10 10 10 10 8 2 2 2 10 8 10 2 8
left_child=7 2 3 -2 5 -5 -3 8 14 10 11 12 -10 -13 24 -16 17 -11 -19 -9 -21 -22 23 -23 27 -26 -27 29 -29 -1
right_child=1 6 -4 4 -6 -7 -8 19 9 16 -12 13 -14 -15 15 -17 -18 18 -20 20 21 22 -24 -25 25 26 -28 28 -30 -31
leaf_value=0.012666127930787544 -0.020059786175240065 -0.027297366164430271 -0.012643293967517084 0.061152255963186519 -0.0035134371664823669 0.016250055414937615 0.0026327030229891047 -0.0097781030382167906 -0.0014996305516361017 -0.022518548951885174 -0.0034838933531287381 0.036618283482218489 0.035853268510752143 0.01209586515604774 -0.01721966337333166 0.014026907349461411 -0.024306573656582963 0.035766483960517008 0.0015710190627545478 0.025322856686369164 -0.012273428572130056 0.0011582243643363333 -0.003298122228779309 0.044283345707033038 0.034815709530542326 0.018377620599600034 -0.0057310049190471592 0.0087717144633314963 -0.0044525546479104909 0.00012495735656519369
leaf_weight=93.155693423002958 24.768259063363075 63.887513265013695 80.015047751367092 21.766210846602917 28.66748533397913 21.559291705489159 22.135961934924126 251.99220056086779 120.01246211864054 24.419721961021423 71.603407099843025 61.252303883433342 32.885411515831947 60.642663288861513 127.34437334910035 40.830275870859623 21.380189955234528 23.547962725162506 800.07358496636152 30.044312905520201 98.140878319740295 20.177096545696259 128.43680971488357 22.082422528415918 33.063397936522961 75.974319368600845 129.73828369006515 97.605662271380424 1212.0358141250908 16973.767586411908
leaf_count=529 175 419 478 128 170 117 121 1662 709 206 416 358 175 381 828 232 95 139 4911 180 824 112 762 137 196 483 906 510 7694 113437
internal_value=-1.84209e-06 -0.0060538 0.000603889 0.0116064 0.0226674 0.0397468 -0.0196194 7.56963e-05 0.000192012 0.0039659 0.0109549 0.0147271 0.00669554 0.0246405 -5.23021e-05 -0.00957766 0.00116851 0.00184217 0.00259452 -0.00413438 0.000630677 -0.00220134 0.00360984 0.0242651 3.41005e-05 0.00772089 0.00320417 -6.60293e-05 -0.00345874 0.000194324
internal_weight=20813 262.8 176.776 96.7612 71.993 43.3255 86.0235 20550.2 19999.3 1215.82 346.396 274.793 152.898 121.895 18783.5 168.175 869.421 848.041 823.622 550.874 298.882 268.837 170.696 42.2595 18615.3 238.776 205.713 18376.6 1309.64 17066.9
internal_count=137490 1608 1068 590 415 245 540 135882 132205 7390 2039 1623 884 739 124815 1060 5351 5256 5050 3677 2015 1835 1011 249 123755 1585 1389 122170 8204 113966
is_linear=0
shrinkage=0.03


Tree=170
num_leaves=31
num_cat=0
split_feature=91 36 39 29 16 20 50 62 20 83 81 24 66 45 65 52 52 23 76 83 47 20 77 52 57 62 38 76 62 2
split_gain=10.8632 28.9014 28.7153 29.1333 28.7324 30.3208 25.0809 24.1724 22.8476 24.6753 23.9293 21.9986 42.5765 38.618 32.1167 21.2156 20.6534 20.172 23.0003 25.8202 19.5046 19.3829 22.2151 27.9531 22.1146 19.8129 23.406 22.5708 18.4009 17.5294
threshold=1.0000000180025095e-35 -0.040066005812397769 2031.2116038845036 371.25748319553128 0.33333333333121223 -0.31624686660374951 100.26785714285715 -15.96875686867264 -0.22704008356484526 -0.00096814880472014377 0.016270436774296751 0.053850863760080046 44.444444440580249 0.0057769719437261733 0.0028996008158453943 0.0090870186981481648 0.010454713289378669 0.1647777338698756 0.0013761168239246522 -0.0020345544756357799 1.0000000180025095e-35 -0.3033520599291234 0.0063638391976408 0.012925897130215301 36.363636294214878 -1.0000000180025095e-35 0.071202954066287086 -0.0030308371217009629 -0.099390759769566003 -0.052631565300805642
decision_type=2 2 2 2 10 8 10 2 10 10 10 8 10 2 2 8 8 8 10 8 10 8 10 10 10 2 2 10 2 10
left_child=1 2 3 17 5 -4 -7 -3 9 10 11 12 13 -2 -14 -13 -17 -1 19 -19 -11 28 25 -24 -25 26 -23 -27 -9 -10
right_child=8 7 4 -5 -6 6 -8 21 29 20 -12 15 14 -15 -16 16 -18 18 -20 -21 -22 22 23 24 -26 27 -28 -29 -30 -31
leaf_value=-0.00098971144092514741 0.010269429241236716 -0.011392917899752756 -0.013507129793862776 -0.0080238244780072299 0.034416334544164637 0.032761921866724455 0.00016598312167782152 -0.0042985260657341789 0.0074485568428695323 -0.032283758039652465 0.018495026909289603 -0.02459282170952411 -0.017429676974736543 0.050450819676266349 0.029211442963432137 0.021245446462277572 -0.0018264256021460388 0.015773184072390766 -0.0070292599730341241 0.00017353011811556084 -0.005432985757192429 -0.0027245225144352288 -0.011356533061239894 0.026940957260980513 -0.0025235162521365473 0.0067941878429334333 0.01587740719324017 0.00020837878246966892 -0.028850096823020029 0.00097934601318761623
leaf_weight=416.51432444155216 86.655387466773391 217.63243128359318 42.207535982131958 229.19775883108377 46.886749349534512 43.967669613659382 40.643435597419739 77.187112674117088 392.20352168008685 24.244177777320147 60.064273960888386 34.986199453473091 63.805545907467604 28.123227655887604 15.725077575072644 34.762494076043367 1460.2915949970484 287.90834868699312 77.708188598975539 143.25775570236146 781.34724184498191 2242.5783667229116 371.93100248463452 22.367875562980771 1185.9265721142292 578.80958047509193 61.549460778012872 2442.2317871302366 42.356011297553778 9258.2021775413305
leaf_count=2181 522 1387 218 1274 235 230 212 501 1985 201 343 220 517 158 101 203 8019 1623 453 830 5045 17492 2900 127 7326 3534 313 16275 254 62811
internal_value=-1.7119e-06 -0.000820901 0.00324467 0.00152519 0.0145824 0.00701408 0.0173241 -0.00156729 0.000571668 -0.00192927 3.73686e-05 -0.000614175 0.00886535 0.0204914 -0.00792216 -0.001825 -0.00127412 0.00389961 0.00790151 0.0106094 -0.0062838 -0.00126088 -0.00105207 -0.00417453 -0.00195376 -0.000124311 -0.00221964 0.001473 -0.0131896 0.00124332
internal_weight=20811.3 8570.86 1328.29 1154.59 173.705 126.819 84.6111 7242.57 12240.4 2590.01 1784.41 1724.35 194.309 114.779 79.5306 1530.04 1495.05 925.389 508.874 431.166 805.591 7024.94 6905.39 1580.23 1208.29 5325.17 2304.13 3021.04 119.543 9650.41
internal_count=137490 57365 7256 6361 895 660 442 50109 80125 15329 10083 9740 1298 680 618 8442 8222 5087 2906 2453 5246 48722 47967 10353 7453 37614 17805 19809 755 64796
is_linear=0
shrinkage=0.03


Tree=171
num_leaves=31
num_cat=0
split_feature=76 39 45 57 74 77 56 87 19 45 72 72 77 77 74 20 57 72 29 37 40 63 45 49 51 69 28 22 17 15
split_gain=10.4609 15.1056 16.3059 11.0648 26.8097 15.5989 13.6833 27.3712 19.9552 30.6496 19.0787 27.3737 18.7194 17.4861 16.7424 15.8577 14.7133 13.6415 12.9156 50.162 36.2236 46.9271 41.1673 33.9075 25.3899 10.7199 8.85437 11.2856 13.0918 5.56279
threshold=0.189768214815321 31.7060487052503 0.12048048271697788 99.999999894302007 64452600.000000007 0.0009443296126106916 99.999999591666679 1.0000000180025095e-35 0.99999999925000005 -0.054653978368359661 7392450.0000000009 634166400.00000012 -0.0095851635188794696 0.012827922285123113 -25356449.999999996 -4.0985548288574583e-12 82.713488029772734 68050800.000000015 85.029969383209774 92.54461976178662 -0.018493622543168383 -0.091144196390980564 -0.0015391035317231514 0.01176470588230104 0.011904761904709365 2.7244857639869235 0.67147502420845662 0.82352941174452154 -0.056603773598255573 0.43932313246905813
decision_type=10 2 2 10 2 10 10 2 10 2 2 2 10 10 2 8 8 2 2 2 2 2 2 10 8 8 8 10 10 10
left_child=3 -2 25 6 5 -5 8 16 18 -10 14 -12 -9 15 -11 -14 -8 -15 20 23 21 -1 -22 -20 -21 26 27 28 -3 -7
right_child=1 2 -4 4 -6 29 7 12 9 10 11 -13 13 17 -16 -17 -18 -19 19 24 22 -23 -24 -25 -26 -27 -28 -29 -30 -31
leaf_value=-0.0011157280677928099 0.010022193524926481 -0.0043248132233209774 -0.022547107508321739 0.030562117712555951 -0.023350742594264805 0.014553000206311032 -0.0033371030296579667 0.010949478710573666 0.028550134055263923 0.020504139756512753 0.013162104780998898 -0.0036295468006446816 -0.020951958386022485 0.0098902944846185701 -0.0032057029791326148 0.0036096516756828866 0.024064754285161839 -0.01594182962659826 0.035700341047658825 -0.0035758579272659446 -0.01027822616709744 0.0079071035784826146 -0.0016973016256102097 0.006552670883977511 0.00051385190721865606 0.018373124731986441 0.0076085338560427703 0.0055408325917773232 -0.024208715185838777 -0.0080753173060384067
leaf_weight=1837.678176516667 46.775893792510033 64.692999083548784 55.899007327854633 39.935916870832443 16.492173485457897 18.938572593033314 32.753893792629242 34.011073403060436 44.787199892103672 27.933765221387148 275.15788344666362 126.92660167068243 158.8349136300385 46.042460598051548 361.02266311086714 27.215196020901203 36.263863552361727 29.211833536624908 37.017821166664362 1556.8863523378968 621.67539720050991 721.52122329734266 2632.6645360179245 696.63449363037944 11103.16423323378 16.167893657460809 32.61739344149828 34.643393432721496 55.853244204074144 18.120333731174469
leaf_count=12109 235 478 305 393 85 148 161 212 230 152 1574 639 849 256 2008 141 220 149 268 13135 6760 4823 18575 4440 67971 127 199 204 520 124
internal_value=-1.71592e-06 -0.00549274 -0.00832456 8.05358e-05 0.0103231 0.0177813 3.29639e-05 -0.00572058 0.000137979 0.00467295 0.00328295 0.00785816 -0.0096992 -0.0124297 -0.00144702 -0.017343 0.0111558 -0.00017531 -5.94433e-05 0.00045292 -0.00124026 0.00142902 -0.00334009 0.00807405 1.04348e-05 -0.00432127 -0.00637784 -0.00936656 -0.0136858 0.00348836
internal_weight=20807.5 306.65 259.874 20500.9 93.487 76.9948 20407.4 364.333 20043.1 835.828 791.041 402.084 295.315 261.304 388.956 186.05 69.0178 75.2543 19207.2 13393.7 5813.54 2559.2 3254.34 733.652 12660.1 203.975 187.807 155.19 120.546 37.0589
internal_count=137490 2068 1833 135422 750 665 134672 1988 132684 4603 4373 2213 1607 1395 2160 990 381 405 128081 85814 42267 16932 25335 4708 81106 1528 1401 1202 998 272
is_linear=0
shrinkage=0.03


Tree=172
num_leaves=31
num_cat=0
split_feature=18 77 82 26 83 18 90 45 20 62 38 15 37 39 24 46 1 91 20 46 18 83 7 62 15 47 46 32 40 38
split_gain=10.3226 13.9686 11.2032 21.3375 19.9154 17.7242 25.1612 18.0028 16.2667 44.6202 29.1504 21.5945 23.8079 20.7644 18.7299 18.2608 17.22 18.2809 24.3304 20.2228 15.7666 18.3017 17.9583 15.7063 12.9962 16.7923 12.0331 11.4459 12.043 25.8827
threshold=-1.1805556532351599e-10 -0.011764317965040337 -0.0078116445541754741 0.28571428568367352 -0.0052561209891650628 0.15384615382026637 1.0000000180025095e-35 -0.060666634927073075 -0.27677308437500836 -0.099390759769566003 -0.16551014484902263 0.085714285691020367 2741.4769015178858 20.731407033304318 0.057130221993141474 7.1112540108816971 -0.038085695199923657 1.0000000180025095e-35 -0.14688382768495403 1.7420959472656252 0.011627906967921821 -0.0017574960474510723 0.0060975609734625911 -15.96875686867264 0.090909090880165425 0.028654485049821394 0.30000032697405138 -0.015207138292003096 -0.16837583463542519 -0.10903962505677593
decision_type=8 8 8 10 8 10 2 2 8 2 2 10 2 2 10 10 8 2 10 10 10 8 10 2 10 10 10 2 2 2
left_child=1 -1 3 4 -2 6 23 -8 9 11 -10 13 15 -4 -15 -13 20 18 -18 -19 21 -12 -22 -6 27 -26 -11 28 -5 -30
right_child=2 -3 8 24 5 -7 7 -9 10 26 16 12 -14 14 -16 -17 17 19 -20 -21 22 -23 -24 -25 25 -27 -28 -29 29 -31
leaf_value=-0.0083579852733463161 0.025415392525300368 0.029667670650637957 0.021357440135319108 -0.0088149456504561571 0.010361429500967228 0.019927667923136026 0.028267829648458129 0.0045782975444406395 -0.031601723401507256 -0.038131019023236346 -0.0056415173382546634 0.013204830686989905 0.036088705776205238 0.0067577390514700283 -0.0064082084944209914 -0.0065704473094724469 0.0013033602269918647 -0.0011257814856941266 -0.0024354846776149641 0.0016470378809293092 0.00036101857547304986 0.015780881293953719 0.015596658456336988 -0.011725745760680591 0.029292467320652563 0.0018983429306011471 -0.014466504546511645 -0.021439026196229741 0.018205203216883122 -0.004008076042629375
leaf_weight=12.995333358645437 52.679255224764347 22.706853251904249 28.342768393456936 141.90770554542542 38.12590441852808 63.695321701467037 40.519426625221968 97.835514139384031 25.182630702853203 22.212174046784639 44.90588491410017 87.791367620229721 22.654330536723137 114.04953597486019 625.72855204902589 78.716736383736134 2262.6038835886866 3647.7289732377976 5080.5870070811361 6735.315104778856 676.57004561275244 166.22728838026524 76.684873923659325 110.69545539095998 24.840047135949135 93.32459320127964 148.28166916407645 28.382057704031467 64.718260813504457 166.40538516640663
leaf_count=96 247 242 142 743 198 298 213 479 140 124 210 495 117 725 3562 430 14304 27268 36506 42997 3369 780 417 541 114 524 881 154 318 856
internal_value=-1.56694e-06 0.0158943 -2.98036e-05 0.00319883 0.00836571 0.00573242 0.0025153 0.0116907 -0.000180305 -0.00367777 3.04698e-05 -0.00114861 0.00790037 -0.00338834 -0.00436802 0.00385474 7.4938e-05 -0.00013739 -0.00128303 0.000672599 0.0039769 0.0112053 0.00193468 -0.00601591 -0.000816835 0.00787968 -0.0177714 -0.00339751 -0.00196316 0.0022507
internal_weight=20802.4 35.7022 20766.7 923.129 403.551 350.872 287.176 138.355 19843.6 1127.78 18715.8 957.283 189.162 768.121 739.778 166.508 18690.6 17726.2 7343.19 10383 964.388 211.133 753.255 148.821 519.578 118.165 170.494 401.413 373.031 231.124
internal_count=137490 338 137152 4685 1976 1729 1431 692 132467 6476 125991 5471 1042 4429 4287 925 125851 121075 50810 70265 4776 990 3786 739 2709 638 1005 2071 1917 1174
is_linear=0
shrinkage=0.03


Tree=173
num_leaves=31
num_cat=0
split_feature=61 66 14 43 21 23 27 64 16 20 57 33 42 27 67 5 91 29 31 51 35 63 40 33 51 7 49 22 56 22
split_gain=10.3723 22.3453 20.2005 18.9045 17.9628 18.099 31.0807 22.1787 18.6461 15.1121 26.4496 21.9711 19.8062 31.7998 21.5822 19.3269 17.5915 25.591 36.4551 33.4147 24.9297 25.9505 20.4624 14.9368 13.8101 13.4477 14.8796 13.1152 12.2297 11.8285
threshold=-0.11898326898326898 99.999999981666676 -0.22654985841451566 0.035092214969789766 0.68870677079622922 0.17237126542278966 0.099999999992500019 1.5887323776396167 0.14285714284117348 -0.27677308437500836 19.999999974800001 8058.9369925750862 0.08039835733558999 0.47058823527335653 99.999999983472222 -0.074014528998451831 1.0000000180025095e-35 85.029969383209774 87.751586434889518 0.016190476190314291 34.796941872841082 -117.65023787259469 0.15909002604461622 1148.4622037447859 0.027264279264819388 -2.4695023803644741e-11 0.037993920972307561 0.099999999992500019 9.0909090891184636 0.079999999998800017
decision_type=10 10 10 2 10 10 10 2 10 10 8 2 2 10 10 10 2 2 2 10 2 2 2 2 10 10 8 8 10 10
left_child=1 3 24 4 5 8 7 -7 28 10 -4 12 13 -12 -14 -11 20 19 -19 -18 22 -22 -17 25 -2 -5 -27 -8 -1 -10
right_child=2 -3 9 23 -6 6 27 -9 29 15 11 -13 14 -15 -16 16 17 18 -20 -21 21 -23 -24 -25 -26 26 -28 -29 -30 -31
leaf_value=0.001152967289932131 -0.029806406833821273 0.028844829130925873 -0.024563426312055908 0.004302741277770231 -0.013908544741381295 0.016239921367892065 -0.016434584919702365 -0.0078389116965891879 -0.0073579443754427445 0.0046529910856829802 -0.00050757024618918562 -0.031403894578691922 0.01765100013288606 -0.010498696368428614 -0.0070688062019849639 0.0014284904159421439 0.0020227058912053535 0.016941221579045429 0.0014675304447376717 -0.0045723587443242952 0.026680156299446377 -0.0019635794462218763 0.014111428061433704 -0.0046603944760392601 -0.0066262344081302275 0.046067121356213832 0.01177264898093539 0.0016243132565769041 -0.0061359936498774246 0.018869069221787636
leaf_weight=423.32886224240065 27.463478118181229 26.938232071697712 47.179410647600889 28.495629072189331 68.779740117490292 244.83911543339491 40.20745563134551 39.240549370646477 19.696590974926949 824.50915612094104 1398.944020004943 21.689301893115044 91.286380834877491 359.89295936189592 47.597491536289454 492.919583812356 1248.0935070663691 139.0397765301168 6501.5288412868977 1546.8403930068016 27.592094719409943 6016.4371592830867 148.51228410750628 27.286892980337143 132.65607032366097 25.133881717920303 22.301144745200872 295.84547076188028 403.18957671709359 62.242778889834881
leaf_count=2188 132 153 376 135 349 1328 219 206 115 4273 8740 150 485 2614 287 2415 8871 898 41898 12335 148 43200 757 145 790 125 126 1580 2080 372
internal_value=-1.41118e-06 0.00222371 -0.000203222 0.00178355 0.000973213 0.00165344 0.00560091 0.0128875 -0.00104108 -0.000112941 -0.00260168 -0.00204779 -0.00169433 -0.00255846 0.00916775 0.000175846 -5.32263e-05 0.000780731 0.00179447 -0.00162655 -0.00123062 -0.00182793 0.00438707 0.0141657 -0.010781 0.0209428 0.0305818 -0.000569814 -0.0024022 0.0125157
internal_weight=20799.7 1727.53 19072.2 1700.59 1597.37 1528.59 620.133 284.08 908.458 18912.1 1966.59 1919.41 1897.72 1758.84 138.884 16945.5 16121 9435.5 6640.57 2794.93 6685.46 6044.03 641.432 103.218 160.12 75.9307 47.435 336.053 826.518 81.9394
internal_count=137490 9121 128369 8968 8437 8088 3333 1534 4755 127447 12652 12276 12126 11354 772 114795 110522 64002 42796 21206 46520 43348 3172 531 922 386 251 1799 4268 487
is_linear=0
shrinkage=0.03


Tree=174
num_leaves=31
num_cat=0
split_feature=74 74 19 56 21 14 74 52 44 48 38 76 17 14 74 68 63 81 38 21 28 75 18 71 47 26 33 74 44 74
split_gain=10.3725 19.7854 18.6485 17.2154 16.2716 21.008 17.4128 15.8691 19.1214 41.784 18.8653 18.1292 15.7756 35.0526 22.4839 30.2624 21.271 18.9281 22.1212 20.8636 20.7901 15.5042 13.9057 13.5408 18.148 21.8494 18.462 31.0518 21.1676 19.2819
threshold=3051552550.0000005 998118850.00000012 0.2220382634164626 31.578947358725767 0.011235955047658177 -0.066666666684814732 1744800000.0000002 0.05198299816145556 0.073037402173241187 3.0170664106096545 0.55710215406504271 0.010276687430444889 -0.024298526766687364 -0.035326086956836304 4309489297.500001 -57.142857138510202 -0.099289134194728942 -0.0069854158483072101 -0.01445636317211507 0.13076923076270722 0.14285714284183676 0.0016122439831022159 0.12195121949167166 0.43768228336607129 0.0028571428571000004 0.019607843136966552 50.007724681317548 -407899.99999999994 -0.0028139654310128655 457400.00000000006
decision_type=2 2 8 8 10 10 2 10 2 10 2 10 10 10 2 10 2 10 2 10 10 10 10 8 8 8 2 2 2 2
left_child=1 23 4 22 -3 -6 -7 8 9 -5 -9 -10 13 17 -15 -16 -17 -2 -19 20 -20 -14 -4 -1 26 -26 27 28 -25 -29
right_child=12 2 3 7 5 6 -8 10 11 -11 -12 -13 21 14 15 16 -18 18 19 -21 -22 -23 -24 24 25 -27 -28 29 -30 -31
leaf_value=-0.0009142411512854181 0.012246653872038623 -0.011496845389329926 0.0036681635281122968 -0.0031081338589817732 0.0080106664099462242 0.014506956397006214 0.049447767092720203 0.0015391539256022727 -0.0076890654528030998 0.016485163099761006 0.034232394563406016 0.007873084756859652 -0.027479425617217321 -0.003897703358246212 0.051578261784094706 -0.015312938064258123 0.023834746641223207 -0.01930650050728152 -0.004122975442573347 -0.0087444806624107103 0.035108972389631926 -0.0021559016583281394 0.030212638421617772 0.0045942346124330669 -0.021976642471375485 0.00053341104777336937 0.021139468871080012 -0.016297933637134058 0.032841990612586774 0.0050770189436100243
leaf_weight=9596.7743114810437 40.534542247653008 20.557474441826344 37.934866413474083 247.11806200444698 98.156090453267097 28.529454529285431 24.847208239138126 38.095413714647293 329.09062968380749 160.81500680372119 26.624744191765785 83.606119114905596 46.004827996715903 47.976222394034266 21.368926379829645 18.876736786216497 32.771419290453196 119.78108796477318 25.45283311419189 133.82300800085068 21.751344826072454 41.369152860715985 33.441921714693308 55.692309696227312 37.968922903761268 9163.2841767054051 70.627632332965732 68.884723823517561 41.703378170728683 82.139010149985552
leaf_count=66410 226 109 224 1926 537 179 151 213 1850 915 131 458 434 373 135 137 210 758 178 784 127 315 170 326 559 57549 448 594 240 824
internal_value=-1.44382e-06 0.000108906 0.00396662 0.00232073 0.0130333 0.0164343 0.0314376 0.0011657 2.60279e-05 0.00463001 0.0153505 -0.00451775 -0.00406391 -0.00183242 0.0119713 0.0223504 0.0094507 -0.00675477 -0.00935728 -0.00268776 0.0142459 -0.0156835 0.016392 -0.000118921 0.000682484 0.000437819 0.00770578 0.00380501 0.0169308 -0.00469583
internal_weight=20795.6 20245.9 1128.82 956.727 172.09 151.533 53.3767 885.35 820.63 407.933 64.7202 412.697 549.71 462.336 120.993 73.0171 51.6482 341.343 300.808 181.027 47.2042 87.374 71.3768 19117.1 9520.3 9201.25 319.047 248.419 97.3957 151.024
internal_count=137490 133813 6863 5887 976 867 330 5493 5149 2841 344 2308 3677 2928 855 482 347 2073 1847 1089 305 749 394 126950 60540 58108 2432 1984 566 1418
is_linear=0
shrinkage=0.03


Tree=175
num_leaves=31
num_cat=0
split_feature=86 0 84 71 1 8 46 36 3 59 1 5 20 17 76 83 66 57 12 50 33 2 38 1 54 72 70 17 83 1
split_gain=10.0849 31.4721 24.9117 17.8757 16.6217 15.6414 14.981 21.5759 22.4667 21.0518 15.8672 14.8757 21.665 17.3846 16.7625 15.4287 18.9304 15.0273 14.8935 14.9166 45.2072 41.7945 15.1287 14.8188 14.5908 14.445 16.6496 14.3596 16.8614 13.7114
threshold=14.500000000000002 0.013003923160173072 0.04762589337057422 1.1027040527330596 0.0050314545017277066 0.065217391303757102 1.1571431841169086 -0.077920515150509337 -0.0087693664318598801 0.065043836175038852 -0.043425877422734398 -0.074014528998451831 -0.18518518519398716 -0.12903225808558791 -0.00059969596805395538 -0.0070054642971594814 87.499999999707043 38.888888843518529 0.33333357281173026 24.830357142857149 1248.715336676582 -1.0000000180025095e-35 -0.1410221585372595 -0.038085695199923657 0.21199107707484097 634166400.00000012 2.648957854619582 -0.35814496314719002 -0.0052561209891650628 0.078146057951482453
decision_type=2 10 10 10 10 8 8 2 8 10 10 8 10 10 10 8 10 10 10 10 2 8 2 8 10 2 8 10 10 10
left_child=11 2 4 -3 6 -6 9 -8 -9 10 -2 12 13 14 27 16 -13 -14 19 20 23 -22 -21 -17 -24 26 -4 -1 -29 -5
right_child=1 3 25 29 5 -7 7 8 -10 -11 -12 15 17 -15 -16 18 -18 -19 -20 22 21 -23 24 -25 -26 -27 -28 28 -30 -31
leaf_value=-0.0066647140407289068 -0.018888264929401773 -0.010174969184056503 -0.0099026090470785699 0.0040801311876819384 0.0038659916951489636 -0.0037877106349751568 0.016900941991946611 0.00087001316623118235 0.006022113186065858 0.012353024985422673 -0.00084079951365580055 0.00028007874410079705 0.017763325725388392 0.017405936382559526 -0.0070029838470968605 0.0050115414111729468 0.024799602801728493 0.0047637547956535598 -0.0027761633629535933 0.021230542082896285 -0.0012000550107570838 0.024443888344796213 -0.019407541676632414 -0.00050276862342534868 -0.0029416449927982561 0.0041722367332698053 0.014573327947015248 0.021425833574022415 0.002319937679577954 -0.015798429817664213
leaf_weight=146.38153861090541 45.579455800354481 333.00710053555667 321.34618979506195 187.09170237369835 371.07364602573216 676.87997580319643 113.93368001282215 1415.612765789032 1653.0557689908892 104.65041475743055 759.05462590605021 71.935322783887386 109.81918201595545 49.12172444537282 274.30541589483619 462.64356797933578 46.056338608264923 296.40821977891028 2820.3529881406575 21.547376915812492 101.27489693462849 129.53017272800207 49.341236062347889 8107.7291829995811 1369.9233158938587 115.8067077063024 26.148924686014652 44.198782220482826 533.47711213305593 36.431130170822144
leaf_count=763 212 2686 1652 1216 2746 4220 541 7885 9927 549 5318 396 556 274 1472 2246 214 1506 24577 111 602 754 265 54953 7903 585 122 222 2829 188
internal_value=-1.26068e-06 0.00101684 0.00169337 -0.00577983 0.00229455 -0.00107362 0.00315795 0.00412799 0.00364742 -0.000234824 -0.00188902 -0.00043004 0.00244851 0.000162688 -0.000699286 -0.000747915 0.0100041 0.00832041 -0.000846026 -0.000314009 0.000149018 0.013222 -0.00314263 -0.000204197 -0.00352946 -0.00496029 -0.00801566 0.00169107 0.00382144 0.000770905
internal_weight=20793.7 6159.67 5603.14 556.53 5139.84 1047.95 4091.89 3182.6 3068.67 909.284 804.634 14634 1453.71 1047.48 998.363 13180.3 117.992 406.227 13062.3 10242 8801.18 230.805 1440.81 8570.37 1419.26 463.302 347.495 724.057 577.676 223.523
internal_count=137490 37847 33757 4090 31398 6966 24432 18353 17812 6079 5530 99643 7622 5560 5286 92021 610 2062 91411 66834 58555 1356 8279 57199 8168 2359 1774 3814 3051 1404
is_linear=0
shrinkage=0.03


Tree=176
num_leaves=31
num_cat=0
split_feature=0 89 57 47 51 62 0 1 85 16 64 86 84 3 1 28 47 47 44 64 71 55 30 76 69 23 49 78 51 50
split_gain=9.97805 12.2849 13.5658 11.9755 14.8968 15.4616 17.4191 14.1772 18.6211 15.6455 14.3117 14.026 22.1584 20.6888 30.7061 19.5241 19.8212 18.8083 19.2463 19.2176 18.2768 16.7165 16.078 14.2678 12.0941 11.9519 14.2279 13.1043 15.5717 13.6984
threshold=-0.066281701391200196 -0.70710678118654757 49.99999984250001 0.051428571428108576 0.048694355642103573 10.048641447467277 -0.027376441687138261 -0.053365695792880245 0.043859976261558423 0.49999999997821976 4.7859480911340855 13.500000000000002 0.071459057374550342 0.027817460317460244 0.012836991628765395 0.55072463767700908 0.010204081632106414 0.028375733855040153 0.36038952197761592 -0.048371525403785913 0.11257501822194027 4.3478260867580341 -0.0038206024725954686 0.022393275650573381 1.1468411834735333 1.0904954234960116 0.011520737326910216 0.098347553534468071 0.03986354998668596 0.41071428571428575
decision_type=8 2 10 10 8 2 10 10 8 10 2 2 10 10 10 10 8 10 2 2 10 10 2 10 10 10 10 8 10 10
left_child=1 2 -1 11 7 6 -6 -5 24 -10 -11 12 25 14 15 16 -13 19 22 -15 -16 -17 -19 -21 -9 27 -27 28 -2 -29
right_child=3 -3 -4 4 5 -7 -8 8 9 10 -12 13 -14 17 20 21 -18 18 -20 23 -22 -23 -24 -25 -26 26 -28 29 -30 -31
leaf_value=0.020096205771694835 0.00054886175133037095 0.00011021779382945824 0.00095906730230287563 0.0059775620968243858 0.015953402690661558 0.015087583096595634 -0.005047050047340902 0.010633813292508917 -0.0040539997011147608 -0.019110593060938669 -0.0021270843372401295 -0.0021424398991888426 0.0063032155401204692 0.019991525174748115 -0.014299157157873338 -0.018975110105464488 0.0019789762419907477 0.018851781012029219 0.016653257114895282 0.0035352915731628855 -0.0028772311004175632 -0.0010539890393077972 -0.0044497775086873468 0.013703935774357382 -0.0089236082825533119 0.01729714515479383 0.0016682795910697757 0.00044005416348046408 -0.0068113887560070259 -0.00301841393945228
leaf_weight=78.352628942579031 4085.5293423570693 180.79814857244492 58.259187676012516 78.598719246685505 42.078614786267281 64.043323844671249 201.87001495063305 72.528435528278351 205.85978231392801 195.34388046339154 58.685028336942196 1301.1625088863075 394.14321842975914 87.540957534685731 171.12201097421348 79.099508006125689 5418.1080814860761 27.603265307843685 50.176189515739679 725.76464546844363 478.02194657362998 114.05786237493157 385.84082516282797 149.62000150606036 45.361970730125904 62.249084055423737 311.6081450805068 1385.6066174134612 275.17104596830904 4004.5738672018051
leaf_count=412 30370 887 287 447 239 359 1272 435 1268 1235 312 9530 1983 435 1480 397 33183 137 243 4079 3660 596 2227 801 263 390 1998 8737 1838 27990
internal_value=-1.17206e-06 0.00526855 0.0120231 -8.32793e-05 -0.00334497 0.00208647 -0.0013621 -0.00589742 -0.00752557 -0.0102494 -0.0152226 7.79787e-05 -0.00066543 0.000948308 0.000322491 0.000909001 0.00118023 0.00426088 -0.000697092 0.00664935 -0.00591016 -0.00846822 -0.0028451 0.00529038 0.0030715 -0.000937603 0.00431777 -0.00113983 8.22687e-05 -0.0021289
internal_weight=20788.8 317.41 136.612 20471.4 964.37 307.992 243.949 656.378 577.779 459.889 254.029 19507 10518.9 8988.12 7561.57 6912.43 6719.27 1426.55 463.62 962.926 649.144 193.157 413.444 875.385 117.89 10124.7 373.857 9750.88 4360.7 5390.18
internal_count=137490 1586 699 135904 5830 1870 1511 3960 3513 2815 1547 130074 73306 56768 48846 43706 42713 7922 2607 5315 5140 993 2364 4880 698 71323 2388 68935 32208 36727
is_linear=0
shrinkage=0.03


Tree=177
num_leaves=31
num_cat=0
split_feature=76 50 75 37 50 33 44 47 53 37 47 16 45 47 40 73 33 21 31 37 55 36 77 24 51 77 13 52 28 7
split_gain=10.0028 15.8681 10.6966 22.9073 18.4975 20.2744 21.6236 24.6845 22.6476 19.3682 18.8644 15.1574 22.4478 37.1735 28.4312 28.9951 40.1867 26.7644 77.5287 21.9174 21.5462 20.1306 18.2157 16.8193 32.722 47.4592 25.0812 19.4011 36.6212 17.4283
threshold=0.189768214815321 33.767857142857146 0.013270097608829296 7207.7666550855165 0.48214285714285721 60.049800199688541 -0.023482838223036203 0.035036759035189831 0.013970299548165975 29.959176522290111 0.02973333027071523 0.59374999999165046 -0.057624667936861766 0.0089285714284086694 0.0070526671513275749 20.460307077075029 37.073519230049811 0.067226890749576232 170.58979709922411 12.251970673216716 99.999999965833339 0.20923056870297055 0.0056827236092318071 0.032482294403404818 0.011363636363248969 -0.0018367778889081471 0.57142857136734704 0.0058674711932156414 0.057142857142380959 0.021978021973810605
decision_type=10 10 8 2 8 2 2 8 10 2 10 10 2 8 2 2 2 8 2 2 10 2 10 8 10 8 10 8 10 10
left_child=2 -2 11 4 -4 9 8 -8 -7 -6 -11 20 13 -13 15 16 -14 18 -16 -15 23 -19 -21 24 25 -1 -26 28 -25 -29
right_child=1 -3 3 -5 5 6 7 -9 -10 10 -12 12 14 19 17 -17 -18 21 -20 22 -22 -23 -24 27 26 -27 -28 29 -30 -31
leaf_value=-0.014864615083086606 -0.0029693547581228718 -0.024916853422685726 0.011506244841538527 -0.017685896572081885 0.0085880298472624916 -0.010553037840176669 0.0063178077519247802 -0.00098728457712298585 0.0021093654748563983 -0.015743944169403071 0.0042214323002870589 0.026163625017755099 0.0036547195654950855 -0.030054793022744872 -0.009777561200405677 0.0052173390347163518 -0.011682140727346607 -0.0025020990238406415 0.032224900545352507 0.0046787103505562463 0.031241102921074317 0.0036465669705972215 -0.016501718397095966 0.020611634565782584 0.011795823793851086 0.0032405801202985891 -0.0041574509598907563 -0.00011845427451288565 -0.019081938373456685 0.0077520609114901506
leaf_weight=163.66697754897177 272.81247449479997 32.407702334225178 176.64879018627107 52.476009577512741 61.222973510622978 211.23178346827626 1255.6776013728231 621.20050144195557 315.66628679819405 157.74428998120129 57.424635646864772 60.967264514416456 193.3833882138133 18.104733496904373 78.549551203846931 162.246925432235 736.87644550204277 2873.4370186142623 77.787533026188612 402.10887241736054 19.319700505584478 573.84770617634058 39.163352278992534 24.996030312031507 475.28010523691773 623.20103625953197 108.13768926076591 10572.981471948326 107.14206938818097 258.42176268436015
leaf_count=1624 1865 203 902 322 280 1489 7828 3554 1961 1173 410 292 1031 114 1086 1056 7891 17449 621 2667 111 3369 257 203 3067 6690 1178 66545 800 1452
internal_value=-1.11682e-06 -0.00538325 7.92117e-05 0.0017639 0.00212829 0.00150501 0.00239126 0.00389917 -0.00297164 -0.00617269 -0.0104068 -0.000199665 -0.00155559 0.00434907 -0.00221127 -0.00644884 -0.00849018 -0.000924309 0.0111742 0.00139685 0.000372752 -0.00147694 0.00275908 0.000321628 0.00345402 -0.000535544 0.00883166 -6.98816e-05 -0.0114523 6.97463e-05
internal_weight=20784.1 305.22 20478.9 2909.29 2856.82 2680.17 2403.78 1876.88 526.898 276.392 215.169 17569.6 5216.47 520.344 4696.13 1092.51 930.26 3603.62 156.337 459.377 12353.1 3447.28 441.272 12333.8 1370.29 786.868 583.418 10963.5 132.138 10831.4
internal_count=137490 2068 135422 17919 17597 16695 14832 11382 3450 1863 1583 117503 35833 3330 32503 9978 8922 22525 1707 3038 81670 20818 2924 81559 12559 8314 4245 69000 1003 67997
is_linear=0
shrinkage=0.03


Tree=178
num_leaves=31
num_cat=0
split_feature=11 8 13 8 29 85 14 71 62 37 18 45 40 26 19 53 46 63 8 18 18 48 24 64 52 53 35 87 68 22
split_gain=9.8968 14.3642 28.9267 22.3369 21.3209 19.6151 18.0591 15.6136 22.5953 20.25 16.7546 17.5928 31.1596 22.4423 14.8664 15.4101 17.2176 14.5749 13.8476 14.3797 22.0234 17.0785 16.0718 15.5167 15.652 13.634 12.8337 12.4123 12.2902 12.8235
threshold=0.49999984604972847 0.017857142857009994 0.056079664569634889 0.018749999999912115 55.414712542293785 0.13735669592973529 -0.18125000000383781 4.2429926079114404 1.2589551080011925 34.491647613629972 -1.1805556532351599e-10 -9.1497872891033158e-05 -0.043296557505391735 0.098527331123207454 0.84615384610502964 0.011221168460719967 51.500000000000007 -0.18367978926375592 0.0099009900989363801 -1.9803825246356152e-11 0.0068965517217074454 1.0000005449567524 0.022535341912040398 -0.089847087032296033 0.010955624220770649 0.003084231693103148 42.94691126419454 2.5000000000000004 -99.999999994590624 0.2499999999916295
decision_type=10 10 10 10 2 10 10 10 2 2 8 2 2 10 8 10 10 2 10 10 10 10 10 2 8 10 2 2 8 8
left_child=1 5 3 -3 26 7 -7 10 17 -10 -1 12 -12 -13 15 16 -6 -9 -2 23 -21 -22 -23 -20 -25 -24 -4 -17 -5 -30
right_child=18 2 4 28 14 6 -8 8 9 -11 11 13 -14 -15 -16 27 -18 -19 19 20 21 22 25 24 -26 -27 -28 -29 29 -31
leaf_value=0.021809225167656671 -0.0027676140620917903 -0.014973797790686269 0.022936662894313325 -0.0064552438577148413 -0.0077699536541560128 -0.002530552981425955 0.023870874731221563 0.0018966421958841375 -0.029491351421829837 0.0016995862189426261 0.00089735221623377191 0.0029481909903203533 -0.0038377815341029157 -0.00059467966448758537 0.0015881569825819189 -0.0002442975241164573 0.0061190830493583741 0.015818983115684832 0.02642388541733981 -0.010400407029667326 -0.014100060685290331 0.019830283544007444 0.016376076115310459 0.026169636592235597 -0.001043773833840019 0.0019611816060514423 -0.021654404364717012 -0.0047963767481337361 0.010913352671021191 0.0025231625408163208
leaf_weight=30.423046339303255 610.21296794340014 53.839689210057259 5.4419760107994071 76.482538536190987 863.70813601277769 37.569052241742611 58.922464577481151 112.66167630627751 24.355020113289356 70.773337569087744 2501.0435894876719 2768.2093900982291 2498.7672109305859 3838.2334036324173 684.53256530500948 1447.9214995726943 87.574973329901695 171.66999904066324 42.180630594491959 128.41797756776214 55.432620208710432 46.753210470080376 59.421669118106365 23.454667247831821 84.483523048460484 2794.8950057066977 72.006658563390374 859.44022678025067 289.43809048831463 381.09237485378981
leaf_count=304 3853 321 112 361 6736 255 499 607 120 358 14899 19220 21124 20033 4230 10352 540 1014 242 800 484 365 397 153 501 17639 2274 6279 1476 1942
internal_value=-1.32418e-06 -0.00031347 -0.00169824 0.00350365 -0.00273574 0.00023759 0.0136402 0.00012859 0.00610911 -0.00647851 -6.66791e-05 -0.000126154 -0.00146883 0.00088961 -0.0024261 -0.00327051 -0.0064831 0.010339 0.00137228 0.00215471 0.00171034 0.00224074 0.00255876 0.0111948 0.00502803 0.00226795 -0.0182305 -0.00194249 0.00485762 0.00616016
internal_weight=20779.4 16934.1 4821.48 800.853 4020.63 12112.6 96.4915 12016.1 379.46 95.1284 11636.7 11606.3 4999.81 6606.44 3943.18 3258.64 951.283 284.332 3845.25 3235.04 3084.92 2956.5 2901.07 150.119 107.938 2854.32 77.4486 2307.36 747.013 670.53
internal_count=137490 113056 34623 4100 30523 78433 754 77679 2099 478 75580 75276 36023 39253 28137 23907 7276 1621 24434 20581 19685 18885 18401 896 654 18036 2386 16631 3779 3418
is_linear=0
shrinkage=0.03


Tree=179
num_leaves=31
num_cat=0
split_feature=74 74 45 77 77 26 46 77 26 76 26 76 16 41 50 37 37 37 47 22 18 87 35 42 41 20 28 19 57 16
split_gain=9.84549 18.6195 22.7552 20.9618 17.6369 19.2118 46.2138 24.4818 23.108 21.2647 16.7599 15.5518 20.3481 28.5617 17.6678 16.4416 12.9889 13.5698 12.9184 15.3266 24.2564 25.4604 36.3402 27.9978 23.8376 28.002 24.0037 18.6543 16.7201 14.7516
threshold=3051552550.0000005 998118850.00000012 -0.033556368118047235 0.0003499789648061309 -0.0067813506063913913 0.072916666666097016 2.8824255807059154 0.0013034700251388276 0.075187969924600043 -0.0010014670676951436 0.37593984962194027 0.00021855176339334367 0.33333333325000003 -0.0066379249600969628 1.9777175358363561 123.19735588102763 106.78561562470094 88.129482626868736 0.051428571428108576 0.69999999994750006 0.019837055269254614 3.5000000000000004 127.60735894486113 0.34940817639436789 0.089683671907053855 -0.088983050848499931 0.057142857142380959 0.99999999996609212 79.999999869333351 0.46153846152248529
decision_type=2 2 2 10 10 10 10 10 10 10 10 10 10 2 10 2 2 2 10 10 10 2 2 2 2 8 10 10 10 10
left_child=1 18 3 -3 -4 6 7 -6 -7 -8 -10 14 13 -13 -2 16 17 -14 19 24 -21 23 -23 -22 25 28 -27 -26 -1 -20
right_child=11 2 4 -5 5 8 9 -9 10 -11 -12 12 15 -15 -16 -17 -18 -19 29 20 21 22 -24 -25 27 26 -28 -29 -30 -31
leaf_value=0.00052024080129287433 -0.028961343182941451 0.034393171203117967 -0.022280961564280291 0.0045753937170506997 0.014565790795071205 -0.028839350507524317 0.0082541323750856231 -0.01272373521208478 0.0010665911501535677 0.046518462455760398 0.019035249322035614 -0.0078894213809854539 0.0099509871912965998 0.032634750898949683 -0.0061606607172762246 -0.0097003993841011001 0.019879717385902659 -0.019699434771506787 0.00025517537382499798 0.029951452704049801 0.00070484611168329702 -0.0014462071507504093 0.012780330033922203 -0.02739016966118062 0.023034001583252167 0.00062420242152206424 -0.0038877614994560954 -0.0085505373917585756 -0.0252841297418042 -0.0072669519444025169
leaf_weight=9258.841729754582 35.01735145971179 39.525039561092854 23.980994381010532 45.852977771311998 59.283018104732037 21.225028177723289 20.597986169159412 57.074047908186913 775.37203620374203 38.511886984109879 48.770443543791771 26.238147815689445 31.192823236808181 36.313401710242033 214.86360663548112 143.80562772974372 37.277975633740425 23.40465185046196 462.58496732078493 26.16580374352634 3317.4435645751655 275.8497727829963 387.33746505156159 31.230232484638691 65.620974529534578 1595.4416117360815 3160.2645292244852 21.763335481286049 21.65075821429491 473.48401755653322
leaf_count=58033 305 224 153 283 462 159 113 449 4548 217 255 158 251 215 1357 1020 225 146 2758 182 19321 1661 2138 158 405 14551 24605 111 113 2914
internal_value=-1.30666e-06 0.000106142 0.00384596 0.0186524 0.00261649 0.00322554 0.0122315 0.00116014 0.00134044 0.0335936 0.00215534 -0.00396508 0.000653992 0.0157324 -0.00947052 -0.00338483 0.00646616 -0.0028312 -0.000115212 6.18505e-05 0.00169163 0.00149915 0.00686508 0.000433833 -0.00040399 -0.000501959 -0.00237365 0.0151261 0.000457 -0.00355017
internal_weight=20776 20227.9 1130.19 85.378 1044.82 1020.83 175.467 116.357 845.368 59.1099 824.142 548.114 298.233 62.5515 249.881 235.681 91.8755 54.5975 19097.7 18161.6 4038.03 4011.86 663.187 3348.67 14123.6 14036.2 4755.71 87.3843 9280.49 936.069
internal_count=137490 133813 6863 507 6356 6203 1241 911 4962 330 4803 3677 2015 373 1662 1642 622 397 126950 121278 23460 23278 3799 19479 97818 97302 39156 516 58146 5672
is_linear=0
shrinkage=0.03


Tree=180
num_leaves=31
num_cat=0
split_feature=87 40 28 40 14 5 15 11 35 77 39 43 82 51 22 30 17 40 77 14 61 20 74 45 19 50 29 58 43 29
split_gain=9.8793 23.3639 44.5882 24.4413 20.2771 18.1368 20.5979 16.9451 21.7111 31.4053 20.8832 18.4982 20.4791 15.9648 29.3619 22.9445 35.5262 25.3997 32.459 23.382 20.3451 18.6675 21.0697 25.9594 30.1688 17.7957 30.26 32.8283 37.2339 30.4055
threshold=2.5000000000000004 0.16971530108906799 0.13999999999790003 0.21310267886513726 -0.20175438596848336 0.2354481059439483 0.23302069146861695 0.33333189646157563 372.50011183000998 -0.071818377116804083 125.76162468689354 -0.0068598427640273454 -0.00089062023560496149 0.0065610545076010959 0.78431372547866218 -0.00023367883925229369 -0.10746493660697141 1.0000000180025095e-35 0.0015445432470227339 -0.08450704226319182 0.072533871643597828 -0.30834094582671639 -146389599.99999997 0.07976276668931094 0.78571428571344393 0.44642857142857145 84.244844732299597 -0.013063362856021386 -0.029938560728276661 101.54331113927503
decision_type=2 2 10 2 10 10 10 8 2 8 2 2 8 8 10 2 10 2 10 10 10 8 2 2 10 8 2 8 2 2
left_child=13 5 3 -3 -4 6 7 11 10 -10 -9 12 -2 14 15 19 -17 18 -18 -1 25 -22 23 24 -23 -15 27 -27 -29 -28
right_child=1 2 4 -5 -6 -7 -8 8 9 -11 -12 -13 -14 20 -16 16 17 -19 -20 -21 21 22 -24 -25 -26 26 29 28 -30 -31
leaf_value=0.00987116064210471 -0.0039820685964291292 0.045242124908535152 -0.014706927031854446 0.0090052641409523269 0.0023971792891578228 0.019131590798151583 -0.017166389800763984 -0.00015577080718516735 0.037426785974611403 0.0026171045001251348 -0.0056298217558312788 -0.0056893535428293738 0.0057150964863242632 0.0053868315019379095 0.013229572423415542 0.024909069639821757 -0.0069018650927489449 -0.031308735012118796 0.043070127171198784 -0.026082880509861808 -0.020411158441984541 0.023229339656492539 -0.0020717089059142601 0.022787076485759537 -0.017311142327197972 0.0023918274313279751 0.0071213072893949623 0.0084766590973953376 -0.0071562334718783512 0.0011194413213536211
leaf_weight=19.030124351382256 476.48514695465565 31.543490320444107 64.78446301817894 36.344121661037207 1195.900193464011 36.868154838681221 75.497537022456527 2401.0154640935361 22.918588794767857 986.84698615968227 848.62391857244074 1416.2700668629259 331.48626678436995 877.21438146755099 64.233610993251204 33.22155848890543 161.07287583313882 34.215620379894972 11.604262202978132 92.316353157162666 46.299647994339466 24.588664423674345 2266.1256729885936 69.325348056852818 45.574108891189098 834.96792613901198 866.76559456065297 155.14742240309715 1123.2178781935945 6123.4788197763264
leaf_count=86 3591 147 344 213 6421 204 434 15337 134 5715 5621 12116 2732 4487 329 184 2318 284 129 687 255 145 12658 454 254 5182 5877 922 10639 39591
internal_value=-1.35579e-06 -0.00083449 0.00279287 0.0262983 0.00150489 -0.00156588 -0.00168558 -0.00150223 -0.000392897 0.00344639 -0.0015875 -0.00362412 0 0.000512293 -0.00526307 -0.00867928 -0.00341277 -0.00807289 -0.00329772 -0.0198781 0.000706044 -0.00174144 -0.00137253 0.00989881 -0.00293473 0.00130772 0.000913777 -0.00223052 -0.00525148 0.00186499
internal_weight=20773 7924.58 1328.57 67.8876 1260.68 6596.01 6559.14 6483.65 4259.4 1009.77 3249.64 2224.24 807.971 12848.4 415.694 351.461 240.114 206.893 172.677 111.346 12432.7 2451.91 2405.61 139.488 70.1628 9980.79 9103.58 2113.33 1278.37 6990.24
internal_count=137490 53009 7125 360 6765 45884 45680 45246 26807 5849 20958 18439 6323 84481 4017 3688 2915 2731 2447 773 80464 13766 13511 853 399 66698 62211 16743 11561 45468
is_linear=0
shrinkage=0.03


Tree=181
num_leaves=31
num_cat=0
split_feature=31 14 83 65 47 27 71 85 84 18 86 45 25 22 45 73 56 27 63 51 29 46 35 26 64 21 39 76 45 20
split_gain=9.82569 25.6867 25.0103 24.3318 24.772 14.966 10.0038 22.8595 22.9139 18.1127 17.1659 15.9518 24.8172 53.5124 30.2056 29.9695 23.9944 22.5612 16.1912 34.7539 25.6704 54.9507 34.4855 24.8975 17.2674 13.9589 17.5105 16.5643 13.7821 13.1159
threshold=7713.0826444125305 -0.051948051957286183 -0.0015996526710103964 -0.00038241260141609769 0.013880855986110717 0.55084745762641851 1.4693884617628812 0.033993679677993806 -0.043332805405976109 -1.1805556532351599e-10 9.5000000000000018 -9.1497872891033158e-05 0.47058823528166099 0.74999999994531263 -0.051874507180913347 18.455678137525421 38.461538429127238 0.99999999925000005 -3.9143321594654052 0.012834821428421022 6283.0732178662738 60.071428571428577 3737.211931452282 0.064516129032067313 -4.8821366624639655 -2.8991531397792866e-11 125.76162468689354 -0.037195620775096486 -0.072643504476067752 -0.17415730337426613
decision_type=2 8 8 2 8 10 10 10 10 8 2 2 8 10 2 2 10 8 2 8 2 10 2 10 2 8 2 10 2 10
left_child=6 -2 -3 4 5 -4 9 8 28 -1 -9 12 13 16 17 -16 -11 -14 19 23 22 -22 -20 -13 -21 -10 27 -27 -8 -28
right_child=1 2 3 -5 -6 -7 7 10 25 11 -12 18 14 -15 15 -17 -18 -19 20 24 21 -23 -24 -25 -26 26 29 -29 -30 -31
leaf_value=0.024733593311433714 -0.018767310470836275 0.031541644664309615 0.0050264331365157105 -0.012876910671945527 -0.015120653647599873 0.04202779048664073 0.014496006899473092 -0.010177395911808879 -0.0070876345681090847 -0.0025207922733368241 -0.0002212244797559444 -0.029786210196270153 -0.00015193838388263456 0.037054551287896427 -0.0076606542226886421 0.0011230111750332385 0.0020357332779596068 0.019484914262021764 0.00099124335255440597 0.0060448967310957509 0.057286692275753469 0.0050062812496976241 -0.012154197196184822 0.0036498773596553864 -0.0039098396952207352 -0.0077127992033847841 0.012738369423597018 0.0095883759706895545 -0.0034892430447807173 0.0010101992032556751
leaf_weight=25.07519456371665 88.947253406047821 20.200923845171928 18.839394763112068 91.86948262155056 19.957578882575035 20.831343285739422 40.547713793814182 174.0355957839638 81.001843944191933 2063.1347635686398 1429.4650539178401 68.839659314602613 802.87887873128057 33.946453616023064 1499.4905271762982 454.74754447303712 2095.3567577861249 55.332392828539014 8370.8953641168773 212.50833343714476 21.189745165407658 100.30056707561016 182.52450120449066 27.6153160110116 588.8329233340919 52.107218012213707 96.618359282612801 818.84027384594083 492.43480955064297 719.19703420624137
leaf_count=259 563 109 129 572 124 111 202 1201 400 13940 9489 501 5283 196 13782 3119 14821 273 52731 1152 133 597 994 169 3317 292 529 5506 2462 4534
internal_value=-1.31139e-06 -0.00577833 0.00100286 -0.00322968 0.0115516 0.0250855 7.22472e-05 0.00143855 0.00335473 -0.000248935 -0.00130935 -0.000288394 -0.00137629 8.56799e-05 -0.00355593 -0.00561565 -0.000224218 0.00113184 0.000507429 -0.00332482 0.000904725 0.0145425 0.000708989 -0.0202434 -0.00126195 0.0049985 0.00558454 0.00854218 -0.00209078 0.00241675
internal_weight=20767.6 260.646 171.699 151.498 59.6283 39.6707 20506.9 3904.25 2300.75 16602.7 1603.5 16577.6 7004.89 4192.44 2812.45 1954.24 4158.49 858.211 9572.71 897.796 8674.91 121.49 8553.42 96.455 801.341 1767.76 1686.76 870.947 532.983 815.815
internal_count=137490 1608 1045 936 364 240 135882 24615 13925 111267 10690 111008 51414 28957 22457 16901 28761 5556 59594 5139 54455 730 53725 670 4469 11261 10861 5798 2664 5063
is_linear=0
shrinkage=0.03


Tree=182
num_leaves=31
num_cat=0
split_feature=77 49 31 50 21 49 15 18 18 52 18 7 77 49 21 22 74 17 74 17 62 45 26 83 82 17 52 26 77 68
split_gain=9.696 47.8216 28.783 45.7546 30.3697 37.0091 35.4777 23.339 20.4264 18.9494 18.0866 16.3805 16.2389 13.7214 58.5423 30.4222 35.8924 38.235 28.567 52.5743 51.3659 47.7363 37.8279 30.748 27.3618 82.0777 31.589 19.7128 20.8057 36.6404
threshold=-0.033631625928958811 0.0092024539876877209 4317.367551449247 90.250000000000014 -1.9803825246356152e-11 0.016806722688894386 0.020942408372954472 -1.7095214133178157e-11 0.029239766077357236 0.01549428505047573 -1.1805556532351599e-10 -4.0833336711898476e-11 -0.053224996299095238 0.012388737178270345 0.041184826202226306 0.2499999999916295 -870199.99999999988 -0.035714285715208176 29108600.000000004 -0.11764705886245667 -8.6433594234045454 -0.026446379771028091 0.070588235293494825 0.0049190699139351384 -0.00099303098381493446 -0.13793103448758906 0.006687591021921604 0.019607843136966552 0.00019099990123236116 -99.999999999378858
decision_type=8 10 2 10 10 10 10 10 10 10 8 10 10 8 10 10 2 10 2 10 2 2 10 10 10 8 8 8 10 8
left_child=1 9 3 4 5 12 7 -6 -8 -1 -2 -7 -3 14 15 24 -17 -18 19 22 -20 -22 -16 -21 26 -26 -12 -15 29 -29
right_child=10 2 -4 -5 6 11 8 -9 -10 -11 13 -13 -14 27 18 16 17 -19 20 23 21 -23 -24 -25 25 -27 -28 28 -30 -31
leaf_value=-0.030122408641176723 0.024088947162699558 0.036833448887684542 -0.026830931308554053 0.039251819977938078 0.01801335038734728 -0.014585612312753534 0.022149138645108417 -0.017002878468714896 -0.00080756720575234954 0.00039736128273218385 -0.022034401407523798 0.012220506987183017 0.0053177211491861479 -0.024637267804317166 0.044477340904729795 -0.01898798875377394 -0.017815372231462057 0.014969270287318277 -0.030017648320182302 0.0026296141431894097 -0.014803521422344385 0.018770549695978939 0.011321799748441856 -0.014354457193040742 0.05497532071965136 0.0010450293651457787 -0.0026095525676433401 -0.017565918858111384 -0.0012772064684426923 0.0011440650091402921
leaf_weight=73.974377991631627 27.344750616699457 47.692890431731939 35.274118967354298 25.505839556455612 17.941917017102242 44.543576616793871 37.125502936542034 188.3984670881182 407.71646400913596 23.935927987098694 90.395846586674452 36.294707749038935 21.971129644662142 28.873438127338886 38.087339468300343 190.19795387238264 53.546313215047121 76.47425933368504 23.388542540371418 1501.1884640194476 42.188705004751682 332.13997553288937 157.63898287713528 101.45220655947924 25.133144862949848 911.6062211021781 434.31894825585186 94.405812874436378 8297.8012652378529 7377.3921791613102
leaf_count=623 294 299 214 131 89 256 242 1274 2548 114 715 248 142 652 192 2232 520 838 136 9596 276 2150 702 563 120 8859 2563 468 53019 47415
internal_value=-1.25269e-06 -0.00294363 -0.000673376 0.000469496 -0.000808001 0.011288 -0.00362127 -0.0138714 0.001147 -0.0227024 0.000141428 -0.0025113 0.0271522 0.000106948 0.00168167 -0.00235711 -0.010717 0.00141176 0.00495925 0.00334401 0.0122287 0.0149492 0.0179822 0.00154432 -0.000517255 0.00255229 -0.00599725 -0.000289428 -0.000243099 0.000904945
internal_weight=20763.9 960.375 862.465 827.19 801.685 150.502 651.182 206.34 444.842 97.9103 19803.6 80.8383 69.664 19776.2 3977.76 1781.67 320.219 130.021 2196.08 1798.37 397.717 374.329 195.726 1602.64 1461.45 936.739 524.715 15798.5 15769.6 7471.8
internal_count=137490 6180 5443 5229 5098 945 4153 1363 2790 737 131310 504 441 131016 29462 15847 3590 1358 13615 11053 2562 2426 894 10159 12257 8979 3278 101554 100902 47883
is_linear=0
shrinkage=0.03


Tree=183
num_leaves=31
num_cat=0
split_feature=74 74 62 53 76 20 15 24 44 77 21 48 22 83 74 53 83 74 74 24 76 51 30 24 48 55 36 70 35 74
split_gain=9.40548 17.5035 23.222 19.6158 21.3999 33.088 17.3883 16.6736 17.093 23.994 33.1064 30.7177 16.321 16.2755 16.2469 32.939 15.3122 17.6812 15.31 35.1513 32.5182 16.453 16.8028 23.9726 15.8776 15.5941 29.3882 20.8682 14.8588 21.5315
threshold=3051552550.0000005 950225950.00000012 -0.58930685478399158 0.022755283790803431 -0.00056490020655193139 -0.1604938271669715 0.028985507235192224 0.044431297101203825 0.051701344787920663 8.2372846762118285e-05 0.098901098894859776 2.8000000544956758 0.3888888888726853 -0.00047095258229904824 868090800.00000012 0.017377374773500837 0.00054515241730575725 1128383312.0000002 768322650.00000012 0.032744279475414494 -0.0031410440769932785 0.040399164548799986 -0.0032501483402820326 0.42644439761317582 5.4323629651750851 33.333333325909095 -0.018692120883450177 9.133111651312591 122.54506861860527 4579953250.000001
decision_type=2 2 2 10 10 8 10 10 2 10 10 10 10 10 2 10 10 2 2 8 8 10 2 10 10 8 2 10 2 2
left_child=1 14 3 4 5 12 -6 -4 9 10 -9 -11 -3 -7 18 -16 17 -10 21 -20 -21 25 -23 -24 -22 27 -27 -1 29 -2
right_child=28 2 7 -5 6 13 -8 8 16 11 -12 -13 -14 -15 15 -17 -18 -19 19 20 24 22 23 -25 -26 26 -28 -29 -30 -31
leaf_value=-0.001336246757818802 -0.0074063176083821571 0.0096530927077684934 -0.011542203431952877 -0.0037985804994477537 0.033923383502581651 -0.017274499439257442 0.011206806836771332 0.0065591098460291205 0.0087519055712829454 -0.0071385619460467738 0.048255793387845095 0.017715037969474767 0.04067149263958221 0.0081149808240203094 -0.018906057852836701 0.0090211550243731887 0.0016420015578320576 -0.01964590394473844 0.045611512923282242 0.027910318153947983 0.0054322174700465881 -0.00064752949086513368 -0.01040320395261657 0.0074405564640834098 -0.012822288412673993 0.0039194919485532158 2.3972637643618598e-05 0.017106847980706399 -0.0077335629379068349 0.011847108831901512
leaf_weight=5734.208946896717 101.18424190580845 39.076761174947023 85.532398533076048 71.906739193946123 63.003949854522943 48.4826151560992 61.413408763706684 43.536021949723363 26.773088660091162 109.81315933912992 27.897237431257963 74.039221506565809 25.399406794458628 41.008144747465849 110.38328398019075 56.794537642970681 435.90520341694355 68.118079969659448 18.980200005695224 40.583144024014473 111.60937771201134 796.98215426877141 431.83762011677027 79.39344123005867 68.204163797199726 2141.9869847055525 9345.4688960267231 54.735278144478798 339.8523381203413 105.93333860486746
leaf_count=37056 724 212 637 416 358 304 381 319 163 862 163 419 130 238 723 337 2392 396 106 246 846 4740 3049 461 387 13042 65101 329 2294 659
internal_value=-1.40669e-06 0.000103579 0.00358251 0.0100954 0.0136957 0.00612825 0.022913 0.000953063 0.0023294 0.00869285 0.023326 0.00289569 0.0223527 -0.00564579 -0.000120277 -0.00940341 -0.000736035 -0.0115946 -3.71779e-05 0.00748528 0.00399718 -0.000134629 -0.00337718 -0.00761712 -0.00150784 0.000110913 0.000750882 -0.00115842 -0.0038797 0.00243632
internal_weight=20760 20213.1 1221.91 350.291 278.384 153.967 124.417 871.614 786.082 255.286 71.4333 183.852 64.4762 89.4908 18991.2 167.178 530.796 94.8912 18824 239.377 220.397 18584.6 1308.21 511.231 179.814 17276.4 11487.5 5788.94 546.97 207.118
internal_count=137490 133813 7390 2039 1623 884 739 5351 4714 1763 482 1281 342 542 126423 1060 2951 559 125363 1585 1479 123778 8250 3510 1233 115528 78143 37385 3677 1383
is_linear=0
shrinkage=0.03


Tree=184
num_leaves=31
num_cat=0
split_feature=0 14 47 51 86 84 0 71 7 83 65 2 64 50 18 77 71 0 74 74 28 85 16 10 54 67 69 18 7 52
split_gain=9.36271 10.7602 10.6087 14.6914 13.5982 24.3863 26.5836 26.3319 15.3243 17.1108 16.7878 18.5801 14.6546 22.5113 17.2644 13.9115 13.8758 13.777 13.575 17.7536 13.1028 12.9467 19.4356 13.3981 12.7247 12.4798 12.2468 11.4636 18.6087 13.7337
threshold=-0.066281701391200196 -0.22654985841451566 0.052795031055039833 0.048694355642103573 14.500000000000002 -0.0099996323799720326 -0.0048769676526552721 0.077838679418948023 -0.0056497175183376483 -0.0056528210253455882 -0.0068973322142190921 0.081113332903309035 1.7046420807511682 34.660714285714299 -1.1561085422329141e-11 0.0076749321048380425 0.042196568117667539 0.013245038027973057 102945400.00000001 19705700.000000004 0.10937499999871828 0.043859976261558423 0.49999999997821976 0.24466891133557803 1.1442788916653543 87.830687820021851 0.0012911021820045867 1.0165764959355927 -3.4129366000001933e-12 0.049194580302113614
decision_type=8 8 10 8 2 10 10 10 8 8 2 10 2 10 10 10 8 10 2 2 10 8 10 10 10 10 10 8 10 10
left_child=1 -1 4 21 8 17 16 26 -2 12 11 -11 14 -14 -10 -12 -7 18 19 -6 -20 23 -23 -4 -25 -19 -8 28 29 -5
right_child=2 -3 3 27 5 6 7 -9 9 10 15 -13 13 -15 -16 -17 -18 25 20 -21 -22 22 -24 24 -26 -27 -28 -29 -30 -31
leaf_value=-0.0046353148155366015 -0.0029445795331207373 0.0082295149060877277 0.017554349055524145 0.017927892895679715 0.0043995006380032351 0.014222513486580442 0.0078081588997885908 -4.4190265378491672e-05 -0.0080367059359363682 0.0025401121697974298 -0.00012463848479444292 0.02506145998845179 -0.021280572411694024 0.010212430238944321 0.01674120347901149 -0.0031305662852107534 0.0026484235363870654 -0.0079866846951675268 0.01056744818427913 0.012665374208788464 -0.00092168107530159974 -0.0018780751636080838 -0.013936916698394664 -0.023200073761463786 0.004316293368158761 0.01105526745044051 -0.008027074707189821 0.016431737274631906 -0.0096765449281734483 -0.00093141995345552488
leaf_weight=76.233440712094307 1909.0402255989611 239.94421243667603 37.724360939115286 57.920895477756858 871.43820364028215 101.50340705737472 46.325196266174316 2019.6747562009841 29.801419720053673 1124.523699555546 8761.4730011792853 33.025212153792381 33.81168981269002 48.384338364005089 145.12871043197811 1645.576940421015 1062.0274495240301 142.49788065813482 107.62746881134808 320.79243935272098 500.76803076267242 234.24499008990824 248.47126068361104 21.239885162562132 46.195716463029385 38.466585576534271 621.4046781565994 42.359739370644093 107.02942444011569 83.813877731561661
leaf_count=365 13843 1221 217 358 4991 581 344 13462 133 6102 61843 145 185 255 737 11182 5758 1022 730 1827 2659 1423 1534 123 282 191 4561 231 645 540
internal_value=-1.25197e-06 0.00511339 -8.07523e-05 -0.00330306 6.40374e-05 0.00127761 -0.000113361 -0.00175415 -0.000451296 -4.8198e-05 -0.000218941 0.00320632 0.00759067 -0.00280637 0.0124813 -0.000600483 0.00367204 0.00398095 0.00477477 0.00663486 0.00111987 -0.00603037 -0.00810737 0.00346199 -0.00451894 -0.00388405 -0.00691395 0.00219583 -0.000272343 0.00682616
internal_weight=20758.5 316.178 20442.3 879 19563.3 5832.53 3850.94 2687.4 13730.8 11821.7 11564.6 1157.55 257.126 82.196 174.93 10407 1163.53 1981.59 1800.63 1192.23 608.395 587.876 482.716 105.16 67.4356 180.964 667.73 291.124 248.764 141.735
internal_count=137490 1586 135904 5353 130551 36126 24706 18367 94425 80582 79272 6247 1310 440 870 73025 6339 11420 10207 6818 3389 3579 2957 622 405 1213 4905 1774 1543 898
is_linear=0
shrinkage=0.03


Tree=185
num_leaves=31
num_cat=0
split_feature=11 52 45 77 24 51 14 49 37 29 75 39 21 31 45 21 26 49 21 54 37 53 0 77 57 21 26 35 16 22
split_gain=9.47971 13.1908 34.9911 37.9851 24.7677 31.82 28.878 21.7152 30.6534 29.5981 20.9417 21.085 29.9213 26.7361 20.4507 20.9942 18.3181 15.0879 36.405 30.344 23.1566 22.0232 18.8447 14.9586 13.3636 21.1044 18.2213 13.0889 14.1908 20.5341
threshold=0.49999984604972847 0.0088829545530031955 -0.11749957501512708 -0.0019785289625997493 0.031643549499182327 0.017589279017536364 -0.022988505751337648 0.0092024539876877209 50.454061188800559 39.44847340646691 -0.023849898979938628 348.12423947555101 0.21052631574168981 390.56389322719554 -0.03197254779987501 0.030303030290021463 0.019607843136966552 0.012388737178270345 0.037037037021033455 1.388802330610224 7506.358700212143 0.023548117942414504 0.012351546730507425 6.2984876650650894e-05 28.048780484452703 0.012820512810774122 0.047058823528996548 50.67147416952546 0.19999999997000004 0.39999999999380959
decision_type=10 8 2 10 8 8 10 10 2 2 10 2 10 2 2 8 8 8 10 10 2 10 10 10 10 8 10 2 8 10
left_child=1 2 -1 7 5 6 23 8 9 -4 -5 12 -12 -13 -8 -16 -6 18 21 -20 22 -18 -19 -3 25 -9 -26 -2 29 -29
right_child=27 4 3 10 16 -7 14 24 -10 -11 11 13 -14 -15 15 -17 17 20 19 -21 -22 -23 -24 -25 26 -27 -28 28 -30 -31
leaf_value=0.045334169258114947 0.017838432669345965 0.019000904578110222 -0.016851028896417538 -0.015024523234249907 -0.023808533598622481 -0.009573601754554819 0.034737684128208865 -0.015299489516791389 -0.020655853670668124 0.031219012865592644 -0.0030425465582106016 0.025492804897284334 0.017267318181005343 0.0031889885636993574 -0.02332401950496844 0.010406113052903662 -0.0059774918145750295 0.00019583273808108494 0.0031339414072768458 0.015387465477002203 -0.014141534444644411 0.010702558628090825 -0.0029769773073703011 0.04789681187225521 0.0014418322075856584 0.0213211438044516 -0.011524890184799793 -0.0045116632763671704 0.0021967896798902771 0.0060708582954992702
leaf_weight=12.774669924750922 41.840443588793278 42.330692324787378 22.537998683750629 80.71731979213655 28.301544898189604 53.375124171376228 15.95098698325455 20.926737852394581 199.83325596153736 21.601915905252099 1054.0335057657212 53.039245910942554 68.569803901016712 471.88686394691467 25.227842109277848 44.225674543529749 529.05581241101027 10093.994049355388 1166.150528177619 214.98121434822679 109.3176946491003 81.261608485132456 2021.0214378684759 28.325027290731668 157.10862390510738 39.123723510652781 253.73532125726342 713.71396044269204 2876.3068858012557 213.43883204460144
leaf_count=77 285 300 161 622 746 468 120 123 2056 166 10998 406 378 3241 273 461 3425 61442 6389 1111 653 396 15416 199 1352 249 1828 4396 18491 1262
internal_value=-1.21851e-06 -0.000307125 -0.00233938 -0.00260833 3.81178e-05 0.0102552 0.0170738 -0.00841947 -0.0156728 0.00677826 -0.000199408 0.000533772 -0.00178506 0.00549249 0.00518171 -0.00196037 -0.000112606 -6.35483e-05 0.00235699 0.0050532 -0.000458281 -0.00373782 -0.000333408 0.0311336 -0.00462988 0.00846866 -0.00656761 0.00134293 0.00115604 -0.00206832
internal_weight=20754.7 16909.4 2455.89 2443.11 14453.5 209.435 156.06 714.868 243.973 44.1399 1728.25 1647.53 1122.6 524.926 85.4045 69.4535 14244.1 14215.8 1991.45 1381.13 12224.3 610.317 12115 70.6557 470.894 60.0505 410.844 3845.3 3803.46 927.153
internal_count=137490 113056 21657 21580 91399 1821 1353 5935 2383 327 15645 15023 11376 3647 854 734 89578 88832 11321 7500 77511 3821 76858 499 3552 372 3180 24434 24149 5658
is_linear=0
shrinkage=0.03


Tree=186
num_leaves=31
num_cat=0
split_feature=87 62 49 28 83 77 35 50 1 18 26 28 29 20 60 57 20 21 42 47 33 50 62 18 77 22 29 57 44 82
split_gain=9.37591 22.7707 23.4146 33.4718 26.8532 25.6972 21.6272 30.3594 26.1668 25.6092 21.0896 32.5082 31.0779 20.2166 18.6097 28.1578 20.1804 18.415 22.5202 27.7836 20.2667 31.4329 18.2872 26.7007 21.7562 16.6796 15.729 15.3098 22.838 20.0472
threshold=2.5000000000000004 1.6304616976119279 0.01859099804286184 0.10937499999871828 0.005119651258465416 0.02761257158568042 2023.0654012383966 4.2920357840401797 -0.0093312822894293639 0.36935367422460047 0.048780487804382315 0.25782193211917631 1258.4471556090157 -0.25000000000044292 -0.034079522681727085 31.578947349030475 -0.24137931036444701 0.046511627896836168 0.0045959830628584672 0.013793103448249704 3760.2524967354589 12.517857142857144 0.14477818541723766 0.042105263149667567 -0.0043991651996605381 0.88700564971588558 6283.0732178662738 14.285714242857148 -0.0028139654310128655 -0.0051842726682496832
decision_type=2 2 8 10 10 10 2 10 8 10 10 10 2 8 10 8 10 8 2 10 2 8 2 8 8 10 2 8 2 8
left_child=27 2 3 5 10 22 7 8 -4 -10 12 -12 -5 -3 15 -8 -16 -15 19 -19 21 -20 23 -2 -24 -6 -22 28 -1 -29
right_child=1 13 6 4 25 -7 14 -9 9 -11 11 -13 -14 17 16 -17 -18 18 20 -21 26 -23 24 -25 -26 -27 -28 29 -30 -31
leaf_value=-0.014260452925101549 -0.0024447595282248618 -0.018759103374059144 0.0020232075962615379 0.015942308155040514 -0.033053451867484838 -0.026475866281461213 -0.0042304160448100809 -0.0096427730004205129 -0.0060998671717899947 0.018831301175042347 8.2285155806425869e-05 0.011923306160315814 -0.019960729144056596 -0.01922610611206467 0.016321906269447708 0.026383063144959969 -0.014613093711226592 0.041135212726499261 -0.00019417797965355155 0.0037926465271959416 -0.016212221680630731 0.0082196689180615585 0.026122677051983925 -0.01531899085635435 0.00087185275690758023 -0.001627034395650386 0.00018285665926243329 0.0045022468878394041 0.0042516068097343922 0.00027329115618410146
leaf_weight=148.90816960856318 878.23877936042845 40.584679465740919 723.69571744464338 202.48166256770492 28.043813720345497 40.948911167681217 45.008964605629444 732.9455610383302 1102.9330070000142 37.363262075930834 1132.1167206093669 254.97044932469726 23.360883787274361 33.881289783865213 27.005656331777573 65.280339635908604 57.819850534200668 29.203827325254679 977.3530184365809 45.194941200315952 87.79304426908493 674.17514697089791 33.204159976914525 173.0324952788651 304.50000679120421 32.563357524573803 128.50470945984125 1105.2836379874498 99.027527693659067 11485.418030025437
leaf_count=1276 8472 240 4314 1317 129 453 241 4432 8466 194 6745 1257 140 277 143 340 328 182 5740 266 475 3629 300 1428 2572 173 756 5874 1341 75990
internal_value=-1.1853e-06 -0.000813579 -0.00175508 3.73797e-05 0.00291743 -0.00333093 -0.00374782 -0.00447258 -0.0024339 -0.00526455 0.00365937 0.00226805 0.0121437 0.00193677 0.00585681 0.013937 -0.00465403 0.00237261 0.00276063 0.0188417 0.00210875 0.00324154 -0.00262787 -0.00457917 0.00343325 -0.0165177 -0.00650192 0.000499268 -0.00686716 0.000645099
internal_weight=20750.8 7912.2 5895.51 3103.46 1673.54 1429.92 2792.05 2596.94 1863.99 1140.3 1612.93 1387.09 225.843 2016.69 195.115 110.289 84.8255 1976.11 1942.22 74.3988 1867.83 1651.53 1388.98 1051.27 337.704 60.6072 216.298 12838.6 247.936 12590.7
internal_count=137490 53009 41444 22986 9761 13225 18458 17406 12974 8660 9459 8002 1457 11565 1052 581 471 11325 11048 448 10600 9369 12772 9900 2872 302 1231 84481 2617 81864
is_linear=0
shrinkage=0.03


Tree=187
num_leaves=31
num_cat=0
split_feature=77 51 31 50 21 49 15 54 15 51 18 7 18 49 21 74 63 74 17 24 83 74 74 37 74 45 40 29 29 21
split_gain=9.08726 54.9894 25.4149 41.3576 31.0615 39.4058 31.6732 25.8411 23.9352 22.3231 21.9968 19.0316 17.313 12.7605 51.1862 26.5138 61.6648 48.877 47.9867 38.746 31.004 25.2952 66.3876 37.8533 31.3331 28.784 41.6065 19.328 30.3811 29.41
threshold=-0.033631625928958811 0.010687190560952808 4317.367551449247 90.250000000000014 -1.9803825246356152e-11 0.016121420485638454 0.020942408372954472 1.0616675412732692 0.0440101285544462 0.012729844412918205 0.036917914299319017 -4.0833336711898476e-11 -1.1805556532351599e-10 0.012388737178270345 0.041184826202226306 29108600.000000004 -2.7918675864803313 203955750.00000003 -0.11764705886245667 0.081592141827097522 -0.00019102655997789821 69937500.000000015 88782350.000000015 50.198870885874477 102945400.00000001 -0.085299145433781906 -0.034261649480724181 84.244844732299597 100.86085209873788 0.047447903745627247
decision_type=8 10 2 10 10 10 10 10 10 10 10 10 8 8 10 2 2 2 10 10 10 2 2 2 2 2 2 2 2 10
left_child=1 8 3 4 5 10 7 -6 -1 -8 -3 -7 -2 14 21 18 -17 -18 19 -16 -20 25 23 -23 -24 -14 -27 -15 -29 -30
right_child=12 2 -4 -5 6 11 9 -9 -10 -11 -12 -13 13 27 15 16 17 -19 20 -21 -22 22 24 -25 -26 26 -28 28 29 -31
leaf_value=-0.028089680870109053 0.023802261490345054 0.043425994201277608 -0.02579561393289264 0.037416269825066149 -0.021619895129889478 -0.013358084884381635 0.026211565700534331 0.00078637793603287664 0.011036928021278749 -0.00065918484118017472 0.0047735555506742628 0.013799731805562432 -0.025957015401285737 -0.0019759665465598586 0.043408562878618259 -0.026368110804592497 0.025653266086290611 0.0036747288181275769 -0.0055383844962081383 0.010255129100121635 0.0039018395156338319 -0.0043167472145736541 -0.0328892134826239 0.0496035496808978 0.0038749280931444918 0.0042881808366975957 -0.0061336632610101858 0.0044336875107744526 0.002791991049955748 -0.0011002134556630963
leaf_weight=96.278189774602652 26.783348485827446 39.182958113029599 32.594714477658272 25.890722393989563 123.46922369021922 48.697447979822755 28.836131069809198 73.275529321283102 15.780590340495108 410.14043984748423 20.449766518548131 42.578983038663864 48.254138194024563 4369.0344502301887 39.222267437726259 34.110829718410969 192.30880912579596 173.58540459349751 424.93179324641824 157.52290089428425 1180.0336855072528 15.841129988431929 25.651081016287208 41.443350825458765 94.962550202384591 516.95358218438923 1029.2962442310527 1445.143394343555 2257.3078331463039 7717.6183098182082
leaf_count=800 294 246 195 131 814 277 176 474 86 2570 125 286 259 31784 197 196 1157 1209 2765 697 7394 235 316 225 734 3542 10536 9557 14214 45999
internal_value=-1.38186e-06 -0.00285483 -0.000222336 0.000830309 -0.000416028 0.0117695 -0.00332731 -0.013298 -0.0225043 0.00115468 0.0305178 -0.000644633 0.000136616 0.000103189 0.00162252 0.00467679 0.0116576 0.0152729 0.00311969 0.0170657 0.00139868 -0.00217037 0.00852416 0.034823 -0.00412524 -0.00337003 -0.0026469 -0.000279114 0.000369912 -0.000218922
internal_weight=20747.2 957.175 845.116 812.521 786.63 150.909 635.721 196.745 112.059 438.977 59.6327 91.2764 19790 19763.2 3974.12 2201.72 400.005 365.894 1801.71 196.745 1604.97 1772.4 177.898 57.2845 120.614 1594.5 1546.25 15789.1 11420.1 9974.93
internal_count=137490 6180 5294 5099 4968 934 4034 1288 886 2746 371 563 131310 131016 29462 13615 2562 2366 11053 894 10159 15847 1510 460 1050 14337 14078 101554 69770 60213
is_linear=0
shrinkage=0.03


Tree=188
num_leaves=31
num_cat=0
split_feature=11 8 85 8 31 12 71 0 34 83 2 51 82 52 77 71 0 51 39 7 51 47 45 24 77 22 23 47 29 43
split_gain=8.97375 12.9806 12.9074 13.6061 23.8759 20.9506 15.0707 23.0728 27.737 25.2268 23.1771 21.0177 21.0028 23.1549 20.3163 20.044 18.393 18.0402 12.85 12.6042 12.2729 12.214 11.7305 11.6344 24.492 11.5665 23.5692 16.6419 20.7561 13.3091
threshold=0.49999984604972847 0.0099009900989363801 0.33215026439908341 0.017857142857009994 46.560124238511087 0.65039682539682553 0.42439875972202862 -0.0066852388436585133 0.10799863810811917 0.0049190699139351384 0.014492758602886681 0.035714285714025983 0.010677651892432151 0.0092252623941479518 -0.0019059694824227079 0.53236624790585096 0.098974915159360535 0.029653924506841008 50.199095300890058 -0.0041408045002713214 0.020889487870324342 0.059754991740044588 0.05604366014104057 0.020922270792608725 1.2959607321595145e-05 0.43999999999340006 -1.0000000180025095e-35 0.028654485049821394 56.244716484218706 -0.010954737975504112
decision_type=10 10 10 10 2 10 10 8 2 10 8 8 10 10 10 10 10 10 2 8 10 10 2 8 10 8 8 10 2 2
left_child=2 -2 3 6 -5 18 7 9 16 10 -1 -10 13 14 -8 -14 -9 -15 -6 -20 -17 -4 -7 24 -3 29 -27 28 -28 -25
right_child=1 23 21 4 5 22 12 8 11 -11 -12 -13 15 17 -16 20 -18 -19 19 -21 -22 -23 -24 25 -26 26 27 -29 -30 -31
leaf_value=0.0049338948735183352 -0.0027081065164347579 -6.7580327866169923e-05 0.029673513072260273 0.029475557668217696 -0.02639733558760338 -0.010384371222451092 -0.0083503271827306373 -0.0018578278271132345 0.0036433672906883629 -0.010035442408841957 -0.01076006876019835 0.024712986026365454 0.014987212273145829 0.0041809006029049104 0.00095346282403330359 -0.011636912843130912 -0.023606088623286937 -0.0031379729284624607 -0.0048137621539855475 -0.00030411451818381635 0.00019685286385943534 -0.0026022604803796262 -0.00081281797236794318 0.0027739462795937971 0.045599916691882222 0.032490990047814326 -0.024804482155335612 -0.0013500094235265379 0.0058555119940954959 -0.0026985702626715893
leaf_weight=1275.3638014812022 608.76458221301436 27.557660266757011 24.023709082975984 21.001681363210082 17.045189250260592 370.61205948423594 298.68759881332517 5586.8894948903471 327.47311241924763 126.92885190248489 89.67133005335927 48.197931006550789 38.824011065065861 2865.6211546268314 713.70028882287443 223.46952555328608 34.25291195884347 337.73884492740035 661.98974642436951 3528.3342427071184 120.79475278407335 17.712034046649933 168.31890706345439 800.42959121987224 16.01158645004034 24.139514066278934 19.248192623257637 496.40419463440776 1057.362515296787 797.38125010579824
leaf_count=7046 3853 236 179 219 169 4160 2366 39260 1951 606 520 268 208 16326 6029 1174 231 1852 5272 23338 568 109 1205 4868 117 134 177 3074 6551 5424
internal_value=-1.40404e-06 0.00130589 -0.000299306 -0.00034121 -0.00169834 -0.00184309 0.000193885 -0.000635927 -0.00146686 0.00270066 0.00389362 0.00641296 0.00154565 0.0021576 -0.00179403 -0.00516888 -0.00199506 0.00340758 -0.00112802 -0.00101825 -0.00748747 0.0161656 -0.00740758 0.00206195 0.0172944 0.00184794 0.00365254 0.00318771 0.00528206 4.10522e-05
internal_weight=20744 3847.3 16896.7 16854.9 4767.3 4746.3 12087.6 7488.78 5996.81 1491.96 1365.04 375.671 4598.84 4215.75 1012.39 383.088 5621.14 3203.36 4207.37 4190.32 344.264 41.7357 538.931 3238.53 43.5692 3194.97 1597.15 1573.01 1076.61 1597.81
internal_count=137490 24434 113056 112768 34363 34144 78405 49882 41710 8172 7566 2219 28523 26573 8395 1950 39491 18178 28779 28610 1742 288 5365 20581 353 20228 9936 9802 6728 10292
is_linear=0
shrinkage=0.03


Tree=189
num_leaves=31
num_cat=0
split_feature=76 50 57 74 77 56 87 19 44 77 77 72 50 83 57 84 29 37 48 19 21 51 77 17 20 28 35 50 51 83
split_gain=8.98558 15.4591 10.1079 24.6157 15.0718 13.9729 25.6493 17.5843 27.8934 16.6339 17.0562 14.3633 40.2336 18.976 14.061 12.2961 11.6201 43.8946 29.7564 29.5208 37.1295 21.0366 18.2402 10.0885 18.501 17.8756 11.0599 10.8479 10.6037 6.93395
threshold=0.189768214815321 33.767857142857146 99.999999894302007 64452600.000000007 0.0009443296126106916 99.999999591666679 1.0000000180025095e-35 0.99999999925000005 -0.06114870271248362 -0.0095851635188794696 -0.00046204890406405941 8415150.0000000019 1.4714285986764091 0.0036013012122995533 82.713488029772734 -0.081196581196581172 85.029969383209774 92.54461976178662 1.0000005449567524 0.10344827586190845 0.030303030290021463 0.011904761904709365 0.015926854367535451 -2.0620671836724111e-11 -0.011881199766159587 0.15358361774737742 478.75780498190267 4.1573948178972531 0.018145162631935368 0.0019596874219807996
decision_type=10 10 10 2 10 10 2 10 2 10 10 2 10 10 8 10 2 2 10 8 8 8 10 10 10 8 2 8 10 10
left_child=2 23 5 4 -4 7 14 16 -9 -8 29 13 -13 -10 -7 -12 19 18 -18 22 -21 -19 -1 24 25 28 27 -27 -2 -11
right_child=1 -3 3 -5 -6 6 9 8 11 10 15 12 -14 -15 -16 -17 17 21 -20 20 -22 -23 -24 -25 -26 26 -28 -29 -30 -31
leaf_value=0.0017189010712599915 -0.027678828299944787 -0.024517516648102491 0.030151015836244584 -0.02218949082090255 0.0032563106408298619 -0.0034888409367154791 0.01005460736418397 0.032572559866172961 0.0040533789815851203 -0.015572370556696727 -0.0028109930910518834 0.019213419413138901 -0.00030557427829589552 -0.0095418529971254169 0.023430959261585803 -0.017627240807871807 0.033708970484404563 -0.0032643693834695279 0.0061379216064547651 -0.012166288583117392 -0.0016146954214229772 0.00047588537500633366 0.016166603270085851 -0.020221594948704038 0.021983092942299862 0.0037444585131668007 0.019586452247808046 -0.013135032150180354 0.0044306380228646396 -0.039827445651599895
leaf_weight=1343.2970297280699 36.056912116706371 32.01468413323164 38.461727514863014 16.542554803192616 36.778103299438953 32.650521010160446 33.283796094357967 29.510884594172239 266.71670103631914 23.296848721802235 132.91601210460067 155.65583159029484 240.82210831344128 140.05691783130169 35.592258028686047 81.293213553726673 36.235862240195274 1540.3542695250362 702.60558273270726 323.52583795879036 4025.8624993264675 11094.940356332809 82.651233691722155 25.795491984114051 27.342887528240681 95.080487154424191 23.244140408933163 52.190431229770184 11.801912207156418 23.654627725481987
leaf_count=9735 372 203 393 85 272 161 212 157 1587 113 728 928 1257 674 220 423 257 13135 4451 3621 28414 67971 497 143 148 595 136 338 133 131
internal_value=-1.44218e-06 -0.00511687 7.46323e-05 0.00995413 0.0172591 2.94282e-05 -0.00579792 0.000135632 0.00440057 -0.00964181 -0.0121923 0.00332261 0.00737902 -0.000632182 0.0106436 -0.00850354 -4.99025e-05 0.000435562 0.00753791 -0.00117451 -0.00240287 1.94555e-05 0.00256917 -0.00273671 -0.000814452 -0.00376983 0.000792747 -0.00226537 -0.0197707 -0.0284306
internal_weight=20740.2 303.527 20436.7 91.7824 75.2398 20344.9 362.687 19982.2 832.762 294.444 261.161 803.252 396.478 406.774 68.2428 214.209 19149.5 13374.1 738.841 5775.34 4349.39 12635.3 1425.95 271.512 245.717 218.374 170.515 147.271 47.8588 46.9515
internal_count=137490 2068 135422 750 665 134672 1988 132684 4603 1607 1395 4446 2185 2261 381 1151 128081 85814 4708 42267 32035 81106 10232 1865 1722 1574 1069 933 505 244
is_linear=0
shrinkage=0.03


Tree=190
num_leaves=31
num_cat=0
split_feature=74 74 45 39 43 77 26 46 51 77 56 22 28 28 47 14 32 81 39 74 28 39 26 29 31 77 77 51 74 62
split_gain=9.02457 16.3643 19.7973 22.583 17.4723 16.7167 17.9654 42.0618 22.6185 22.5966 17.817 17.4257 15.4439 27.6923 18.1964 18.1788 20.5326 19.0599 20.7511 11.8854 42.0587 40.3652 36.2288 61.3407 34.3697 38.0723 31.4459 25.5623 24.3183 28.2999
threshold=3051552550.0000005 998118850.00000012 -0.033556368118047235 98.570676641609694 -0.027385066334264626 -0.0067813506063913913 0.072916666666097016 2.8824255807059154 0.018214285714149112 0.0013034700251388276 30.76923074330178 0.43011627906855193 0.057142857142380959 0.068965517241351249 0.014480086740355768 -0.041176470590209339 -0.00076227721079130662 -0.0069854158483072101 85.699749947041909 144867900.00000003 0.049689440993557356 503.96529820998438 0.09782608695572427 1075.2718772770343 53.64365318620461 -0.0002209974613746661 -0.0062219542826526609 0.013130252100821029 18476200.000000004 -3.4170637358267295
decision_type=2 2 2 2 2 10 10 10 10 10 10 10 10 10 10 10 2 10 2 2 8 2 8 2 2 8 10 10 2 2
left_child=1 19 3 -3 -5 -4 7 9 -8 -7 -10 -9 -2 -14 -15 17 -17 -16 -19 28 27 24 23 -23 25 -22 -26 -21 -1 -30
right_child=12 2 5 4 -6 6 8 11 10 -11 -12 -13 13 14 15 16 -18 18 -20 20 21 22 -24 -25 26 -27 -28 -29 29 -31
leaf_value=-0.00047399713952533094 -0.021555170946532677 0.038214705598433291 -0.021945234355968835 0.026308695583317509 -0.0070661524029719328 0.013828314377251221 -0.018247971757453605 0.049757527825085718 0.013984739149475175 -0.012394067495403532 0.00069824651439410622 0.016605948653345626 0.026373752421293552 -0.025268279445934377 0.012202407600215187 0.027272479684913198 0.00021115555353215721 0.017948569793045741 -0.012270287396286911 0.042499592236777163 0.042451187730756366 0.04035828020383779 0.00026746235910528982 0.0041415421959531155 0.0094233690386654693 0.0031540997474901692 -0.0047071184133946646 -0.0059153047543257006 -0.0039613460673276124 0.0031808570226867817
leaf_weight=10969.61356789805 39.873888608068228 29.44596366584301 23.672821275889874 22.171783491969109 35.128842920064926 59.943792415782809 49.531962405890226 26.551552332937717 103.66713315248489 56.433411670848727 693.12005264312029 33.656335771083832 27.482065858319402 32.903773652389646 40.516111217439175 31.397652298212051 115.23698248527944 21.421362664550543 236.9621855802834 29.936566539108753 27.320238947868347 60.779519863426685 473.37275633960962 133.61647453904152 148.05713937431574 104.33871490880847 2869.9265907667577 13.901655066758392 577.20205914601684 3649.1844364376739
leaf_count=71978 370 181 153 117 209 462 290 144 559 449 4113 186 238 270 226 211 786 140 1436 224 181 330 2534 737 975 578 20294 160 3305 25654
internal_value=-1.419e-06 0.000101421 0.00360213 0.0172977 0.00602614 0.00244867 0.00303702 0.0117145 0.00121124 0.00108979 0.00244603 0.0318488 -0.00380451 -0.00235982 -0.00406813 -0.00244265 0.00617137 -0.00668502 -0.00969388 -0.000106784 -0.00159294 -0.00193247 0.00476056 0.015629 -0.0033535 0.0115897 -0.00401002 0.0272902 0.000270726 0.00220402
internal_weight=20736.4 20190.6 1133.32 86.7466 57.3006 1046.58 1022.9 176.585 846.319 116.377 796.787 60.2079 545.794 505.92 478.438 445.534 146.635 298.9 258.384 19057.2 3861.25 3817.41 667.769 194.396 3149.64 131.659 3017.98 43.8382 15196 4226.39
internal_count=137490 133813 6863 507 326 6356 6203 1241 4962 911 4672 330 3677 3307 3069 2799 997 1802 1576 126950 26013 25629 3601 1067 22028 759 21269 384 100937 28959
is_linear=0
shrinkage=0.03


Tree=191
num_leaves=31
num_cat=0
split_feature=13 8 50 74 74 8 85 35 25 71 41 0 21 70 82 71 76 76 74 70 71 24 50 15 49 49 74 39 85 14
split_gain=8.9523 34.7923 19.9161 25.9323 21.1998 18.5644 26.6267 22.3809 18.3217 18.1675 22.9727 23.1161 26.9738 22.9124 20.3125 19.2319 18.3346 18.0167 17.7194 20.0421 17.1528 17.0453 16.6362 15.8595 17.5853 15.5517 14.2265 14.0832 15.7637 15.3053
threshold=0.056079664569634889 0.019607843137198839 4.2247145516531814 14578800.000000002 -276199.99999999994 0.017857142857009994 0.13735669592973529 61.061571075996916 0.15317232125675681 0.42439875972202862 0.083888729942879117 -0.0066852388436585133 0.30434782607419658 1.0000000180025095e-35 0.010677651892432151 4.4634304215333698 -0.040453404649176398 -0.0043628166040679539 81635700.000000015 1.0000000180025095e-35 0.53236624790585096 0.0948748239513868 8.231668336050852 0.078260869558185245 0.026600985221537293 0.023809523809327819 768322650.00000012 143.69234645175766 0.043118684573943598 -0.066115702485127367
decision_type=8 10 10 2 2 10 10 2 10 10 2 8 8 8 10 10 10 8 2 8 10 10 10 10 10 10 2 2 8 8
left_child=1 8 3 4 -3 6 9 -7 17 10 11 12 -2 -13 15 -11 -17 -1 19 -12 -16 23 -20 24 -10 -8 -9 28 -5 -30
right_child=5 2 -4 27 -6 7 25 26 21 14 18 13 -14 -15 20 16 -18 -19 22 -21 -22 -23 -24 -25 -26 -27 -28 -29 29 -31
leaf_value=-0.012820852704058507 0.0058204627194739207 0.008542135998643216 -0.00011319734515154049 -0.0037283838140122396 0.025209391259431595 -0.011863874845514289 0.034060367505945363 -0.002127270438250283 0.0022149285212504379 0.0017704589983651333 -0.0022948596436797122 0.0025742125799871193 -0.0046597258224620108 -0.0026811612787873353 0.013333960650840679 -0.015528457803190135 0.011898463039742273 -0.0017172987758512477 -0.017890331734751474 0.016744309558144932 -0.0070091199277698942 -0.0046864592991083228 0.0056221521057406767 -0.013530702242568681 0.017253420319497229 0.008040976234050437 0.0019000272726481596 0.022710697517509419 0.0045633635181196227 0.025309392734750965
leaf_weight=188.1781937405467 790.33817048184574 165.68247056752443 360.33896671980619 192.14535713940859 119.35608104616404 188.8927585221827 28.364400736987591 4221.8111914675683 1286.672711301595 3884.307087123394 69.063882634043694 883.01987013593316 305.53028274141252 4791.548185992986 40.76416277885437 22.910457905381918 271.82525223307312 435.4827474206686 41.622673586010933 172.70087005570531 347.02437126263976 387.83804768323898 73.163136929273605 53.025208406150341 73.139260269701481 74.743648333474994 969.34558066539466 33.433985777199268 225.99421672523022 36.579046979546547
leaf_count=1152 4359 872 1783 1046 625 3808 251 29871 8480 24611 411 5748 1532 33918 219 115 1538 2587 197 1221 1755 2065 341 303 408 548 6275 171 1093 187
internal_value=-1.2117e-06 0.0013681 0.00570446 0.00841625 0.0155955 -0.000285074 0.000380765 -0.00174543 -0.000659707 0.000246009 -0.000700225 -0.00109184 0.00289425 -0.00186253 0.00172319 0.00233339 0.00971106 -0.00508756 0.00670992 0.0113061 -0.00483415 0.000874179 -0.00295872 0.00240499 0.00303808 0.015486 -0.00137445 0.00419472 0.00277987 0.00754993
internal_weight=20734.8 3557.87 1133.53 773.191 285.039 17177 11796.9 5380.05 2424.34 11693.8 7126.99 6770.44 1095.87 5674.57 4566.83 4179.04 294.736 623.661 356.551 241.765 387.789 1800.68 114.786 1412.84 1359.81 103.108 5191.16 488.153 454.719 262.573
internal_count=137490 20772 5777 3994 1497 116718 76764 39954 14995 75965 47727 45557 5891 39666 28238 26264 1653 3739 2170 1632 1974 11256 538 9191 8888 799 36146 2497 2326 1280
is_linear=0
shrinkage=0.03


Tree=192
num_leaves=31
num_cat=0
split_feature=61 66 14 43 24 56 44 64 1 47 21 15 61 48 37 71 21 68 21 39 34 84 24 74 33 71 77 89 61 90
split_gain=8.9402 19.9221 17.9886 17.4603 17.2403 19.2844 19.0722 16.6971 15.2007 16.428 30.4708 28.7069 38.5795 25.8424 22.8942 20.3983 25.7886 20.1491 14.9192 15.1412 14.6445 21.9591 17.9206 14.2033 14.1189 11.9952 18.6458 11.8851 13.4603 9.7428
threshold=-0.11898326898326898 99.999999981666676 -0.22654985841451566 0.035092214969789766 0.0948748239513868 69.999999923315031 0.014889553504172983 0.034636225046568221 -0.038085695199923657 0.035036759035189831 0.24999999998508518 0.14523295904830649 0.0061823949852846125 98.321428571428584 6186.3423951500154 1.2767336839150958 0.24786321951393878 -8.3067940548439267 0.68870677079622922 14.651303382962052 -0.0050855622133988412 0.044963055752228427 0.30965642358439921 -11485899.999999998 1148.4622037447859 1.1564284341311788 0.00050808735382361825 -0.9159756150367534 0.16688089117395036 1.0000000180025095e-35
decision_type=10 10 10 2 8 10 2 2 10 10 10 10 10 10 2 10 10 10 10 2 2 10 10 2 2 10 10 2 10 2
left_child=1 3 25 4 6 18 7 -1 23 10 15 13 -13 -12 20 16 -10 -17 19 -6 21 -11 -22 -4 29 26 -2 28 -25 -5
right_child=2 -3 8 24 5 -7 -8 -9 9 14 11 12 -14 -15 -16 17 -18 -19 -20 -21 22 -23 -24 27 -26 -27 -28 -29 -30 -31
leaf_value=-0.009994611615656868 -0.028286769397340636 0.027511473856571326 -0.0059510910201834508 0.009323766635070372 0.015725233888826386 -0.024962565243210187 0.033733292670534674 0.02168633620375578 -0.0011234759805859652 0.0058786718238433792 0.005570982452063244 -0.024109474376742022 0.00021635408832860887 -0.010982398388729482 0.024909785646188946 0.00064383654357827067 -0.021798221933113832 0.0081093989329537822 -0.013113803924772197 0.00057602270026534119 -0.0070126892103562193 -0.0067369262240176359 -0.0001887260794097397 0.016155430384863511 -0.0049044098325295386 0.0064276814408480709 -0.0048324106531699154 0.0032059824907070323 -0.006243624278540371 0.031155233345472558
leaf_weight=33.26499811001122 50.37724432721734 26.275715719908476 120.48960077762604 39.530746810138226 61.144180584698915 26.084201537072659 27.994945637881756 25.565668953582644 10040.330263204873 330.02632512338459 1915.7789874412119 60.910203609615564 1119.1155300475657 87.789795450866222 25.476990334689617 2167.9267784506083 53.615183301270008 382.13106463104486 67.261919729411602 1352.8183599393815 998.35633304342628 197.63503148779273 531.55401330627501 135.79706744104624 26.85867353528738 30.544136982411146 77.326346771791577 652.60329491272569 28.54392609372735 36.526528581976891
leaf_count=214 287 153 619 199 347 137 158 156 74548 2040 10339 301 6020 484 143 14922 290 2865 344 7081 6622 1178 2971 687 145 174 461 3266 152 187
internal_value=-1.12925e-06 0.0020671 -0.000188915 0.0016554 0.000876126 0.000121194 0.0137971 0.00385499 -0.000103916 -0.000299063 3.04276e-05 0.00265338 -0.0010561 0.00483905 -0.00280288 -0.000629918 -0.00123574 0.00176648 0.000581483 0.00124389 -0.00315941 0.00114403 -0.00464539 0.00361773 0.0135727 -0.0102296 -0.014256 0.00503823 0.0122326 0.0201155
internal_weight=20729.7 1723.33 19006.3 1697.05 1594.13 1507.31 86.8256 58.8307 18848.1 17910.6 15827.6 3183.59 1180.03 2003.57 2083.05 12644 10093.9 2550.06 1481.22 1413.96 2057.57 527.661 1529.91 937.434 102.916 158.248 127.704 816.944 164.341 76.0573
internal_count=137490 9121 128369 8968 8437 7909 528 370 127447 122723 109769 17144 6321 10823 12954 92625 74838 17787 7772 7428 12811 3218 9593 4724 531 922 748 4105 839 386
is_linear=0
shrinkage=0.03


Tree=193
num_leaves=31
num_cat=0
split_feature=82 26 28 84 90 19 45 20 62 38 15 37 65 39 48 42 20 1 28 51 72 91 20 20 76 46 39 26 87 45
split_gain=8.86324 19.7813 17.8532 17.4386 15.8794 15.6809 15.6609 14.8351 39.8741 27.7289 20.5906 21.2321 21.7531 21.0146 20.2258 18.8063 18.5892 14.6686 17.2975 29.4295 27.9098 15.0247 22.8953 23.8826 23.1282 18.3285 40.531 35.1484 14.9422 13.2793
threshold=-0.0078116445541754741 0.28571428568367352 0.28947368420735231 0.03761681146107055 1.0000000180025095e-35 0.12499999998828126 0.15976536747526596 -0.27677308437500836 -0.099390759769566003 -0.16551014484902263 0.085714285691020367 2741.4769015178858 0.0025327388336076843 20.731407033304318 4.1573933192661841 -0.0072433781986965809 -0.37817819435796418 -0.038085695199923657 0.26785714285355555 0.020788912579724646 432346250.00000006 1.0000000180025095e-35 -0.14688382768495403 -0.1136363636447572 0.0018561556205089591 1.7420959472656252 162.82579417848436 0.10236220472380496 3.5000000000000004 0.047104724978151442
decision_type=8 10 10 10 2 8 2 8 2 2 10 2 2 2 10 2 10 8 10 10 2 2 10 10 10 10 2 10 2 2
left_child=1 2 4 6 5 -1 -4 8 10 -9 13 12 -12 -2 -14 16 -15 18 20 -20 28 22 24 -24 -19 26 -23 -27 -11 -3
right_child=7 29 3 -5 -6 -7 -8 9 -10 17 11 -13 14 15 -16 -17 -18 21 19 -21 -22 25 23 -25 -26 27 -28 -29 -30 -31
leaf_value=0.0024543502599855059 0.021146713427440671 -0.0062518427388588947 0.027090955913317588 0.0057264115223601931 0.0093282902192546469 -0.025822054504076868 2.8672999061801501e-05 -0.030997382021842955 -0.016891329553446969 0.013511737590828457 0.028290889318702741 0.034145411684238784 0.013191761067554663 0.0027951344201444656 -0.010061006051174616 0.020984079881831104 -0.0081237597008682987 0.0031430013982421102 -0.015833323357007999 0.0032242645413370144 -0.0072320892633917023 -0.00039691119011367356 -0.006485600688971787 -0.0012463217968211005 -0.0038323457926106677 0.0037319150427760324 -0.016006743613363437 -0.00060332407622718139 -0.00056198070368967089 0.0033592541541361386
leaf_weight=36.385324168950319 29.415485881268978 236.14349343441427 88.100950667634606 157.68831189721823 66.4334532674402 32.685892201960087 24.833893463015556 24.826778005808592 168.5299047101289 339.94846529141068 26.45733580365777 23.008728817105293 54.45881025493145 190.758758533746 84.621662283316255 24.567906929180026 521.72721030935645 1689.8255343809724 90.105819404125214 364.27309104427695 94.530955087393522 3481.2102727871388 968.86564536578953 4082.1271203029901 571.48762540891767 3379.2466976139694 155.46280943974853 3349.978863472119 84.174463741481304 283.45495545119047
leaf_count=176 159 1278 437 760 329 170 120 140 1015 1680 157 117 293 1104 475 144 3039 10582 392 1902 512 25773 6605 29931 3773 22889 1577 20108 407 1446
internal_value=-1.15803e-06 0.00286623 0.00781878 0.012257 -0.0010479 -0.0110614 0.0212189 -0.000135512 -0.00348199 6.58263e-05 -0.00109734 0.00775398 0.00388471 -0.00328588 -0.000905484 -0.00429237 -0.00519634 0.000108995 0.00369318 -0.000574842 0.00743197 -8.83114e-05 -0.00112969 -0.00225298 0.00137792 0.000646045 -0.00106925 0.00157351 0.0107168 -0.00100659
internal_weight=20725.3 925.726 406.128 270.623 135.505 69.0712 112.935 19799.6 1123.55 18676.1 955.016 188.547 165.538 766.469 139.08 737.054 712.486 18651.2 973.033 454.379 518.654 17678.2 7312.31 5050.99 2261.31 10365.9 3636.67 6729.23 424.123 519.598
internal_count=137490 4716 1992 1317 675 346 557 132774 6503 126271 5488 1042 925 4446 768 4287 4143 126131 4893 2294 2599 121238 50891 36536 14355 70347 27350 42997 2087 2724
is_linear=0
shrinkage=0.03


Tree=194
num_leaves=31
num_cat=0
split_feature=86 0 2 59 85 85 0 47 1 21 53 5 83 82 42 29 59 40 62 52 18 83 66 22 53 26 74 13 85 24
split_gain=8.71096 27.2206 18.7843 22.4622 21.3831 18.1272 16.1025 15.1387 17.1347 15.4718 14.536 19.4875 15.8924 16.8865 15.4094 14.117 12.7506 14.6181 12.5584 19.7967 23.4862 35.4608 16.6036 23.2717 25.0586 28.4026 18.6628 17.0988 18.7251 16.7933
threshold=14.500000000000002 0.013003923160173072 0.0052945092680192216 -0.023785950023573806 0.04197323065444742 0.13430035182079528 0.020639856862912146 0.030012004801731624 -0.018512172213337393 0.12345679011305445 0.0056565074319478636 0.081120250685468145 -0.00053410789845045978 -0.0066608653272986684 -0.00085264947614477327 6283.0732178662738 0.14306599832915626 0.059858707883757474 58.395832738055113 0.044764705025846417 0.28391904265683382 0.0038976790490872623 99.999999990291684 0.30303030302647693 0.040655781409087093 0.1752577319577466 58046150.000000007 0.94444444440509268 0.085146477356342162 0.47436315684771779
decision_type=2 10 10 8 8 8 10 10 10 8 10 8 8 10 2 2 10 2 2 8 8 10 10 8 10 8 2 10 10 8
left_child=18 2 3 7 -4 -3 -7 -2 9 -9 11 15 13 -12 -14 -5 17 -6 22 20 21 -20 27 -24 25 -25 29 28 -1 -26
right_child=1 5 4 10 16 6 -8 8 -10 -11 12 -13 14 -15 -16 -17 -18 -19 19 -21 -22 -23 23 24 26 -27 -28 -29 -30 -31
leaf_value=0.00042667262724089698 -0.0034789969269502954 0.0012430775622520587 0.0063675368004817321 -0.0018670839787398217 -0.0060343615383753775 -0.018530802234365158 -0.004754911558928634 0.021540057427336223 -0.0020281095329873324 0.0030307005548435365 0.02842971594897644 0.012655512821051217 -0.0020295546685268032 0.0075931835307091033 0.0050219867226999173 0.013506647889204032 -0.020592497361174987 0.0015246406737418102 -0.0060626461163160771 0.0046806611582937644 -0.014922456896221174 0.02894052639350804 0.034817952678335547 0.0057650934342455646 0.024102757967248551 -0.019268774571328098 0.00010567318076525092 -0.0035358359760262596 -0.0029965656247000014 -0.0047185630473356686
leaf_weight=10562.390941463411 779.10190794430673 220.08599229715765 236.81493892334402 799.30071121826768 564.15690881572664 120.91896361298859 209.36359903216362 70.655542925000191 198.35959485173225 95.854830175638199 36.101629391312599 107.605922434479 368.31255384162068 723.862005231902 1135.3863222105429 56.605616502463818 37.506301194429398 387.1075537558645 166.18266890197992 145.30728698894382 217.32190316542983 29.851899467408657 22.545984972268343 97.767770934849977 95.950039438903332 68.455181643366814 82.164015337824821 1402.2763651730493 1663.7266202010214 21.831905618309975
leaf_count=65723 4055 1970 1721 5625 3833 942 1178 341 1045 479 170 550 2509 4208 6711 349 176 1985 961 782 1206 153 130 617 577 350 406 18072 10514 152
internal_value=-1.20421e-06 0.000945691 0.0015724 0.00249287 -0.00170741 -0.00541324 -0.00984814 -0.00111644 0.00391582 0.0109844 0.00377318 0.000682515 0.00508649 0.00862301 0.0032926 -0.000832261 -0.0036489 -0.00295678 -0.000400786 -0.00480786 -0.00815384 -0.000597353 -0.000224594 0.00588053 0.00400063 -0.00458018 0.0111364 -0.000399365 -3.91223e-05 0.0187405
internal_weight=20722.9 6147.1 5596.73 4371.15 1225.59 550.369 330.283 1143.97 364.87 166.51 3227.17 963.512 2263.66 759.964 1503.7 855.906 988.771 951.264 14575.8 558.664 413.356 196.035 14017.1 388.715 366.169 166.223 199.946 13628.4 12226.1 117.782
internal_count=137490 37847 33757 26042 7715 4090 2120 5920 1865 820 20122 6524 13598 4378 9220 5974 5994 5818 99643 3102 2320 1114 96541 2232 2102 967 1135 94309 76237 729
is_linear=0
shrinkage=0.03


Tree=195
num_leaves=31
num_cat=0
split_feature=74 74 45 39 43 77 17 14 74 16 21 19 51 74 4 38 78 77 21 76 21 47 77 62 55 36 62 44 54 52
split_gain=8.67804 15.1369 18.5307 20.5898 16.2108 15.9372 14.9871 30.794 19.7277 27.067 40.3266 14.6144 16.4644 18.3612 14.3457 22.1632 18.7438 14.2306 20.4389 18.0397 13.7492 12.8916 12.6997 12.6568 11.5298 23.4857 36.7813 26.7005 40.3095 35.4176
threshold=3051552550.0000005 998118850.00000012 -0.033556368118047235 98.570676641609694 -0.027385066334264626 -0.0067813506063913913 -0.024298526766687364 -0.035326086956836304 4309489297.500001 0.66666659811529028 0.059999999984100001 0.2220382634164626 0.039309432705619277 1223714447.5000002 -0.039665058387525313 -0.01445636317211507 0.12573915330981453 -0.00032193398492935698 0.078124999987365676 -0.0026004484768447017 0.13333333327666666 0.022705771050029137 0.0009443296126106916 -0.92847665105669808 33.333333325909095 -0.019582449396693565 0.13393849432715046 0.064090356612587898 0.82579339231125426 0.050692767905311034
decision_type=2 2 2 2 2 10 10 10 2 10 10 10 10 2 10 2 8 10 8 10 10 10 10 2 8 2 2 2 10 10
left_child=1 24 3 -3 -5 -4 7 14 22 10 -10 17 13 -13 -2 -16 20 19 -19 -7 -17 -8 -9 -14 -1 -26 27 29 -29 -27
right_child=6 2 5 4 -6 11 21 8 9 -11 -12 12 23 -15 15 16 -18 18 -20 -21 -22 -23 -24 -25 25 26 -28 28 -30 -31
leaf_value=-0.0011269289112929408 0.0046871485045741753 0.036397309675054501 -0.021613203437271532 0.025215105962069048 -0.0068534961800920564 0.0037138960953372086 -0.021671219366017173 -0.016311360493802912 0.0057461696223387836 0.00027203540810734317 0.064694722213945233 0.0080522690627554908 0.031462417695566236 -0.0030416961690997077 -0.021243790226409417 0.026694454996494064 -0.011573230337848911 0.014830433351445425 -0.015043644781141433 0.038814199439060455 -0.0010659367895505241 0.0051541731853713491 0.014532207107898929 0.0067958494584691711 0.0031119325855604304 -0.0031684463724056628 0.0011318361023512225 -0.0064318491689331512 0.010406427146813222 -0.022554568189435097
leaf_weight=6494.7099144700915 81.075317615643144 30.00619139149785 23.392627313733101 22.427544109523296 34.960854925215244 23.549436196684837 65.009731184691191 28.32381690107286 20.398995995521545 32.804480403661728 21.148617200553417 175.64337805099785 21.308134816586971 558.39371978864074 93.878650007769465 24.068417808040977 94.100543957203627 57.138421680778265 30.912370670586824 30.232204556465149 43.93177891522646 20.670732218772173 19.328261071816087 127.41090794280171 2380.2696270737797 2962.1585080279037 6586.1270074145868 214.363296918571 314.07483427785337 86.417757119983435
leaf_count=41770 458 181 153 117 209 124 629 232 137 218 127 1075 113 3510 624 154 571 342 170 156 266 120 141 713 14446 25679 41439 1246 1799 571
internal_value=-1.12221e-06 9.97108e-05 0.00346327 0.0166618 0.00584483 0.00234491 -0.00373414 -0.00156295 0.0112855 0.0208495 0.036638 0.00291537 0.00146919 -0.000375662 -0.00624221 -0.00972027 -0.00293884 0.011822 0.00425757 0.0238479 0.00896075 -0.0151801 -0.00369762 0.0105366 -0.000100896 0.000430171 -0.000197863 -0.00264662 0.00357099 -0.00372618
internal_weight=20718.2 20173.5 1135.38 87.3946 57.3884 1047.98 544.739 459.059 122.004 74.3521 41.5476 1024.59 882.756 734.037 337.055 255.979 162.101 141.832 88.0508 53.7816 68.0002 85.6805 47.6521 148.719 19038.1 12543.4 10163.1 3577.01 528.438 3048.58
internal_count=137490 133813 6863 507 326 6356 3677 2928 855 482 264 6203 5411 4585 2073 1615 991 792 512 280 420 749 373 826 126950 85180 70734 29295 3045 26250
is_linear=0
shrinkage=0.03


Tree=196
num_leaves=31
num_cat=0
split_feature=87 40 28 49 28 45 53 26 28 63 21 74 40 63 35 45 47 22 6 62 48 17 28 21 63 28 33 15 54 16
split_gain=8.59143 21.3075 39.6046 22.8288 34.3763 28.9162 29.1528 26.8451 26.6935 25.9578 24.6745 23.3689 22.2445 21.4054 20.3183 30.452 19.8556 19.7247 30.0981 32.68 37.2138 25.0268 18.5156 18.441 22.9125 18.2774 31.2407 17.3894 16.6804 16.3786
threshold=2.5000000000000004 0.16971530108906799 0.13999999999790003 0.015238095237942858 0.10937499999871828 -9.1497872891033158e-05 0.0098277673433133459 0.056497175141003553 0.29999999999645838 -38.373703833987157 0.22352941175570931 3267594500.0000005 0.21310267886513726 -0.24501736684874612 50.67147416952546 -0.010182135600374452 0.010989010988658779 0.076923076918639074 -0.04236291126620139 -74.613871506253858 118.64285714285715 -0.085714285716680258 0.039999999999400009 0.36893203882498354 14.911298546736534 0.23393154139146149 106.09675797002767 0.03049813972618232 0.52575555330259272 0.17391304347624451
decision_type=2 2 10 8 10 2 10 10 10 2 10 2 2 2 2 2 10 8 8 2 10 10 10 10 2 10 2 10 10 10
left_child=-1 3 12 4 5 14 11 10 9 -9 13 -7 -3 -6 15 -2 -10 21 19 20 -19 -5 -16 24 -4 -20 -27 -8 -21 -25
right_child=1 2 23 17 7 6 27 8 16 -11 -12 -13 -14 -15 22 -17 -18 18 25 28 -22 -23 -24 29 -26 26 -28 -29 -30 -31
leaf_value=0.00047813235919177949 0.015095372227849372 0.042712616465962458 0.0030495766096098271 0.0005959151939393054 0.0070466770279266049 0.0087822671529109702 -0.016708963552545211 0.030955354597103895 0.0032996492251038214 -0.0012037936135593187 -0.012858484854625828 -0.024783570196317505 0.0081530656213121104 0.023670270538644539 -0.023543701231377098 -0.011183834534925625 0.03239949370841292 0.03867680627443161 -0.0033687398982311361 -0.018770112588724373 -0.010898737842187388 0.022973984383115095 -0.0068128729922849922 -0.012247644786598452 0.023124708149179829 0.0091453300784203172 -0.0037735240515392823 0.0042607456539636261 -0.0078140282044229046 0.00087153708427775451
leaf_weight=12822.416209073737 87.729274140670896 31.925420649349689 184.74586814269423 366.41220203973353 149.0392844080925 374.70700085163116 89.398804571479559 22.361571356654167 43.621927507221699 681.55329217202961 31.05311930924654 18.651296764612198 35.877823419868946 133.2165353205055 66.437789073213935 70.756731418892741 40.822883173823357 26.47606386244297 2212.686960445717 156.12715599499643 26.220719419419765 50.333680929616094 541.84209543839097 93.52455023303628 70.221443630754948 315.392807405442 359.0963996425271 57.832142539322376 645.1374682392925 909.47406373545527
leaf_count=84481 688 147 1047 2063 958 3111 715 118 200 3731 158 186 213 802 766 943 196 129 16156 950 148 318 4932 476 349 2118 2160 417 3921 4893
internal_value=-1.04475e-06 -0.000779856 0.00268715 -0.00148056 0.000842075 -0.00244539 0.00286145 0.00474472 0.00178219 -0.00013546 0.0121602 0.00712431 0.0248535 0.014959 -0.0061896 0.00334754 0.0176169 -0.00282686 -0.00351694 -0.00846262 0.0142097 0.0033544 -0.00868082 0.00147123 0.008659 -0.00205065 0.00226752 -0.00847867 -0.00997331 -0.000359753
internal_weight=20715.1 7892.68 1325.77 6566.91 2409.02 1307.36 540.589 1101.67 788.36 703.915 313.309 393.358 67.8032 282.256 766.766 158.486 84.4448 4157.88 3741.14 853.961 52.6968 416.746 608.28 1257.97 254.967 2887.18 674.489 147.231 801.265 1003
internal_count=137490 53009 7125 45884 17921 11758 4429 6163 4245 3849 1918 3297 360 1760 7329 1631 396 27963 25582 5148 277 2381 5698 6765 1396 20434 4278 1132 4871 5369
is_linear=0
shrinkage=0.03


Tree=197
num_leaves=31
num_cat=0
split_feature=31 74 77 28 6 74 75 39 44 52 56 53 24 22 16 22 38 45 39 52 31 68 41 19 56 87 51 85 77 77
split_gain=8.68028 24.3947 29.2934 23.1675 15.45 15.2751 10.6581 25.8447 24.5595 22.1493 26.0418 20.0916 39.6742 23.9539 19.3091 19.8924 35.6337 30.609 30.8848 24.8447 24.714 24.2657 19.6179 28.7271 41.0948 19.1424 26.0618 28.028 26.2279 24.3402
threshold=7713.0826444125305 -43997749.999999993 -0.0049434584622211394 0.096385542167948909 0.19451951951951954 -77478699.999999985 0.027519454446176327 27.401520081235898 -0.028728443399637035 0.04378571486597347 99.999999591666679 0.023883032430037577 0.052555774898474177 0.81818181816818203 0.62499999998567723 0.666666666625926 0.018749779243136481 0.025748058543073941 149.73920743777904 0.016139710817838739 355.35957501798822 -99.999999997332864 0.0033918665749138603 0.24999999997395836 49.9999999164773 2.5000000000000004 0.0076530612242620274 0.014336910761438846 0.0032090807993483779 0.0020547272553508421
decision_type=2 2 10 10 8 2 8 2 2 10 8 8 10 8 8 10 2 2 2 8 2 10 2 8 10 2 8 8 8 10
left_child=6 2 -2 -4 -3 -5 14 9 -9 10 -8 12 -10 -14 15 25 17 18 -17 20 -18 -21 23 24 -16 26 28 -28 -1 -27
right_child=1 4 3 5 -6 -7 7 8 11 -11 -12 -13 13 -15 22 16 19 -19 -20 21 -22 -23 -24 -25 -26 29 27 -29 -30 -31
leaf_value=-0.0096175730315795228 0.023073014254011266 -0.026387359211085742 0.016601173874093166 -0.021217515864766133 0.0026957419419688248 0.0024455116516349349 0.033172098493850943 -0.0057507353643192292 -0.0038360444228807077 -0.0053396600468137772 -0.00055081025897334081 -0.0008419946783857884 0.0043069675967715368 0.016357973972986287 0.035706516552828242 0.005193969920861909 -0.0080675515363860806 -0.0094597967727510623 0.034406523075651237 -0.02049388338945958 0.0037260201908681221 0.0064621557571249919 -0.00082372375262267919 -0.007199526983843841 -0.0055527441081468561 -0.0002035054451670031 0.01841046334986297 0.0011979817430092929 0.013745108635709987 -0.0053062343673112933
leaf_weight=334.43247647024691 40.18147574365139 61.144304007291794 30.917371943593025 65.972138211131096 21.871909648180008 38.128133431077003 64.289492249488831 365.25623668730259 257.97637989744544 34.366031028330326 29.814962148666382 711.93132532946765 304.91538197360933 291.72242895327508 34.551740404218435 55.012719310820103 331.73490253649652 32.13738401606679 81.329863902181387 30.218173682689667 306.6651348695159 803.00555038265884 4411.9623121004552 876.91307099722326 55.052644679322839 3189.1687648035586 85.296347707509995 6574.5096848793328 48.658424902707338 1142.4991526380181
leaf_count=3682 218 419 202 430 121 218 294 2418 2077 177 143 3975 1954 1623 249 436 2148 218 531 143 1667 4405 27496 8019 411 22134 757 42738 356 7831
internal_value=-1.02548e-06 -0.00545652 0.000895308 -0.00580387 -0.0187484 -0.0125813 6.79645e-05 0.0021137 0.00124169 0.015092 0.0225627 0.00287659 0.0059752 0.0102218 -0.000161124 0.000463572 0.00355126 0.016581 0.0227651 0.00204726 -0.00240067 0.00545756 -0.00167311 -0.00554241 0.0105423 1.78206e-05 0.000983207 0.00142161 -0.00661428 -0.00155098
internal_weight=20711.6 258.215 175.199 135.018 83.0162 104.1 20453.4 2060.27 1931.8 128.47 94.1045 1566.55 854.614 596.638 18393.1 13014.7 1640.1 168.48 136.343 1471.62 638.4 833.224 5378.48 966.517 89.6044 11374.6 7042.9 6659.81 383.091 4331.67
internal_count=137490 1608 1068 850 540 648 135882 12661 12047 614 437 9629 5654 3577 123221 87046 9548 1185 967 8363 3815 4548 36175 8679 660 77498 47533 43495 4038 29965
is_linear=0
shrinkage=0.03


Tree=198
num_leaves=31
num_cat=0
split_feature=76 50 75 50 35 35 44 53 82 47 49 47 71 77 53 25 49 45 73 19 7 64 77 67 17 21 83 17 3 23
split_gain=8.58808 14.8554 9.63133 16.8554 17.4384 22.0055 20.9982 22.3888 18.0796 17.1216 19.0619 15.5932 16.6931 14.4591 14.3411 13.98 21.7548 38.0387 24.5159 22.8614 23.0201 19.8574 22.4432 19.0125 24.778 32.7286 21.8089 41.8571 29.8877 15.8421
threshold=0.189768214815321 33.767857142857146 0.013270097608829296 0.48214285714285721 58.191757416048382 32.899671976960839 -0.023482838223036203 0.013466647489881039 0.0008712362629795786 0.035036759035189831 0.032467532467220915 0.029478458049847635 1.1205011339195969 0.01665732720503103 0.072364725691475992 0.59374999999165046 0.012276785714157834 -0.094697881977835338 22.432511291682498 0.99999999925000005 -4.5013992533426967e-13 -0.70396405156733655 0.0082697833909712911 19.999999996000014 -0.016393442635044327 0.048880534668763971 -0.0010736636144851358 -0.062068965522092671 0.040433354192740974 0.54614091512198271
decision_type=10 10 8 8 2 2 2 10 8 10 10 10 10 8 10 10 10 2 2 8 8 2 10 10 10 10 10 10 10 10
left_child=2 -2 15 -4 5 -5 7 8 -6 10 -8 12 -7 -9 -11 23 17 -17 19 -18 -21 -19 -23 -1 26 -26 27 -25 -28 -20
right_child=1 -3 3 4 6 11 9 13 -10 14 -12 -13 -14 -15 -16 16 18 21 29 20 -22 22 -24 24 25 -27 28 -29 -30 -31
leaf_value=-0.0011597064499219933 -0.0026857420171412733 -0.024166578771208161 0.010649796173514189 0.00802110127879746 -0.005639108913950093 -0.022789664870123426 0.0043366000967001612 0.003575106985452593 -0.025727075544816073 -0.0035913569286325866 0.02061736906598062 0.0022050883817195457 -8.5081705439511704e-05 -0.017093673317661175 0.0082752577952213673 0.03439933341755385 -0.0046827656475098003 0.021141231615905018 -0.018839610031922718 0.0056571451543893031 -0.006481673881683859 0.001637703281841627 -0.012957431967584464 0.003123810841697348 -0.0045137022856986718 0.050433671549474555 -0.00025847214804562897 0.035643213925254151 0.012963822599599937 0.0047959478186304291
leaf_weight=4632.7679316587746 270.30909090768546 31.589130379259586 175.88034878112376 71.847711607813835 151.20263236947358 103.11194148380309 1300.5903326943517 298.99381323903799 54.725537158548832 436.25543020665646 67.349873203784227 55.504879342392087 40.853712968528271 32.884941136464477 114.90570129826665 30.660377070307732 2785.6640155613422 41.900143623352051 25.931454554200172 422.96395457349718 209.26283609308302 1085.0581869054586 102.88188756629825 2181.341224392876 17.685501769185066 20.110838772729039 5272.3339940104634 35.248341646045446 157.4778811968863 481.22238353267312
leaf_count=29502 1865 203 902 326 1094 774 8027 1869 378 2597 402 405 314 217 614 157 20291 245 154 2700 1184 7797 672 13346 211 151 37255 316 889 2633
internal_value=-1.08517e-06 -0.00501566 7.31962e-05 0.001673 0.00108951 -0.00611167 0.00188812 -0.00334378 -0.0110905 0.00335684 0.00515484 -0.0112318 -0.0164124 0.00147288 -0.00110147 -0.000192161 -0.00149883 0.00192759 -0.00260017 -0.00351392 0.00163065 0.00108833 0.000361329 0.00035779 0.0012731 0.025192 0.0011512 0.00365813 0.000126771 0.00354683
internal_weight=20708.5 301.898 20406.6 2904.11 2728.23 271.318 2456.91 537.807 205.928 1919.1 1367.94 199.471 143.966 331.879 551.161 17502.5 5185.55 1260.5 3925.04 3417.89 632.227 1229.84 1187.94 12317 7684.2 37.7963 7646.4 2216.59 5429.81 507.154
internal_count=137490 2068 135422 17919 17017 1819 15198 3558 1472 11640 8429 1493 1088 2086 3211 117503 35833 8871 26962 24175 3884 8714 8469 81670 52168 362 51806 13662 38144 2787
is_linear=0
shrinkage=0.03


Tree=199
num_leaves=31
num_cat=0
split_feature=11 8 18 48 18 52 8 56 35 83 85 8 33 8 7 72 30 83 28 57 83 76 59 85 0 83 35 54 12 48
split_gain=8.4394 12.2437 12.3934 20.2467 15.8615 14.3415 12.7677 12.6943 12.5465 16.7656 12.1778 12.6022 23.3992 17.7982 18.1117 17.0396 38.0897 39.2494 35.4588 32.16 23.0497 17.0165 16.7489 22.0804 21.9834 14.5679 13.8557 13.1916 13.1791 12.1169
threshold=0.49999984604972847 0.0099009900989363801 -1.9803825246356152e-11 1.0000005449567524 0.0068965517217074454 0.0068870184419341247 0.026315789473395662 35.714285686339295 192.26622725017441 -0.00032092694812006355 0.33215026439908341 0.011904761904655614 46.217774286468249 0.012948292863708424 -0.0060606060627143568 2368900.0000000005 -0.0063467822154361633 0.0036013012122995533 0.28947368420735231 39.999999832000007 0.0042036980148548791 -0.02736421997386795 -0.022197083961789873 0.13735669592973529 0.0058152541491077745 0.014141691992553374 3737.211931452282 1.7204554418585019 0.43804824561403516 1.0730078560965404
decision_type=10 10 10 10 10 10 10 8 2 10 10 10 2 10 8 2 2 10 10 10 10 10 8 10 10 8 2 10 10 10
left_child=10 -2 7 -4 6 -6 -5 -3 9 -9 11 15 -13 26 -15 16 17 19 20 -1 -18 -20 25 24 -24 27 -14 -17 -16 -19
right_child=1 2 3 4 5 -7 -8 8 -10 -11 -12 12 13 14 28 22 18 29 21 -21 -22 -23 23 -25 -26 -27 -28 -29 -30 -31
leaf_value=-0.0013842400962740828 -0.0026371044649657811 0.030482082781814988 -0.014584388385623573 -0.014125217122128194 0.011213129965438945 0.0018779821859471993 0.010130483317234465 -0.0080881733377883552 0.021045292677481765 0.019167084819738934 0.015642636241307111 0.029932815388386467 -0.0065692359739953675 -0.0056624665649828449 0.00040596036231059328 -0.00020796749042091087 -0.0039322389227248074 -0.017599943021062322 0.024298999792581294 0.0099850580383434376 -0.021952367993457407 0.0029279213064600795 0.0027892133728488642 0.032284400185070644 -0.0027515585971905404 -0.013444830283475876 -0.028339547874280769 -0.015278524658012688 -0.0028690112683838948 0.00051750311699334372
leaf_weight=356.23794607073069 607.37230052798986 22.931408002972603 67.125963538885117 90.173167139291763 155.79544987156987 2750.650646738708 23.928196139633656 63.241972349584103 36.95003978908062 28.6963130235672 42.05468088760972 20.387287380173802 244.36307619325817 707.2202001651749 3765.5615510120988 1277.9998794645071 2424.0596427451819 91.031894072890282 35.507355138659477 598.92662677913904 64.761489778757095 427.18405539542437 4239.2087327428162 20.704347006976604 758.61084521561861 86.864430330693722 28.826215013861656 53.527835577726364 1563.986744412221 51.409819215536118
leaf_count=1693 3853 138 574 585 1105 17296 125 392 196 170 288 210 2122 6526 24112 6475 18337 423 159 3125 320 2227 26233 149 5088 431 196 269 14429 244
internal_value=-1.10721e-06 0.00126648 0.00199987 0.00158542 0.00195046 0.00238309 -0.00896867 0.0103438 0.0065307 0.000501317 -0.000290589 -0.000331541 -0.0013885 -0.0014949 -0.00115459 0.000306325 -0.00121789 0.0035501 -0.00299262 0.00574462 -0.00441097 0.00462329 0.00126563 0.00207937 0.00194721 -0.00161084 -0.0089723 -0.000827071 -0.000554894 -0.0110821
internal_weight=20705.3 3846.87 3239.49 3087.67 3020.55 2906.45 114.101 151.82 128.888 91.9383 16858.4 16816.4 6330.35 6309.96 6036.77 10486 4049.12 1097.61 2951.51 955.165 2488.82 462.691 6436.92 5018.52 4997.82 1418.39 273.189 1331.53 5329.55 142.442
internal_count=137490 24434 20581 19685 19111 18401 710 896 758 562 113056 112768 47595 47385 45067 65173 26528 5485 21043 4818 18657 2386 38645 31470 31321 7175 2318 6744 38541 667
is_linear=0
shrinkage=0.03


Tree=200
num_leaves=31
num_cat=0
split_feature=77 49 31 50 20 49 24 17 37 52 74 18 77 68 49 83 22 74 77 65 77 29 75 29 72 54 37 81 34 74
split_gain=8.33925 43.5995 25.7264 39.2145 21.2466 38.7116 35.6607 23.1668 25.1242 17.4994 17.4579 16.1071 12.1216 34.1894 26.0297 58.2172 35.7183 47.0927 29.173 24.9969 27.2695 20.7876 35.7366 35.1743 19.2144 26.3715 27.3279 23.4668 29.8423 22.2437
threshold=-0.033631625928958811 0.0092024539876877209 4317.367551449247 90.250000000000014 -0.034313725493746387 0.016121420485638454 0.055237375979173199 -0.056179775288852422 34.491647613629972 0.01549428505047573 -18015749.999999996 -1.1805556532351599e-10 0.00029385104309876834 -99.999999999652758 0.0079365079364756494 0.005119651258465416 0.76666666664750016 34678350.000000007 0.0082697833909712911 -0.022795113136095859 0.024897818656712381 85.87489492574116 0.029277235165105744 92.498155274976838 99683300.000000015 0.86287796730379862 7207.7666550855165 0.017118493349919894 -2.0000001654807417e-11 -835841349.99999988
decision_type=8 10 2 10 8 10 10 10 2 10 2 8 10 8 8 10 10 2 10 2 10 2 10 2 2 10 2 10 2 2
left_child=1 9 3 4 7 6 -6 8 -3 -1 -7 -2 13 -13 15 16 17 -14 -18 20 -16 22 -21 -23 27 29 -27 28 -15 -26
right_child=11 2 -4 -5 5 10 -8 -9 -10 -11 -12 12 14 24 19 -17 18 -19 -20 21 -22 23 -24 -25 25 26 -28 -29 -30 -31
leaf_value=-0.029429269494634709 0.023338896825629764 0.012100111673472892 -0.025774646558746846 0.035936446009245476 0.053748550806366237 0.02117424943928958 0.0073284994503773114 -0.017869555890400013 -0.0040215488922239629 0.00011315606923173802 -0.0096623933925707225 -0.019221004959716972 0.0081481775441730533 0.001289541994597711 0.017527047030489778 -0.031550335715299638 0.032945009336839255 -0.033402975013362327 -0.00092821036620978077 -0.0050364050588358146 -0.0070647128211658982 0.0091501495617898627 0.0070305551864729334 -0.00089681120421951604 -0.012596873455983749 0.0010538736766089911 -0.016554877391287023 0.012610388522545325 -0.0029355315274908066 0.0060561333791048586
leaf_weight=70.410130465403199 25.878975067287683 106.55263484269381 34.045201674103737 26.134963616728783 25.808912858366966 20.198651352897286 34.753414295613766 82.646656191907823 453.75708333030343 23.86765693128109 73.727737692184746 75.117896072566509 237.16525498498231 4099.0929435379803 128.11197465658188 31.975055396556854 84.171648859977722 26.364013509824872 30.982905991375446 2024.023306989111 58.317288395017385 329.2859169319272 246.85128621198237 6204.2810421660542 58.595780270174146 1845.2444413658231 81.876596540212631 129.05381652712822 2375.4712552782148 1657.4538798518479
leaf_count=623 294 501 214 131 219 122 186 728 2840 114 502 384 1862 27834 623 162 422 228 160 15091 301 2115 1768 38319 368 11484 500 778 18663 9954
internal_value=-1.15242e-06 -0.00274242 -0.000599243 0.000467817 -0.000734405 0.00921466 0.0277111 -0.00314021 -0.000934295 -0.021996 -0.00284624 0.000130955 9.91702e-05 0.000809055 -0.000679894 0.00669606 0.010008 0.00386941 0.0238759 -0.00101783 0.0098218 -0.00124879 -0.00372085 -0.000388672 0.000958047 0.00270673 0.000295986 -6.50077e-06 -0.000260358 0.0054105
internal_weight=20701.2 951.903 857.625 823.58 797.445 154.489 60.5623 642.956 560.31 94.2778 93.9264 19749.3 19723.4 10321.9 9401.53 410.659 378.684 263.529 115.155 8990.87 186.429 8804.44 2270.87 6533.57 10246.8 3643.17 1927.12 6603.62 6474.56 1716.05
internal_count=137490 6180 5443 5229 5098 1029 405 4069 3341 737 624 131310 131016 69965 61051 2834 2672 2090 582 58217 924 57293 16859 40434 69581 22306 11984 47275 46497 10322
is_linear=0
shrinkage=0.03


Tree=201
num_leaves=31
num_cat=0
split_feature=13 8 64 74 74 8 85 29 25 77 8 71 62 37 66 33 47 24 76 15 40 24 24 43 0 39 85 5 48 29
split_gain=8.30603 31.9359 17.618 18.4377 22.1649 17.0355 24.3411 21.074 16.8296 17.4445 16.311 17.1149 19.276 20.1201 16.9582 19.5544 16.694 15.835 15.2923 14.7753 16.6243 19.5444 17.3573 13.9696 13.9547 16.0307 13.906 19.9191 17.3043 18.4667
threshold=0.056079664569634889 0.019607843137198839 -0.80993486315729946 14578800.000000002 -276199.99999999994 0.017857142857009994 0.13735669592973529 55.414712542293785 0.15317232125675681 -0.0025024390964786124 0.015873015872826912 4.2429926079114404 1.2589551080011925 34.491647613629972 18.421052631215378 113.54531162959755 0.020562770562653734 0.0948748239513868 -0.040453404649176398 0.078260869558185245 -0.051887210288743817 0.058579748033330999 0.032482294403404818 0.032940780851711822 0.098974915159360535 35.952986403572048 0.085146477356342162 -0.10934987942122186 2.8824266706194202 100.86085209873788
decision_type=8 10 2 2 2 10 10 2 10 8 10 10 2 2 10 2 10 10 10 10 2 10 10 2 10 2 10 10 10 2
left_child=1 8 23 4 -4 6 10 -7 9 -1 11 24 18 -14 -12 -16 -17 19 -13 20 22 -22 -10 -3 -2 -26 28 -28 -9 -30
right_child=5 2 3 -5 -6 7 -8 26 17 -11 14 12 13 -15 15 16 -18 -19 -20 -21 21 -23 -24 -25 25 -27 27 -29 29 -31
leaf_value=-0.013696564282761944 -0.00013873932481426305 -0.0069247278428702106 0.0065290743775465983 0.0038584377157955879 0.021850320325373981 -0.015143244654900495 0.014722519508889507 -0.003449447007430374 0.03079899565313092 -0.0020058831995734719 -0.0083027401052616981 -0.012819489984618956 -0.027968745698235205 0.002996915945326925 -0.0087274589250583429 0.014179482596729801 0.0018093680680429944 -0.0045320105358546831 0.012616556222834795 -0.01314652643684093 -0.0011434023540826121 0.0076397495449344772 0.0068665438798223037 0.010351724630936436 -0.022632378589730925 0.0046907438600427747 0.003915223337146884 -0.0052461603510455248 0.012405792089913124 0.00040625041003545457
leaf_weight=151.70332810282707 10669.875071110204 156.31826616823673 218.65568165481091 564.76550646871328 140.2609673216939 101.63080484420061 104.30329147912562 1153.0878336131573 30.588322840631008 469.10157842934132 71.116459127515554 22.351566359400749 24.610768564045429 70.842573255300522 59.102744549512863 263.24825877696276 157.7153398245573 386.59381223469973 247.2836175635457 52.514942593872547 798.82179026678205 317.77879480272532 214.57503701001406 56.472180530428886 51.101050570607185 29.996723815798759 253.52498971670866 1323.3739174883813 120.26701572351158 2415.9484445974231
leaf_count=956 68876 757 1139 2882 726 2714 799 10567 179 2783 483 111 120 359 1249 1898 986 2065 1396 303 5610 1846 1253 273 334 153 1555 9298 937 14883
internal_value=-1.28056e-06 0.00131736 0.0054641 0.00725624 0.0125689 -0.000275268 0.000363217 -0.00167582 -0.000628882 -0.00488494 0.000233339 -1.6381e-05 0.00636222 -0.00516307 0.00526595 0.00729532 0.00956736 0.000838517 0.0104574 0.00231084 0.00291835 0.00135815 0.0099777 -0.00229875 -0.00023384 -0.0125554 -0.00141252 -0.0037698 -0.000403399 0.000981115
internal_weight=20697.5 3558.15 1136.47 923.682 358.917 17139.4 11771.5 5367.83 2421.68 620.805 11667.2 11116.1 365.089 95.4533 551.183 480.066 420.964 1800.87 269.635 1414.28 1361.76 1116.6 245.163 212.79 10751 81.0978 5266.2 1576.9 3689.3 2536.22
internal_count=137490 20772 5777 4747 1865 116718 76764 39954 14995 3739 75965 71349 1986 479 4616 4133 2884 11256 1507 9191 8888 7456 1432 1030 69363 487 37240 10853 26387 15820
is_linear=0
shrinkage=0.03


Tree=202
num_leaves=31
num_cat=0
split_feature=0 89 6 72 86 7 85 81 0 2 75 7 72 71 71 65 7 49 2 80 13 40 44 26 83 71 75 35 61 2
split_gain=8.26668 10.7638 12.4701 9.44611 9.27243 26.4595 31.0357 19.9111 22.5803 19.1689 18.2027 15.6627 15.2421 15.1373 15.0072 14.4264 24.3776 16.2034 16.1128 15.5849 14.2125 13.7975 13.6564 24.6417 19.5872 13.566 13.3738 12.2131 11.7383 11.5567
threshold=-0.066281701391200196 -0.70710678118654757 -0.013144935549642354 196310800.00000003 14.500000000000002 0.0066666666616332923 0.049803830310612925 -0.00074910375086617955 -0.004752664325756161 -0.02082747139373475 -0.005387021624070119 -0.0058479532207345577 1.0000000180025095e-35 0.042196568117667539 0.077838679418948023 -0.0054014373636303908 0.021978021973810605 0.0050125313282878255 0.17165178571428577 -0.0076309409110133118 0.24999999995109379 0.31436636007401236 -0.043511377908966968 0.056910569105344054 -0.0070054642971594814 0.014201797044251022 1.7701466498213003e-05 41.495939072157789 -0.055510680308741726 0.10007473841554561
decision_type=8 2 8 2 2 10 8 8 10 10 10 8 2 8 10 2 10 8 10 8 8 2 2 10 8 10 10 2 8 10
left_child=1 2 -1 -3 11 7 -7 8 13 10 -8 20 -11 26 -10 16 17 -13 22 -19 -2 -18 23 -17 -24 -22 -6 -14 -15 -9
right_child=4 3 -4 -5 5 6 9 29 14 12 -12 15 27 28 -16 18 21 19 -20 -21 25 -23 24 -25 -26 -27 -28 -29 -30 -31
leaf_value=0.019984704048837201 0.0014311418003089536 0.0027302096806500992 0.0017385205979099764 -0.017114383260626847 0.026528420739629015 0.010308155500855168 -0.0050678688691124935 0.0034443743285028912 -0.0088041907470387138 0.013960571821943733 0.026614473785740906 -0.022451341017611839 0.0008664422384318212 0.0072571594921693027 -0.001220762356507701 0.0086645049320580123 0.009059652108251234 -0.00098945832757474025 0.0093340096484229862 0.0049041786251065545 0.00033036626158397574 0.032725060707255373 0.017287322831904473 3.911468581770441e-05 -0.0013252913343359516 -0.0062329849935959108 -0.00048933525429982418 -0.011484408841919865 -0.00041574738665311453 -0.012052489831558832
leaf_weight=69.182164799422026 485.83108628168702 155.14206082373857 66.022054973989725 24.0513965934515 43.810158655047417 110.0923054497689 37.390367776155472 3026.1645240969956 297.99196049384773 24.870974201709032 27.453444931656122 24.005886621773243 84.289999563246965 267.01136392354965 1103.5040095932782 356.35274936351925 77.047602960839868 828.16266271658242 146.30828623101115 785.32701070420444 384.74636630900204 31.219753406941891 50.185360804200172 1802.0438827425241 8239.5381693607196 1065.3157047843561 25.69224364310503 473.01937316358089 540.72856653854251 42.900195378810167
leaf_count=361 2743 764 338 123 227 855 198 19054 1901 141 143 128 458 1289 6839 2646 375 4540 812 4575 2798 143 248 11577 59167 8499 141 3246 2938 223
internal_value=-1.383e-06 0.0048182 0.0111751 0 -7.611e-05 0.000902147 -0.00434219 0.00164585 -0.000477361 -0.00685166 0.00850066 -0.000494688 -0.00857841 0.00329346 -0.00284045 -0.000100763 0.00242502 0.00150653 -0.000517437 0.00187853 -0.00300283 0.0161483 -0.000656557 0.00146791 -0.00121018 -0.00449043 0.0166332 -0.00961283 0.00212278 0.00322292
internal_weight=20695.4 314.398 135.204 179.193 20381 6104.92 757.116 5347.8 2278.74 647.024 64.8438 14276.1 582.18 877.242 1401.5 12340.2 1745.76 1637.5 10594.4 1613.49 1935.89 108.267 10448.1 2158.4 8289.72 1450.06 69.5024 557.309 807.74 3069.06
internal_count=137490 1586 699 887 135904 37653 5041 32612 13335 4186 341 98251 3845 4595 8740 84211 9761 9243 74450 9115 14040 518 73638 14223 59415 11297 368 3704 4227 19277
is_linear=0
shrinkage=0.03


Tree=203
num_leaves=31
num_cat=0
split_feature=74 28 28 47 14 68 4 38 74 84 83 18 44 82 43 48 44 35 8 12 77 47 23 19 85 55 36 62 43 70
split_gain=8.06592 14.3538 26.1061 17.2246 16.2536 17.7581 16.0254 20.8113 14.1608 16.5901 19.7316 20.9184 20.6716 23.1711 14.7308 12.5583 15.5076 13.1487 12.0052 11.0943 18.0779 10.7609 14.1536 13.2489 12.852 12.6679 19.3454 37.0227 16.6627 16.2708
threshold=3051552550.0000005 0.057142857142380959 0.068965517241351249 0.014480086740355768 -0.041176470590209339 -57.142857138510202 -0.039665058387525313 -0.010411583338158279 998118850.00000012 0.0036895895133037819 -0.00014217961053743081 0.19064323929751895 0.06232311586896689 0.0022215617522495907 -0.0037382568606909579 3.0170664106096545 0.073037402173241187 78.13506749621763 0.011363636363539516 0.040161290322580652 0.012270086243652337 0.051428571428108576 0.53795212604150466 0.99999999999435019 0.33215026439908341 33.333333325909095 -0.018692120883450177 0.13393849432715046 0.16791862268518901 10.674189161305693
decision_type=2 10 10 8 10 10 10 2 2 10 8 10 2 10 2 10 2 2 8 8 10 10 10 8 10 8 2 2 2 10
left_child=8 -2 -3 -4 6 -6 -5 -8 21 10 12 15 13 14 -10 17 -17 -12 -11 -13 -21 24 -23 -24 25 28 -27 -28 29 -1
right_child=1 2 3 4 5 -7 7 -9 9 18 11 19 -14 -15 -16 16 -18 -19 -20 20 -22 22 23 -25 -26 26 27 -29 -30 -31
leaf_value=-0.0010716666474436913 -0.020996847789335974 0.025504813254029386 -0.02481539668910045 0.0049810155661707475 0.029640432433057411 0.0012220095269748607 -0.021926710664738266 -0.0029376405474290635 0.0026115577258558377 0.024027656092111341 0.002901070087396128 0.018094237989308926 -0.008795398578524528 0.035468277218916017 0.028984371762336914 0.0081644954417536691 -0.013966869387400143 -0.023586500292207879 0.0062148760094765283 -0.0057600059472240313 0.013763304030470961 0.00069663982965275902 -0.0077687725762092541 0.016171354025757777 0.022869306485912951 0.0030607625611877467 -0.0024903800274523199 0.0014099711906581252 -0.024005957875838636 0.019515199222031716
leaf_weight=6156.1560570951551 38.661435129120946 27.795277994126081 32.037940280511975 80.442971654236317 22.602889955043793 124.76302642561495 86.608818426728249 129.57977882400155 111.03454517759383 36.3144695982337 20.977587388828397 35.15349342674017 51.152792096138 31.880691092461348 22.166776578873396 54.380099423229694 57.619396731257439 77.477683085948229 436.15829905681312 142.42986196279526 59.770902968943119 433.73567479662597 472.13505014963448 20.771279703825712 21.211401045322418 2328.5911965128034 3414.6953175775707 6104.2489926619455 27.36907073110342 33.735206870362163
leaf_count=39837 370 238 270 454 148 849 566 782 750 221 190 188 290 190 156 296 319 582 2622 752 307 2543 3028 101 155 14212 28239 38502 137 196
internal_value=-1.27536e-06 -0.00360781 -0.00222857 -0.00390425 -0.00233623 0.00577143 -0.00638004 -0.0106247 9.58515e-05 0.00334732 0.000282934 -0.00330522 0.0077086 0.0128628 0.00720603 -0.0101716 -0.00321753 -0.0179403 0.00763817 0.00278754 3.56867e-05 -9.85189e-05 -0.00324991 -0.00672315 6.29485e-05 3.47391e-05 0.000610385 1.0383e-05 -0.00106164 -0.000955849
internal_weight=20691.7 542.492 503.831 476.035 443.997 147.366 296.632 216.189 20149.2 1136.52 664.044 447.809 216.235 165.082 133.201 210.455 111.999 98.4553 472.473 237.354 202.201 19012.6 926.642 492.906 18086 18064.8 11847.5 9518.94 6217.26 6189.89
internal_count=137490 3677 3307 3069 2799 997 1802 1348 133813 6863 4020 2634 1386 1096 906 1387 615 772 2843 1247 1059 126950 5672 3129 121278 121123 80953 66741 40170 40033
is_linear=0
shrinkage=0.03


Tree=204
num_leaves=31
num_cat=0
split_feature=31 47 74 77 19 18 65 75 39 20 53 64 16 36 42 47 60 73 20 14 22 38 40 64 37 39 83 87 51 85
split_gain=7.98961 23.8996 27.3677 53.295 30.6675 39.6905 10.5032 9.16287 23.5324 19.08 23.2175 18.9271 17.163 18.8951 29.8904 24.1044 23.4896 20.4091 18.911 20.0687 18.747 32.8591 25.8581 24.1221 21.4498 47.5559 27.9004 18.033 24.0959 25.9023
threshold=7713.0826444125305 0.013698630136947209 -1858999.9999999998 -0.0049434584622211394 0.29032258063813737 0.066666666650666687 0.0048308488044454161 0.027519454446176327 27.401520081235898 -0.041666666673987211 0.01941966463032797 0.05369790758166379 0.62499999998567723 0.20923056870297055 0.10653220711552804 0.036658293964778495 0.32087118565105993 22.730834829251034 -1.9803825246356152e-11 -2.4695023803644741e-11 0.666666666625926 0.018749779243136481 0.037363195271262757 -1.0503102488218681 58.978667703293503 41.693964978688506 0.0028338589322781005 2.5000000000000004 0.0076530612242620274 0.014336910761438846
decision_type=2 8 2 10 10 10 2 8 2 10 10 2 8 2 2 10 10 2 8 10 10 2 2 2 2 2 10 2 8 8
left_child=7 2 3 -2 -5 -6 -3 12 -9 -10 11 -11 20 14 15 17 18 -14 19 -15 27 22 23 -22 25 -23 -26 28 -1 -30
right_child=1 6 -4 4 5 -7 -8 8 9 10 -12 -13 13 16 -16 -17 -18 -19 -20 -21 21 24 -24 -25 26 -27 -28 -29 29 -31
leaf_value=-0.0063854047496392135 0.05232087577582209 -0.017994448834141006 -0.027151986914359154 -0.026193592186513855 0.04357892159607276 -0.0076227192406750112 0.0034364666420347019 0.01438091874678621 -0.00075191768356546861 -0.0037598291259415169 0.00041240808644842563 0.017036571442212531 -0.0016281850058403006 0.0043067282842714641 -0.011101102367991059 -0.0096474755356996643 -0.0060153059021173802 0.0059658704896887434 0.013343167130764017 -0.021329404704239014 0.042237917312402215 0.0053797661521407438 -0.017845591945083537 0.013328233481945055 -0.0034935489576935529 0.047948336085712827 0.0055416045082117968 -0.0015166281778544485 0.017598256711720453 0.0011481923382024757
leaf_weight=380.67778885550797 20.717929601669312 108.72157910466194 19.839259445667267 26.955106280744076 21.164199382066727 34.561154022812843 24.701979227364063 127.7783931568265 1380.9036117177457 48.797833831980824 311.42907527834177 192.08208588138223 3731.2215238325298 233.90150474011898 318.5681207627058 309.94089190103114 179.77326564118266 347.12294257804751 211.6164813414216 30.112006686627865 33.110221043229103 197.56796703115106 17.466441549360752 119.52497642301023 703.70854924805462 25.931315023452044 544.76153805106878 4325.5146007835865 86.330003937706351 6574.4717144509777
leaf_count=4038 103 685 157 199 125 198 141 614 8831 364 1667 1185 26759 1319 1652 2015 1009 1907 1342 172 182 917 117 886 4283 148 3015 29965 757 42738
internal_value=-1.21742e-06 -0.00525111 0.00424226 0.0104971 -0.000447242 0.0121959 -0.0140084 6.48362e-05 0.00196119 0.00113172 0.00583955 0.0128131 -0.000147838 -0.00157602 -0.00224099 -0.00159472 0.00319107 -0.000979788 0.0066824 0.00130203 0.000440696 0.00343601 0.0158829 0.0198531 0.0019858 0.0105237 0.000447758 7.46666e-06 0.000944212 0.00136446
internal_weight=20689 256.661 123.238 103.398 82.6805 55.7254 133.424 20432.3 2060.99 1933.21 552.309 240.88 18371.3 5362.26 4706.85 4388.29 655.403 4078.34 475.63 264.014 13009.1 1642.07 170.102 152.635 1471.97 223.499 1248.47 11367 7041.48 6660.8
internal_count=137490 1608 782 625 522 323 826 135882 12661 12047 3216 1549 123221 36175 32333 30681 3842 28666 2833 1491 87046 9548 1185 1068 8363 1065 7298 77498 47533 43495
is_linear=0
shrinkage=0.03


Tree=205
num_leaves=26
num_cat=0
split_feature=45 16 57 47 87 66 56 53 72 91 45 85 51 46 19 90 0 43 48 52 42 51 14 60 91
split_gain=8.0524 18.2681 18.4725 15.4435 15.9362 13.621 18.2748 20.2703 17.9912 14.6645 13.7788 15.3607 21.9353 15.6019 13.6375 21.8078 12.9745 10.6055 12.1626 13.2562 9.92771 9.61467 8.28843 6.65801 2.96279
threshold=0.53385521942066738 0.99999999999890721 99.999999894302007 0.012793176972138243 3.5000000000000004 99.999999998984762 94.932122533094514 0.072364725691475992 204444250.00000003 1.0000000180025095e-35 0.38529443986601669 0.01684935572887326 0.018647281921494445 9.3204792567661858 0.99999999997530509 1.0000000180025095e-35 0.098974915159360535 0.13882693393833448 34.321428571428577 0.064246778172222116 0.2252269133055427 0.040399164548799986 -5.4200532950687822e-12 0.12506410256410264 1.0000000180025095e-35
decision_type=2 10 10 10 2 10 10 10 2 2 2 10 10 10 10 2 10 2 10 10 2 10 10 8 2
left_child=1 2 5 22 17 10 7 8 -7 -8 14 12 -12 -13 16 -16 -1 21 19 20 -19 -5 -2 -6 -4
right_child=3 -3 24 4 23 6 9 -9 -10 -11 11 13 -14 -15 15 -17 -18 18 -20 -21 -22 -23 -24 -25 -26
leaf_value=-7.9762035532446278e-06 -0.0031992591612060501 -0.023436417657406849 0.012092250141703887 -0.032140836600582388 0.018724424649381299 0.018313657423638181 -0.018231246412365169 0.035447234523063517 -0.0035096450102725511 0.0075073590871734021 -0.005611060487499063 -0.023337531304833566 0.016085706206460059 0.0027732425820711612 -0.026173611834269601 0.0054566065744647901 -0.0092297252374272144 0.01152710739541821 0.007736764756441054 -0.029686710769338896 -0.01199304919245512 -0.0068325020626510214 0.02442830327168 -0.0039903515165523899 0.031824557113221005
leaf_weight=19534.768122959882 16.627496559172869 28.714128818362951 16.135227445513014 34.189489796757698 23.960458986461163 69.439318925142288 36.921731479465961 28.462631687521935 64.828600436449051 40.932534173130989 55.193120405077934 24.601336885243654 165.9411616101861 104.01286408305168 44.336683131754398 33.834334507584572 137.28839099034667 21.219177082180977 36.988516882061958 27.306083228439093 58.087534483522177 23.567736882716417 21.463890697807074 20.840476457029581 15.698594737797974
leaf_count=131196 98 158 126 171 122 332 178 134 327 225 286 152 780 587 216 168 874 102 199 137 350 134 175 132 131
internal_value=-1.1662e-06 6.86742e-05 0.0001031 -0.0050069 -0.00777062 6.66548e-05 0.00714771 0.0128463 0.00780648 -0.00473732 -1.83033e-05 0.00587549 0.010656 -0.0023396 -0.000123118 -0.0125494 -7.29518e-05 -0.0113699 -0.00688737 -0.0120137 -0.0055975 -0.0221569 0.0125184 0.00823606 0.0225873
internal_weight=20685.4 20401.1 20372.4 284.251 246.159 20340.6 240.585 162.731 134.268 77.8543 20100 349.748 221.134 128.614 19750.2 78.171 19672.1 201.359 143.601 106.613 79.3067 57.7572 38.0914 44.8009 31.8338
internal_count=137490 135870 135712 1620 1347 135455 1196 793 659 403 134259 1805 1066 739 132454 384 132070 1093 788 589 452 305 273 254 257
is_linear=0
shrinkage=0.03


Tree=206
num_leaves=31
num_cat=0
split_feature=61 66 20 31 50 74 24 24 28 24 74 50 28 20 15 32 26 91 20 26 38 77 20 42 20 39 23 50 28 74
split_gain=7.83269 18.1113 17.2109 18.7052 19.6594 38.2138 24.8986 35.6383 24.041 20.9568 64.8923 45.7241 25.3017 22.7332 19.2963 17.08 14.5062 13.5011 23.4899 22.4855 40.0841 22.0549 20.1871 19.8015 32.5106 22.8911 19.7477 46.164 19.0928 18.8227
threshold=-0.11898326898326898 99.999999981666676 -0.27677308437500836 8078.8406108617219 2.2571428843906953 -25356449.999999996 0.16169922372226134 0.069487852018722332 0.48850557838911601 0.043228810473395995 43350.000000000007 14.303571428571431 0.11688311688197843 -0.4101914962690324 -7.4175832143197327e-11 0.0034668463998945858 0.044554455445379136 1.0000000180025095e-35 -0.14688382768495403 0.051948051947545967 -0.01445636317211507 -0.20569451369374642 -0.1136363636447572 -0.0061142319625829269 -0.097142857143630953 24.315900152571661 0.27637837106500557 1.1500000272478379 0.1609195402295614 4579953250.000001
decision_type=10 10 10 2 8 2 10 10 10 10 2 8 8 10 10 2 10 2 10 10 2 10 10 2 10 2 10 10 10 2
left_child=1 -1 3 4 5 6 7 -2 14 10 11 -6 -11 -14 -7 -10 -12 18 19 20 28 -21 26 24 -24 -25 27 -20 -4 -23
right_child=2 -3 17 -5 9 8 -8 -9 15 12 16 -13 13 -15 -16 -17 -18 -19 22 21 -22 29 23 25 -26 -27 -28 -29 -30 -31
leaf_value=0.0015453059143220173 0.027883325732865713 0.026351443285663325 -0.0025950462274532066 -0.029894179350260106 0.055412610976993633 0.011021606133042341 0.043599316191959232 -0.027230457497036779 -0.0067225646096303422 -0.020432671797517184 -0.025040543026039884 0.0042152158820925609 0.0043325254190795621 -0.0047093503700214789 -0.01066957895530761 0.026791050099124341 0.0026135490610120051 0.00084379031376066824 0.025416512325412786 0.03228653460278974 0.047759656587662611 0.0011557719372047568 0.0028847527704921002 0.010012710317995551 -0.010450763703736316 -0.00063354090835452174 -0.0085140067380272324 -0.004705258609648909 0.026192987149265372 -0.025799818241894024
leaf_weight=1695.0475998651236 22.310370393097401 25.935542210936546 71.840497648343444 21.695529885590076 34.852143086493015 38.189003463834524 19.57914200425148 18.293964210897684 24.766050955280662 58.586831972002983 28.317850150167942 28.485494583845139 486.55887088552117 513.08722525276244 654.97416550945491 28.431516701355577 40.0687545388937 9960.8842238299549 54.347130540758371 19.236348792910576 24.704550703987479 1636.5615997146815 259.14074414037168 191.46803852543235 446.56265291664749 3267.5947852861136 697.86543204821646 264.12893833778799 27.979622095823288 22.645526379346848
leaf_count=8968 176 153 504 157 239 214 112 146 123 455 218 184 2923 3090 4595 128 295 66963 309 113 190 9950 1852 983 4056 23511 4902 1670 159 152
internal_value=-1.15272e-06 0.00193597 -0.000177205 -0.00279538 -0.00248458 -0.00609741 0.016701 0.00292246 -0.00795968 -3.02487e-05 0.0112048 0.0328571 -0.00144083 -0.000305458 -0.00945605 0.0112973 -0.0089902 0.000134597 -0.000876421 0.00207134 0.0143213 0.00115274 -0.00190299 -0.000976433 -0.00555244 -4.0653e-05 -0.0056922 0.000489022 0.00562426 0.000770746
internal_weight=20684.1 1720.98 18963.2 2018.2 1996.5 806.544 60.1835 40.6043 746.361 1189.96 131.724 63.3376 1058.23 999.646 693.163 53.1976 68.3866 16945 6984.08 1802.97 124.525 1678.44 5181.11 4164.77 705.703 3459.06 1016.34 318.476 99.8201 1659.21
internal_count=137490 9121 128369 13055 12898 5494 434 322 5060 7404 936 423 6468 6013 4809 251 513 115314 48351 11068 853 10215 37283 30402 5908 24494 6881 1979 663 10102
is_linear=0
shrinkage=0.03


Tree=207
num_leaves=31
num_cat=0
split_feature=76 57 40 82 14 31 15 52 26 15 20 72 77 57 77 49 68 14 74 57 21 82 51 46 40 74 76 51 77 74
split_gain=8.00552 19.8363 26.8914 17.594 20.598 19.732 19.5855 18.5254 31.9528 10.9226 20.4869 12.7333 13.0416 10.1457 9.29373 24.9853 62.6018 47.3487 33.2611 32.7045 23.3017 27.3146 41.512 21.8949 32.6434 21.1009 21.052 20.5036 37.0327 31.8383
threshold=-0.16118680617397782 29.411764669550177 -0.010667889076840185 -0.0018917921087735312 -0.020000000005716608 37.047198313032773 0.045112781954612109 0.0076880422627701407 0.067961165048048847 -1.0555556428926137e-10 -0.10000000003749997 6174800.0000000009 -0.0016571819759779701 49.99999984250001 0.00029385104309876834 0.0063775510203227508 -66.666666658777771 -2.6671331809779982e-11 95150.000000000015 64.516128986659751 0.12195121949167166 0.0010387722184304613 0.022558611338212655 1.0056877136230471 -0.0059610132329117596 -187481499.99999997 0.00027708486592937582 0.0082706766917238841 -0.022146165434738959 -105092849.99999999
decision_type=8 10 2 10 10 2 10 10 10 8 8 2 10 10 8 8 10 8 2 10 10 10 10 8 2 2 10 10 10 2
left_child=1 2 -1 6 7 -6 -3 -5 -9 10 11 12 -2 -10 27 16 -16 19 -19 -18 23 22 -22 24 -17 -25 -23 28 -11 -30
right_child=9 3 -4 4 5 -7 -8 8 13 14 -12 -13 -14 -15 15 20 17 18 -20 -21 21 26 -24 25 -26 -27 -28 -29 29 -31
leaf_value=-0.003732319979184232 0.02835772643093919 -0.025344082944160407 0.03608295915708163 -0.022162967900749175 0.0065644684803897319 -0.034806673172657662 0.0032788043780247558 0.038776418381418404 0.013349155281232768 -0.025225590399828617 0.036337740453087242 -0.013338427144020525 0.00090286058216388243 -0.0097213259649422106 -0.009293883884958146 -0.0011996993570978706 0.044086158551809806 -0.018357202231421704 0.01872087506437389 0.0047429111619866227 0.0085196981820935686 -0.0072134696553435894 -8.4229858750472353e-05 -0.013220663559403894 -0.014010155684239627 -0.0011217254498945069 -0.00033248795887563895 0.0010761396915556711 0.019030062434322748 -0.0036681105179122118
leaf_weight=43.954489750787616 22.725013695657253 78.361828176304698 22.173527559265494 17.943845611065626 16.042043678462505 26.509890718385577 28.986395575106144 24.850105276331306 27.953303785994649 65.774871230125427 19.657465286552906 28.083206281065941 46.211578760296106 41.084380775690079 115.4635167978704 376.63303951267153 68.89155063405633 37.379617941565812 49.292263958603144 26.726903542876244 787.87338130734861 465.27761749736965 1399.0252324379981 133.83176580630243 341.53581137396395 3487.1202525831759 2831.1502441894263 9253.8051606575027 59.143869079649448 735.28104076720774
leaf_count=244 187 470 118 156 79 243 169 181 175 563 118 183 281 241 751 2620 499 277 322 137 4369 2662 8615 891 2872 25165 16211 61011 378 7302
internal_value=-1.04075e-06 -0.00464452 0.00991218 -0.0083575 -0.00181967 -0.0193483 -0.0176287 0.00493575 0.0103255 7.38444e-05 0.00918728 0.00334105 0.0102723 -0.000280047 2.06936e-05 -0.00062187 0.00792402 0.0188375 0.00266873 0.033283 -0.000882012 0.000417354 0.00301661 -0.00252442 -0.00730708 -0.00157326 -0.00130651 0.000663945 -0.00376295 -0.00195269
internal_weight=20678.7 327.86 66.128 261.732 154.384 42.5519 107.348 111.832 93.8878 20350.9 116.677 97.0198 68.9366 69.0377 20234.2 10120.2 297.754 182.29 86.6719 95.6185 9822.45 5483.33 2186.9 4339.12 718.169 3620.95 3296.43 10114 860.2 794.425
internal_count=137490 2076 362 1714 1075 322 639 753 597 135414 769 651 468 416 134645 65391 1986 1235 599 636 63405 31857 12984 31548 5492 26056 18873 69254 8243 7680
is_linear=0
shrinkage=0.03


Tree=208
num_leaves=31
num_cat=0
split_feature=11 8 53 12 18 48 64 33 83 18 8 24 8 33 7 8 72 30 83 57 74 51 47 82 18 59 83 51 7 86
split_gain=7.80824 11.659 12.0493 15.2692 11.302 21.0658 17.4195 14.4518 18.1505 13.5409 12.2329 12.1278 10.5439 21.5299 16.3713 15.8833 15.3769 34.936 37.15 29.8609 21.4602 21.2632 19.2632 18.9607 17.5551 14.3954 18.1343 20.4577 15.703 18.6845
threshold=0.49999984604972847 0.0099009900989363801 0.003084231693103148 0.499998383517337 -1.9803825246356152e-11 1.0000005449567524 -0.089847087032296033 198.31574820981876 -0.0002284862571493412 0.0068965517217074454 0.026315789473395662 0.022535341912040398 0.011904761904655614 46.217774286468249 -0.0060606060627143568 0.012948292863708424 2368900.0000000005 -0.0063467822154361633 0.0036013012122995533 39.999999832000007 -146389599.99999997 0.02521008403318092 0.044372294372168324 -0.0051842726682496832 -2.4695023803644741e-11 -0.003824105758825413 0.015485659396734632 0.010952380952326193 0.0063291139218214507 15.500000000000002
decision_type=10 10 10 10 10 10 2 2 10 10 10 10 10 2 8 10 2 2 10 10 2 10 10 8 8 8 8 10 10 2
left_child=12 -2 3 -3 6 -6 -4 8 -8 10 -7 -11 16 -14 -15 -16 17 18 19 -1 -19 -21 25 -22 -25 26 27 -18 -27 -30
right_child=1 2 4 -5 5 9 7 -9 -10 11 -12 -13 13 14 15 -17 22 20 -20 21 23 -23 -24 24 -26 28 -28 -29 29 -31
leaf_value=-0.0013264713162143094 -0.0025950927022987502 0.0047758003385456205 0.026657358536386167 0.030644771836639211 -0.016165742177198853 -0.014045669103648442 -0.015283925124770106 0.023132624959413386 0.018216004125937088 0.017794993965820894 0.0098232947317256781 0.0017441476383968709 0.028576915072235115 -0.0055584138682166001 -0.0081979030389037477 -0.00044826196656321915 -0.0069588929304514255 0.015761229774278424 -0.010843287582476401 0.0064541172063202904 0.0057237845057200431 0.019768318238373755 -0.0053799274903412056 -0.01643625507053242 -0.003395815073555253 0.0036474328571271513 -0.012469020427578852 0.0014468623532544139 0.0040064811609782734 -0.0078421591497666882
leaf_weight=355.54917011037469 606.41498205438256 75.383585643023252 39.368735134601593 27.685693006962538 60.375357877463102 85.124915014952421 44.001292213797569 22.056185975670815 20.502031728625298 42.081255938857794 23.983378708362579 2800.8361386172473 20.708569031208754 733.39706383831799 248.18671705015004 5357.3559857103974 295.97453645989299 53.683081440627575 141.94549725949764 457.52523801475763 198.1634135171771 141.65252934023738 374.156658872962 95.605994593352079 2590.3967880345881 3061.7016247212887 101.4823399707675 2123.2777065224946 227.78032127767801 250.14624927192926
leaf_count=1693 3853 492 219 202 518 553 279 116 120 319 124 17639 212 6863 2038 38759 2200 378 667 2342 907 783 1896 553 19205 19180 556 11920 1350 1554
internal_value=-1.12206e-06 0.00121776 0.00193259 0.0119811 0.00159791 0.00122685 0.0103709 0.00270941 -0.00447482 0.00158894 -0.00873016 0.00198896 -0.000280048 -0.0012435 -0.00134589 -0.000793315 0.000304999 -0.00114644 0.00341944 0.00555224 -0.00285244 0.00963444 0.00121557 -0.00320528 -0.00386704 0.00162408 -0.000107438 0.000414801 0.00285771 -0.00219225
internal_weight=20676.5 3847.81 3241.4 103.069 3138.33 3012.4 125.928 86.5595 64.5033 2952.03 109.108 2842.92 16828.7 6359.65 6338.94 5605.54 10469 4034.52 1096.67 954.727 2937.85 599.178 6434.52 2884.17 2686 6060.36 2520.73 2419.25 3539.63 477.927
internal_count=137490 24434 20581 694 19887 19153 734 515 399 18635 677 17958 113056 47872 47660 40797 65184 26528 5485 4818 21043 3125 38656 20665 19758 36760 14676 14120 22084 2904
is_linear=0
shrinkage=0.03


Tree=209
num_leaves=31
num_cat=0
split_feature=76 50 17 20 28 52 83 49 75 35 79 44 5 47 52 64 16 67 49 61 74 83 74 77 74 23 83 20 68 21
split_gain=7.90572 14.2658 9.75826 17.0661 16.9949 15.0295 10.3975 9.8003 8.38464 15.7225 15.5813 15.9578 17.0184 16.6602 15.1079 19.8058 12.8139 24.269 24.0071 26.931 24.5473 36.1411 33.7941 24.523 20.6413 19.9745 18.2578 23.3419 17.9544 29.5193
threshold=0.189768214815321 33.767857142857146 -2.0620671836724111e-11 -0.011881199766159587 0.15358361774737742 0.011423723536685785 -0.00020396091272574789 0.023364485981144646 0.013270097608829296 7267.1643585936499 4.0620911760608989 -0.023482838223036203 -0.099882629107981222 0.035036759035189831 0.013336402374291271 4.3500823442432113 0.4444444444058025 19.999999996000014 0.0054945054943293893 -0.0081190947044605926 29108600.000000004 -0.0056528210253455882 -56167949.999999993 -0.0038944474871493505 3051552550.0000005 0.52066780744261554 0.0038976790490872623 -0.02840909091323118 -13.33333333313333 0.15151515148898079
decision_type=10 10 10 10 8 10 10 10 8 2 10 2 8 8 10 2 10 10 10 10 2 8 2 10 2 10 10 10 10 10
left_child=8 2 3 4 6 -6 -2 -7 16 10 11 14 -13 -14 -10 -16 17 -1 19 -18 21 -20 -23 25 -25 -22 27 -21 -19 -30
right_child=1 -3 -4 -5 5 7 -8 -9 9 -11 -12 12 13 -15 15 -17 18 28 20 26 23 22 -24 24 -26 -27 -28 -29 29 -31
leaf_value=-0.0010906428535629677 0.0041547097226159856 -0.023749288540366696 -0.019747692468832158 0.021291554405518234 0.025140382096330301 -0.012625517058190474 -0.027500481589841114 0.0032949513197253347 -0.0094542319108865975 -0.014562609477214723 -0.013980933861050602 0.02174284645430671 0.0047019328978110207 -0.0010171866891237279 0.0044816078246376718 -0.011364537580960397 0.032098089529892668 0.00171665466047371 0.018151928022830176 -8.6698932160188179e-05 -0.0067525041668900516 0.0021037758342280491 -0.0047895348724010141 0.00043585465610495769 -0.0091944035459199311 0.014083943599373835 -0.021113568667583488 0.0233635397459401 0.0021657487570346384 0.048466314690480072
leaf_weight=4509.7466089576483 12.121108988299964 31.086507484316826 25.764667518436909 27.221301794052124 19.347217615693808 52.719725975766778 34.632272482849658 97.532444186508656 178.98039390705526 52.387761749327183 53.741643901914358 43.422137655317783 1508.0653058318421 656.87073446810246 319.40886505879462 90.160940624773502 35.328474700450897 5335.0105934273452 70.421413220465183 122.24367901496589 51.85168881341815 803.54981975443661 3125.4232013141736 2879.3275161786005 214.26585408858955 191.93083454109728 22.142237804830074 54.395396829582751 34.271791325882077 18.634030066430569
leaf_count=28786 135 203 143 148 117 297 370 655 1350 331 387 225 9322 3755 2064 485 216 35249 340 783 327 5175 22955 20042 1628 1253 109 304 247 89
internal_value=-1.08699e-06 -0.00482418 -0.00254902 -0.000644213 -0.00350321 0.000925895 -0.0193157 -0.00231785 7.01265e-05 0.00156292 0.00186532 0.00217576 0.00334586 0.00296562 -0.00220784 0.000966815 -0.000177859 0.000532542 -0.00110693 0.00832805 -0.0014095 -0.00299448 -0.00337878 0.000489312 -0.000232934 0.00963037 0.00394898 0.0072087 0.00189167 0.0191256
internal_weight=20672 300.425 269.339 243.574 216.353 169.599 46.7534 150.252 20371.6 2903.04 2850.65 2796.91 2208.36 2164.94 588.55 409.57 17468.5 9897.66 7570.88 234.11 7336.77 3999.39 3928.97 3337.38 3093.59 243.783 198.781 176.639 5387.92 52.9058
internal_count=137490 2068 1865 1722 1574 1069 505 952 135422 17919 17588 17201 13302 13077 3899 2549 117503 64371 53132 1412 51720 28470 28130 23250 21670 1580 1196 1087 35585 336
is_linear=0
shrinkage=0.03


Tree=210
num_leaves=31
num_cat=0
split_feature=0 47 51 53 83 36 18 86 84 14 81 83 84 17 21 76 49 6 56 7 49 7 72 2 43 30 20 19 40 6
split_gain=7.68531 9.63563 13.0422 12.0158 11.431 12.3542 13.174 10.9258 19.7946 22.2727 20.8256 16.9093 14.0405 13.9491 13.7424 20.8304 12.7442 14.1597 12.5117 12.3712 13.8365 12.25 13.0112 13.5228 12.2562 27.6235 17.0653 11.6404 10.9163 10.769
threshold=-0.053111172566371649 0.052795031055039833 0.048694355642103573 0.022268823572995675 -0.008254175792406844 -0.10651450879210105 0.25762223461321815 14.500000000000002 -0.0099996323799720326 -0.019323671498295166 -0.00074910375086617955 -0.00051839487324278552 0.071459057374550342 -0.35814496314719002 0.42180094786547923 -0.00063297349796309253 0.039549690165984717 -0.082821392228545551 33.054349344775197 0.004629629628001731 0.047619047612433872 -0.011764705891072645 7727300.0000000009 -0.024357284113381669 -0.053908294054908983 -0.001385018185977027 -0.27677308437500836 0.23529411763667826 0.17520296686401851 -0.0051480136750324803
decision_type=10 10 8 10 8 2 8 2 10 8 10 8 10 10 8 10 10 8 8 8 10 10 2 10 2 2 8 10 2 8
left_child=-1 7 3 -3 -4 -6 -7 12 16 10 11 -10 21 -14 -15 -16 17 27 -19 20 -18 22 23 -2 25 -23 -26 -9 -12 -11
right_child=1 2 4 -5 5 6 -8 8 9 29 28 -13 13 14 15 -17 19 18 -20 -21 -22 24 -24 -25 26 -27 -28 -29 -30 -31
leaf_value=0.0037783076668388093 0.0047478354496527627 -0.016354147843373853 -0.01489074395233829 -0.0040089950067391644 0.020084672895367476 -0.010266806615989712 0.0061486159652912268 0.0013928526172028136 0.0022985800847377391 -0.014895591014521871 0.0036731101873580399 -0.0029029623809946783 -0.0090602612198225109 0.0023492615298264471 0.022170900947945157 0.0007655384239448384 0.024501832757575021 0.02198839597595351 0.0030892897929102017 -0.0072041487512530551 0.00028658782988498261 -0.0038842271925767684 -0.0088389854266232182 -0.0052780019304245257 -0.0061246881918171573 0.01430568965170812 -0.00030091878568574992 -0.024518709478631971 0.015284333977079873 -0.0036776314847511548
leaf_weight=472.1130593419075 206.23114537447691 82.878013661131263 30.727171424776316 479.5437138248235 36.558664124459028 60.912017375230789 150.80382403545082 31.716446114704013 990.67897861450911 89.791034745052457 840.28235238790512 1297.9176275301725 62.176417089998722 332.7456710524857 93.837054051458836 72.618368562310934 70.655373588204384 31.194360755383968 1762.2896443046629 21.889207864180207 30.57446595467627 143.13507320731878 323.66739540640265 289.92999456543475 470.68088744953275 155.93366782180965 11401.914468435571 29.140277944505215 79.228977203369141 528.28130771964788
leaf_count=2344 1020 509 178 2969 205 403 931 153 5649 878 5431 7788 309 1740 439 354 369 161 10292 123 161 775 2741 2586 2908 833 80183 142 391 4525
internal_value=-1.11048e-06 -8.9783e-05 -0.00323067 -0.00585929 0.00205948 0.00422064 0.00138563 4.67556e-05 0.00113596 -0.000123008 0.000881277 -0.000650008 -0.000419495 0.00422073 0.0058957 0.0129108 0.00357229 0.00294543 0.00343175 0.0128896 0.0172918 -0.000620544 -0.00416818 -0.00110352 -0.000381022 0.00560602 -0.000532547 -0.0111618 0.00469236 -0.00533361
internal_weight=20670 20197.9 841.423 562.422 279.002 248.275 211.716 19356.5 5803.64 3826.18 3208.11 2288.6 13552.9 561.378 499.201 166.455 1977.46 1854.34 1793.48 123.119 101.23 12991.5 819.829 496.161 12171.7 299.069 11872.6 60.8567 919.511 618.072
internal_count=137490 135146 5195 3478 1717 1539 1334 129951 36063 24662 19259 13437 93888 2842 2533 793 11401 10748 10453 653 530 91046 6347 3606 84699 1608 83091 295 5822 5403
is_linear=0
shrinkage=0.03


Tree=211
num_leaves=31
num_cat=0
split_feature=77 51 31 50 21 49 52 83 19 74 19 83 21 49 21 22 74 17 82 17 52 35 74 63 17 26 28 29 52 29
split_gain=7.72182 48.6656 22.0146 35.3191 26.508 34.7247 21.9216 21.8377 20.457 19.7889 19.4959 15.1794 13.1953 12.6479 41.8223 27.9175 34.8352 36.7592 26.2351 69.279 30.0625 24.6048 26.7587 57.8343 46.1456 17.2119 24.9031 17.1034 29.1493 27.3083
threshold=-0.033631625928958811 0.010687190560952808 4317.367551449247 90.250000000000014 -1.9803825246356152e-11 0.016806722688894386 0.01549428505047573 -0.0019850270690516228 0.29411764704584781 -489049.99999999994 0.41025643575649601 -0.0029793725553251145 -1.1805556532351599e-10 0.012388737178270345 0.041184826202226306 0.2499999999916295 -870199.99999999988 -0.035714285715208176 -0.00099303098381493446 -0.13793103448758906 0.006687591021921604 8004.3800343832518 29108600.000000004 -2.7918675864803313 -0.13636363636626506 0.019607843136966552 0.033685623306181141 84.244844732299597 0.018408618133890112 100.86085209873788
decision_type=8 10 2 10 10 10 10 10 10 2 10 10 8 8 10 10 2 10 10 8 8 2 2 2 10 8 8 2 8 2
left_child=1 6 3 4 5 10 -1 9 -9 -6 -3 -7 -2 14 15 18 -17 -18 20 -20 -14 22 24 -24 -16 -15 -27 28 -28 -29
right_child=12 2 -4 -5 7 11 -8 8 -10 -11 -12 -13 13 25 21 16 17 -19 19 -21 -22 -23 23 -25 -26 26 27 29 -30 -31
leaf_value=-0.029367729256157892 0.022180858649129713 0.035924376229338313 -0.024514054064871858 0.034209593977411745 0.010596902155029167 -0.021863337660599873 0.0016333483512716489 -0.015497890201150428 -0.001643819902514535 -0.0074551229283119896 0.0011884857705214643 0.0059702832676774382 -0.021392033134253287 -0.023895392318651509 0.018860544837470961 -0.018321225578971714 -0.017199977785582365 0.015269190571613273 0.050467409878901796 0.0015252273894408768 -0.0021872893561890451 0.029634708784443079 -0.026111288689997913 0.014411940462767723 0.00094287909438637034 0.026588580791843529 -0.0055019429409447771 0.004160716016666218 -0.00020359581891299237 -0.00024691220154994298
leaf_weight=80.229276435449719 23.385441549122334 50.173890044912696 31.238280437886715 26.456451281905174 150.74078527465463 24.535815723240376 27.094843558967113 163.88311240822077 231.33967966213822 84.359293434768915 20.666279366239905 55.870410988107324 87.65372820943594 26.7363655352965 139.61174991354346 183.34412271063775 51.977414850145578 75.93328068125993 25.81724501401186 898.87774828355759 429.98538720607758 33.211704693734646 33.714766316115856 368.04531869105995 1625.7866444457322 30.073304081335664 1378.0714479750022 1448.1163704991341 2903.2375045977533 9956.413778077811
leaf_count=757 274 293 195 131 846 127 129 1124 1593 471 137 377 715 652 631 2232 520 838 120 8859 2563 183 196 2368 10239 231 13827 9556 17099 60207
internal_value=-1.15839e-06 -0.00264664 -0.000200281 0.00076512 -0.000405424 0.010827 -0.0215707 -0.00311829 -0.00742074 0.00410257 0.0259902 -0.00265048 0.000125804 9.83413e-05 0.00161513 -0.00183927 -0.00997234 0.00202077 -7.63913e-05 0.00294796 -0.00548006 0.00436907 0.003967 0.0109475 0.00237142 -0.000282507 -0.000240627 -0.000293948 -0.00191062 0.000312809
internal_weight=20666.6 946.588 839.264 808.026 781.569 151.246 107.324 630.323 395.223 235.1 70.8402 80.4062 19720 19696.6 3953.96 1753.59 311.255 127.911 1442.33 924.695 517.639 2200.37 2167.16 401.76 1765.4 15742.6 15715.9 15685.8 4281.31 11404.5
internal_count=137490 6180 5294 5099 4968 934 886 4034 2717 1317 430 504 131310 131036 29464 15847 3590 1358 12257 8979 3278 13617 13434 2564 10870 101572 100920 100689 30926 69763
is_linear=0
shrinkage=0.03


Tree=212
num_leaves=31
num_cat=0
split_feature=13 8 50 74 74 8 85 29 8 66 33 47 25 76 51 17 77 49 85 11 19 41 63 48 40 39 85 17 26 23
split_gain=7.96029 29.1438 17.5945 23.0137 17.966 15.2527 22.5411 19.5269 15.4674 15.7799 17.9934 15.3573 15.2481 16.7207 14.965 15.5238 15.6693 13.6415 13.3496 19.7337 20.0432 16.2806 14.534 13.3355 22.2864 13.0257 14.7842 14.137 12.5271 12.4563
threshold=0.056079664569634889 0.019607843137198839 4.2247145516531814 14578800.000000002 -870199.99999999988 0.017857142857009994 0.13735669592973529 55.414712542293785 0.015873015872826912 18.421052631215378 113.54531162959755 0.020562770562653734 0.15317232125675681 -0.0025014044900354897 0.033646285809197297 -0.090909090920159405 -0.0025024390964786124 0.023809523809327819 0.085146477356342162 0.50000017960866872 0.74999999992187505 -0.055582697169534116 1.93754995803251 2.4469015938895091 0.20590182432258589 143.69234645175766 0.043118684573943598 -0.085714285716680258 0.14285714285668916 0.1481432230260851
decision_type=8 10 10 2 2 10 10 2 10 10 2 10 10 8 10 10 10 10 8 10 10 2 2 10 2 2 8 8 8 10
left_child=1 12 3 4 -3 6 8 -7 -2 28 -11 -12 13 -1 15 -15 -17 -8 19 23 22 -20 -21 24 -9 26 -5 -28 -10 -4
right_child=5 2 29 25 -6 7 17 18 9 10 11 -13 -14 14 -16 16 -18 -19 21 20 -22 -23 -24 -25 -26 -27 27 -29 -30 -31
leaf_value=-0.011052124922143216 -3.5120497758365066e-05 0.0072892779301057036 -0.0080301542092626344 -0.0038672755159584438 0.022367068951846682 -0.014714341751526932 0.031114955047645346 -0.0052679485322778144 -0.016009078833358142 -0.0084272418399969889 0.013600310697004814 0.001755341289778679 0.0008203235090343202 -0.0082049087967783069 0.022027568823758951 -0.021592266978936698 0.0072682185822119695 0.0071180988410365874 0.0051656096420083257 0.0061864646098895078 -0.0042636263984639168 -0.0046310209014331517 0.021922461132139262 -7.2503856407334284e-05 0.033561908178780353 0.021482764138741822 0.0037322809800236457 0.021743717216996236 0.011365702868352912 0.0037304457036316514
leaf_weight=228.93889155238867 11092.302521625534 151.92531513422728 121.27011719346046 192.40388536453247 136.58701440691948 99.280462983995676 29.449447475373745 765.22608574852347 50.293528886511922 58.396182373166084 265.51732376217842 157.79493314772844 1800.0242246352136 192.03426239639521 23.158568382263184 17.979405086487532 155.09362644702196 75.833533769473433 169.4365283511579 268.75066913291812 136.43511026352644 1455.5316340774298 65.582972280681133 2382.035413775593 12.533642752096055 33.888083979487419 216.6326946169138 47.260742217302322 20.332231681793928 239.36252818256617
leaf_count=1428 71349 795 582 1046 702 2714 251 7733 335 1249 1898 986 11256 1027 118 146 1020 548 1037 1720 770 10155 372 15372 81 171 1038 242 148 1201
internal_value=-1.29082e-06 0.00128973 0.00524333 0.00777778 0.0144903 -0.000269965 0.000334607 -0.00159694 0.000208799 0.00510398 0.00704962 0.00920656 -0.000573912 -0.00463968 -0.000832233 -0.00234662 0.00414604 0.0140883 -0.00134582 -0.000333055 0.00538928 -0.00360513 0.00933836 -0.00118799 -0.00459606 0.00379934 0.00243537 0.00703919 -0.0080377 -0.000227271
internal_weight=20661.3 3556.56 1139.33 778.698 288.512 17104.7 11749.9 5354.81 11644.6 552.334 481.708 423.312 2417.23 617.205 388.266 365.107 173.073 105.283 5255.53 3630.56 470.769 1624.97 334.334 3159.8 777.76 490.185 456.297 263.893 70.6258 360.633
internal_count=137490 20772 5777 3994 1497 116718 76764 39954 75965 4616 4133 2884 14995 3739 2311 2193 1166 799 37240 26048 2862 11192 2092 23186 7814 2497 2326 1280 483 1783
is_linear=0
shrinkage=0.03


Tree=213
num_leaves=31
num_cat=0
split_feature=60 29 81 51 7 50 59 7 45 21 74 58 5 15 83 35 52 74 18 37 91 90 52 74 83 20 50 74 49 52
split_gain=7.60203 19.4145 19.0308 24.7281 20.5536 18.9329 17.5874 17.0293 20.9093 20.7461 27.0747 25.325 16.8389 16.7969 30.9634 22.3896 22.8248 34.1938 22.5175 19.2568 19.4265 18.7981 16.8301 20.2182 16.5733 28.8063 27.1829 23.0677 25.8253 24.3924
threshold=0.0096308434330941734 12.130312476856242 -6.0575787848060447e-05 0.0065610545076010959 0.0084033613432668037 7.6607142857142874 0.016967145273309562 0.021978021973810605 0.28013562173461731 0.28395061727586651 50992850.000000007 -0.019607822144930395 -0.015784283193190082 0.054794520537108322 0.0015145336023745695 33.848100325124889 0.021601900530013457 -971549.99999999988 0.16135382270746026 35.112589845595387 1.0000000180025095e-35 1.0000000180025095e-35 0.0079986673264509939 30482750.000000004 -0.0029793725553251145 -0.1964285714333546 0.12500000000000003 -332949.99999999994 0.0054945054943293893 0.03374367813051548
decision_type=10 2 10 8 10 10 10 10 2 10 2 10 8 8 10 2 10 2 8 2 2 2 8 2 10 10 10 2 10 10
left_child=2 -2 3 5 24 -1 -3 8 9 11 -11 -5 -9 14 22 16 17 -15 -18 21 -21 -17 -8 -24 27 26 -26 28 -4 -30
right_child=1 6 4 7 -6 -7 13 12 -10 10 -12 -13 -14 15 -16 19 18 -19 -20 20 -22 -23 23 -25 25 -27 -28 -29 29 -31
leaf_value=-0.015576778408068259 -0.014498869959298551 -0.0022601702062691412 0.04618127530710267 0.002273732029875485 -0.0055355209057457383 0.014597520245979833 -0.0082685383888645037 0.013165258780674016 -0.007469376940344598 -0.00112073786091612 0.0095555297232782881 -0.0015770292302095567 -0.0023094973809109224 0.046103946078894967 0.027270991217447117 -0.003030321074455155 -0.0086434261300933502 0.0044408066612298637 0.0067817378976861983 -0.0033870284109211841 0.0013698197213517687 -0.032797634098287828 0.00031058115169865699 0.014841516120067413 -0.034624483097208572 0.0033000574292254736 -0.0031137100283080712 0.003171072445366528 0.00420501630907694 0.033768255122817441
leaf_weight=144.96488771028817 90.389739744365215 3229.1550930589437 23.470912899821997 2129.2647800315171 281.38825262337923 20.564129609614611 90.448564945720136 167.30802479013801 351.07590969279408 410.7088888566941 443.41668370552361 5516.7063231887296 100.52864578180015 28.59441950917244 53.0995007250458 46.123450167477131 110.35586948692799 45.281748682260513 360.56061495840549 1312.571106120944 1874.6312444712967 32.169133216142654 215.61371595878154 143.08990596234798 25.269997319206595 2604.0891455067322 410.74141745083034 270.25622726231813 93.647384397685528 33.664787732064724
leaf_count=1052 521 22528 119 11641 2094 163 704 859 1817 2119 2583 39362 616 139 304 234 529 205 1883 8127 11116 159 1922 1230 255 20279 2670 1562 527 171
internal_value=-1.20285e-06 -0.000753141 0.000439124 -0.000288625 0.00224494 -0.011745 -0.000586096 -7.90748e-05 -0.000305292 -8.20057e-06 0.004423 -0.000504112 0.00735889 0.00066696 0.00581814 -1.26029e-05 0.00561103 0.0210073 0.00314995 -0.000953161 -0.000588678 -0.0155584 0.00322034 0.00614058 0.00287977 0.00210428 -0.0050219 0.0084538 0.0178193 0.012248
internal_weight=20659.2 7632.08 13027.1 9284.54 3742.53 165.529 7541.69 9119.01 8851.17 8500.1 854.126 7645.97 267.837 4312.54 502.252 3810.29 544.793 73.8762 470.916 3265.49 3187.2 78.2926 449.152 358.704 3461.14 3040.1 436.011 421.039 150.783 127.312
internal_count=137490 49601 87889 60212 27677 1215 49080 58997 57522 55705 4702 51003 1475 26552 4160 22392 2756 344 2412 19636 19243 393 3856 3152 25583 23204 2925 2379 817 698
is_linear=0
shrinkage=0.03


Tree=214
num_leaves=31
num_cat=0
split_feature=77 51 81 14 35 64 74 74 20 83 35 74 44 28 68 77 21 40 21 77 40 44 20 37 29 57 29 63 28 28
split_gain=7.51221 23.6139 26.0827 28.7531 26.5895 25.5387 39.9955 38.1706 27.1527 24.006 23.6002 33.7066 30.7815 23.5746 23.0187 23.7279 22.6769 40.7935 28.3422 24.9893 22.5766 29.049 21.8384 27.7572 25.8463 37.8639 37.755 21.8107 21.0132 40.5336
threshold=0.00029385104309876834 0.0085645521944726407 -0.00093302979085068912 -2.2474633265545659e-11 58.191757416048382 -8.7226230715476678 -6863399.9999999991 2334550.0000000005 -0.041666666673987211 0.0020154209305964757 3866.7014810068617 169051000.00000003 -0.034485678667561963 0.14285714284183676 -99.999999999652758 -0.0038944474871493505 0.053260741661186668 0.010146484029053384 0.075386854908500847 0.0025739920978164275 0.24598500077704258 0.051701344787920663 -0.28963081527125834 31.285942262855528 85.87489492574116 25.531914890828435 123.95174580390945 1.1877488520195125 0.2013889017762879 0.25999999999610007
decision_type=10 10 10 10 2 2 2 2 10 10 2 2 2 10 8 8 10 2 10 10 2 2 10 2 2 10 2 2 10 10
left_child=14 2 9 16 -5 6 8 20 -3 13 22 12 -12 -2 15 -1 17 19 -18 -4 21 -8 23 -7 25 -24 -26 -20 -9 -30
right_child=1 5 3 4 -6 10 7 28 -10 -11 11 -13 -14 -15 -16 -17 18 -19 27 -21 -22 -23 24 -25 26 -27 -28 -29 29 -31
leaf_value=0.0086293417561003703 -0.0095577926628298109 -0.013511882910749074 -0.003172057318721637 -0.020558151175975616 0.014787759758019273 0.010950976719886357 0.011049903011678472 -0.011552503337687361 0.021600956779855424 -0.033210918618383406 0.015272191687464161 0.021226867005125376 -0.018668670481659145 0.027355555807437561 0.00063854607902164137 -0.025689247587992698 0.05086680879379997 -0.027336942149349463 0.024088289964509572 0.032618164837511905 6.4360057010963103e-05 0.047242045043283887 0.033064350721953739 -0.0083477250564163302 0.004608280010476252 -0.0038934258105235292 -0.001028695337621932 -0.0076017213985089599 0.041865964760609324 0.0036439672306843021
leaf_weight=25.52392540872097 51.246982788667083 122.33761090785265 31.380575893446803 42.828969240188599 33.013166181743145 74.421208567917347 34.519369877874851 56.919292151927948 22.63324086368084 22.886323288083076 26.647872798144817 25.841417104005814 190.10834457725286 21.172245152294636 11185.527766113169 57.479523576796055 27.307903829962015 25.096998922526836 81.775544214993715 38.003997758030891 24.654321581125259 49.887515939772129 24.248094905167818 605.44485940691084 1458.9065898582339 2061.1061730599031 3995.2331365160644 24.890091426670551 27.913905061781406 186.97364140301943
leaf_count=125 400 735 344 333 197 390 202 326 116 120 158 133 1120 100 75915 302 206 231 408 381 133 256 117 4052 9595 15461 24361 130 145 998
internal_value=-1.16863e-06 -0.000628099 0.00649765 0.0107832 -0.00514124 -0.000945935 0.00546184 0.0105626 -0.00789899 -0.00712439 -0.00134508 -0.0105491 -0.0144313 0.00141881 0.000520847 -0.0151233 0.0160823 0.00471414 0.0239828 0.0165736 0.0254783 0.0327786 -0.0010718 -0.00621781 -0.000606604 -0.00344661 0.000479136 0.0166637 0.00449536 0.00879383
internal_weight=20655.9 9387.4 399.603 304.297 75.8421 8987.8 525.839 380.868 144.971 95.3056 8461.96 242.598 216.756 72.4192 11268.5 83.0034 228.455 94.4816 133.974 69.3846 109.061 84.4069 8219.36 679.866 7539.49 2085.35 5454.14 106.666 271.807 214.888
internal_count=137490 61148 2850 2230 530 58298 2911 2060 851 620 55387 1411 1278 500 76342 427 1700 956 744 725 591 458 53976 4442 49534 15578 33956 538 1469 1143
is_linear=0
shrinkage=0.03


Tree=215
num_leaves=31
num_cat=0
split_feature=13 8 50 74 74 8 29 8 33 66 46 12 16 76 24 15 49 70 26 39 51 48 78 17 73 69 7 28 51 45
split_gain=7.48023 27.2403 16.4562 21.265 16.6382 14.4313 18.5971 14.9271 16.5969 14.5415 16.6541 14.3499 14.3134 16.0555 14.8942 13.887 16.1873 13.692 13.2431 12.0959 12.5697 16.3916 12.0013 11.8503 28.2312 27.389 18.3032 16.7996 18.7742 16.022
threshold=0.056079664569634889 0.019607843137198839 4.2247145516531814 14578800.000000002 -276199.99999999994 0.017857142857009994 55.414712542293785 0.015873015872826912 113.54531162959755 18.421052631215378 37.214285714285722 0.65039682539682553 0.15317232125675681 -0.0043628166040679539 0.0948748239513868 0.078260869558185245 0.026600985221537293 0.3661788493457086 0.14285714285668916 143.69234645175766 0.02587320473114647 2.0786969321114683 2.8120095515119914 -0.072000000005567985 13.266292263113737 0.0012911021820045867 0.0058823529367387781 0.089820359281248888 0.009113941912947723 0.53385521942066738
decision_type=8 10 10 2 2 10 2 10 2 10 10 10 10 8 10 10 10 10 10 2 8 10 10 8 2 8 10 8 10 2
left_child=1 12 3 4 -3 7 -7 22 -9 18 -11 -8 13 -1 15 16 -14 -16 -10 20 -5 -22 23 27 25 -25 -26 28 -2 -29
right_child=5 2 -4 19 -6 6 11 8 9 10 -12 -13 14 -15 17 -17 -18 -19 -20 -21 21 -23 -24 24 26 -27 -28 29 -30 -31
leaf_value=-0.011905467672495314 -0.0084415293463782227 0.0076862507830863054 -0.00022617912187036603 -0.0025537918643542693 0.022304091678772106 -0.014444368277193104 -0.00078928257510803323 -0.0093761640106101614 -0.013263673939253628 0.011560651775001894 -0.0037322575386959833 -0.006044239855359069 0.0020151376159350952 -0.0013225490057187268 0.00064096315630670991 -0.012827312146316069 0.016369814922772844 -0.01069827051319798 0.012742310942280198 0.020642662381127195 0.019491792944557496 0.0019793979993236849 0.019960003088549557 0.0003635163321077014 0.0010437209353367314 -0.0076867135704386282 -0.0051318504187084796 0.001087070937898679 0.024254689854231942 -0.011836973936402248
leaf_weight=183.67798113450408 21.35892977938056 167.42828615009785 360.63377250730991 230.41060548275709 122.86297788470984 97.914376893080771 4732.0769782792777 63.36940161511302 54.283180385828018 364.7056840211153 76.868103675544262 518.3893214315176 1289.0215178467333 431.76339491829276 213.71097052097321 52.083422392606735 73.935433641076088 171.93147857487202 24.8539979159832 34.205123379826546 68.730609402060509 157.46946676075459 26.266661090776324 649.5716321002692 3872.3504063468426 914.1628788895905 485.07570710591972 5054.6161037553102 54.405420087277889 86.802206564694643
leaf_count=1152 156 872 1783 1226 625 2714 32650 1362 348 2543 444 4590 8480 2587 1169 303 408 896 150 171 338 762 276 4533 27105 7811 3360 27943 311 422
internal_value=-1.07092e-06 0.00125009 0.0050668 0.00751155 0.0139387 -0.000261668 -0.00155341 0.000326203 0.00499729 0.00676688 0.0088893 -0.00130974 -0.000553609 -0.00450007 0.000795305 0.00222122 0.00280746 -0.00442126 -0.00500165 0.0036835 0.00236418 0.00737609 8.11392e-05 3.22035e-05 -0.000885973 -0.00434265 0.000354538 0.00107482 0.0150082 0.000866032
internal_weight=20654.9 3557.87 1141.74 781.107 290.291 17097.1 5348.38 11748.7 584.08 520.711 441.574 5250.47 2416.12 615.441 1800.68 1415.04 1362.96 385.642 79.1372 490.816 456.611 226.2 11164.6 11138.3 5921.16 1563.73 4357.43 5217.18 75.7643 5141.42
internal_count=137490 20772 5777 3994 1497 116718 39954 76764 4847 3485 2987 37240 14995 3739 11256 9191 8888 2065 498 2497 2326 1100 71917 71641 42809 12344 30465 28832 467 28365
is_linear=0
shrinkage=0.03


end of trees

feature_importances:
obv=381
obv_slope_50=214
donchian_width_50=201
ema_5=189
dist_from_high_100h=183
close_location_value=160
dist_from_low_100h=159
turnover_est=154
price_slope_50=152
ema_spread_50_200=144
range_position_100h=140
atr_28=132
dist_from_low_50h=124
ema_200=124
natr_28=122
return_1h=110
natr_14=103
obv_slope_20=102
donchian_width_20=100
ema_100=99
hour=97
candle_range_pct=96
dist_from_low_20h=96
volatility_std_20=95
ema_50=94
ema_10=93
dist_from_high_50h=92
bb_width=88
natr_7=87
rsi_28=85
dist_ema_200=83
volatility_std_5=82
vol_ratio_50=82
dist_ema_5=81
gap_1h=77
dist_from_high_20h=71
dist_ema_100=67
rsi_7=66
dist_ema_50=63
ema_spread_20_200=62
ema_20=61
macd=61
return_2h=59
range_position_50h=59
reversal_score_raw=58
atr_14=56
rsi_14=56
stoch_d=55
ema_spread_20_50=54
williams_r=54
range_position_20h=50
macd_signal=49
stoch_k=49
return_3h=48
return_5h=48
dist_ema_20=48
macd_hist=46
vol_ratio_20=46
obv_slope_5=45
lower_shadow_ratio=42
dist_ema_10=42
atr_7=38
day_of_week=38
momentum_accel=36
bb_percent_b=35
roc_6=34
price_slope_10=34
price_slope_20=33
roc_24=30
return_13h=27
ema_spread_10_50=27
upper_shadow_ratio=25
log_turnover=25
dow_cos=21
body_signed_ratio=20
roc_12=20
donchian_pos_50=19
macd_hist_pct_price=19
return_21h=18
volatility_ratio_5_20=17
dow_sin=16
ema_spread_5_20=15
hour_cos=14
return_8h=13
bearish_rejection_score=12
donchian_pos_20=11
roc_3=11
vol_ratio_5=7
bullish_rejection_score=6
price_slope_5=6
hour_sin=6
body_ratio=2

parameters:
[boosting: gbdt]
[objective: binary]
[metric: auc,binary_logloss]
[tree_learner: serial]
[device_type: cpu]
[data_sample_strategy: bagging]
[data: ]
[valid: ]
[num_iterations: 1500]
[learning_rate: 0.03]
[num_leaves: 31]
[num_threads: 16]
[seed: 42]
[deterministic: 0]
[force_col_wise: 0]
[force_row_wise: 0]
[histogram_pool_size: -1]
[max_depth: 7]
[min_data_in_leaf: 120]
[min_sum_hessian_in_leaf: 0.001]
[bagging_fraction: 0.9]
[pos_bagging_fraction: 1]
[neg_bagging_fraction: 1]
[bagging_freq: 0]
[bagging_seed: 400]
[bagging_by_query: 0]
[feature_fraction: 0.8]
[feature_fraction_bynode: 1]
[feature_fraction_seed: 30056]
[extra_trees: 0]
[extra_seed: 12879]
[early_stopping_round: 0]
[early_stopping_min_delta: 0]
[first_metric_only: 0]
[max_delta_step: 0]
[lambda_l1: 0.1]
[lambda_l2: 1]
[linear_lambda: 0]
[min_gain_to_split: 0]
[drop_rate: 0.1]
[max_drop: 50]
[skip_drop: 0.5]
[xgboost_dart_mode: 0]
[uniform_drop: 0]
[drop_seed: 17869]
[top_rate: 0.2]
[other_rate: 0.1]
[min_data_per_group: 100]
[max_cat_threshold: 32]
[cat_l2: 10]
[cat_smooth: 10]
[max_cat_to_onehot: 4]
[top_k: 20]
[monotone_constraints: ]
[monotone_constraints_method: basic]
[monotone_penalty: 0]
[feature_contri: ]
[forcedsplits_filename: ]
[refit_decay_rate: 0.9]
[cegb_tradeoff: 1]
[cegb_penalty_split: 0]
[cegb_penalty_feature_lazy: ]
[cegb_penalty_feature_coupled: ]
[path_smooth: 0]
[interaction_constraints: ]
[verbosity: -1]
[saved_feature_importance_type: 0]
[use_quantized_grad: 0]
[num_grad_quant_bins: 4]
[quant_train_renew_leaf: 0]
[stochastic_rounding: 1]
[linear_tree: 0]
[max_bin: 255]
[max_bin_by_feature: ]
[min_data_in_bin: 3]
[bin_construct_sample_cnt: 200000]
[data_random_seed: 175]
[is_enable_sparse: 1]
[enable_bundle: 1]
[use_missing: 1]
[zero_as_missing: 0]
[feature_pre_filter: 1]
[pre_partition: 0]
[two_round: 0]
[header: 0]
[label_column: ]
[weight_column: ]
[group_column: ]
[ignore_column: ]
[categorical_feature: ]
[forcedbins_filename: ]
[precise_float_parser: 0]
[parser_config_file: ]
[objective_seed: 16083]
[num_class: 1]
[is_unbalance: 0]
[scale_pos_weight: 1]
[sigmoid: 1]
[boost_from_average: 1]
[reg_sqrt: 0]
[alpha: 0.9]
[fair_c: 1]
[poisson_max_delta_step: 0.7]
[tweedie_variance_power: 1.5]
[lambdarank_truncation_level: 30]
[lambdarank_norm: 1]
[label_gain: ]
[lambdarank_position_bias_regularization: 0]
[eval_at: ]
[multi_error_top_k: 1]
[auc_mu_weights: ]
[num_machines: 1]
[local_listen_port: 12400]
[time_out: 120]
[machine_list_filename: ]
[machines: ]
[gpu_platform_id: -1]
[gpu_device_id: -1]
[gpu_device_id_list: ]
[gpu_use_dp: 0]
[num_gpu: 1]

end of parameters

pandas_categorical:[]
